# ----------------------------------------,,,,,,,,,,,,,,,,,,,,,,
# Corp Site Adult Learner,,,,,,,,,,,,,,,,,,,,,,
# Copy of CET Campaign Results-Free form 1,,,,,,,,,,,,,,,,,,,,,,
# 20250101-20250430,,,,,,,,,,,,,,,,,,,,,,
# ----------------------------------------,,,,,,,,,,,,,,,,,,,,,,
,,,,,,,,,,,,,,,,,,,,,,
,Segment,All Users,All Users,All Users,All Users,All Users,All Users,All Users,All Users,All Users,All Users,Totals,Totals,Totals,Totals,Totals,Totals,Totals,Totals,Totals,Totals,
Page path and screen class,First user campaign,Total users,New users,Active users,Returning users,Views,Sessions,Views per session,Average session duration,Bounce rate,Exits,Total users,New users,Active users,Returning users,Views,Sessions,Views per session,Average session duration,Bounce rate,Exits,
,,146503,135827,145473,26724,539229,205411,2.625122316,178.8779026,0.405990916,193467,146503,135827,145473,26724,539229,205411,2.625122316,178.8779026,0.405990916,193467,Grand total
/adult-learner,cet-q1-2025,18519,17658,18482,1543,26047,20957,1.242878275,58.79759295,0.378393854,13208,18519,17658,18482,1543,26047,20957,1.242878275,58.79759295,0.378393854,13208,
/adult-learner/find-a-course,(organic),12917,342,12895,4479,36340,18305,1.985249932,155.5137724,0.107347719,7467,12917,342,12895,4479,36340,18305,1.985249932,155.5137724,0.107347719,7467,
/adult-learner/skillsfuture-level-up,cet-q1-2025,12694,10169,12672,1056,16943,13726,1.234372723,67.96806246,0.329957744,8678,12694,10169,12672,1056,16943,13726,1.234372723,67.96806246,0.329957744,8678,
/adult-learner/find-a-course,cet-q1-2025,11982,1881,11974,2031,29659,14842,1.998315591,151.1036135,0.10766743,7582,11982,1881,11974,2031,29659,14842,1.998315591,151.1036135,0.10766743,7582,
/adult-learner,(direct),10344,6151,10178,2784,19262,13953,1.380491651,91.58664842,0.194151795,6894,10344,6151,10178,2784,19262,13953,1.380491651,91.58664842,0.194151795,6894,
/adult-learner/skillsfuture-credit,cet-q1-2025,10204,7415,10131,836,13927,11517,1.209255883,57.97418155,0.431188678,7655,10204,7415,10131,836,13927,11517,1.209255883,57.97418155,0.431188678,7655,
/adult-learner/find-a-course,(direct),8909,1559,8854,2521,31422,13764,2.282911944,148.9358839,0.156059285,5695,8909,1559,8854,2521,31422,13764,2.282911944,148.9358839,0.156059285,5695,
/adult-learner/course-types/part-time-diplomas-certificates,(organic),7871,5217,7842,2231,11798,10061,1.172646854,101.2909094,0.114302753,2497,7871,5217,7842,2231,11798,10061,1.172646854,101.2909094,0.114302753,2497,
/adult-learner/course-types/part-time-diplomas-certificates,cet-q1-2025,7179,4610,7167,586,8608,7951,1.082631116,41.91230328,0.489372406,4840,7179,4610,7167,586,8608,7951,1.082631116,41.91230328,0.489372406,4840,
/adult-learner,(organic),7165,802,6930,3390,12027,9200,1.307282609,102.0470546,0.126847826,3683,7165,802,6930,3390,12027,9200,1.307282609,102.0470546,0.126847826,3683,
/adult-learner/course-types/recommended/business,2025S1-sbm-acet,5814,5740,5802,477,8140,6609,1.231653805,68.3801091,0.329550613,4124,5814,5740,5802,477,8140,6609,1.231653805,68.3801091,0.329550613,4124,
/adult-learner/course-types/post-diploma-programmes,(organic),3526,1801,3519,994,5450,4099,1.329592584,70.87912382,0.082215174,897,3526,1801,3519,994,5450,4099,1.329592584,70.87912382,0.082215174,897,
/adult-learner/course-types/part-time-diplomas-certificates,(direct),2829,561,2787,916,4202,3565,1.178681627,89.29925108,0.13941094,1075,2829,561,2787,916,4202,3565,1.178681627,89.29925108,0.13941094,1075,
/adult-learner/course-types/short-courses,(organic),2573,1339,2562,634,3649,3089,1.181288443,94.00467751,0.155066365,1106,2573,1339,2562,634,3649,3089,1.181288443,94.00467751,0.155066365,1106,
/adult-learner/skillsfuture-level-up,(direct),2401,347,2383,550,3782,2990,1.264882943,82.97227741,0.115719064,797,2401,347,2383,550,3782,2990,1.264882943,82.97227741,0.115719064,797,
/adult-learner/skillsfuture-credit,(direct),2368,341,2351,526,3395,2930,1.158703072,63.57627895,0.193856655,809,2368,341,2351,526,3395,2930,1.158703072,63.57627895,0.193856655,809,
/adult-learner/course-detail/NYP-HSDP01/diploma-in-health-sciences-paramedicine,(organic),2193,1401,2176,584,3425,3000,1.141666667,121.7716957,0.236666667,2285,2193,1401,2176,584,3425,3000,1.141666667,121.7716957,0.236666667,2285,
/adult-learner,(not set),2157,1932,2154,282,3842,2551,1.506076049,121.8420252,0.402587221,1653,2157,1932,2154,282,3842,2551,1.506076049,121.8420252,0.402587221,1653,
/adult-learner/course-detail/NYP-DXSP09/specialist-diploma-in-spatial-design,1.20218E+17,1959,1957,1958,30,2097,2006,1.045363908,31.58481324,0.704885344,1918,1959,1957,1958,30,2097,2006,1.045363908,31.58481324,0.704885344,1918,
/adult-learner/course-types/work-study-post-diplomas,(organic),1931,1113,1913,626,2982,2422,1.231213873,120.148812,0.16597853,949,1931,1113,1913,626,2982,2422,1.231213873,120.148812,0.16597853,949,
/adult-learner/skillsfuture-credit,cet-q1-2025#sustainability,1812,1812,1812,32,1923,1872,1.02724359,8.980162396,0.893696581,1769,1812,1812,1812,32,1923,1872,1.02724359,8.980162396,0.893696581,1769,
/adult-learner/skillsfuture-credit,(organic),1780,238,1770,713,2365,2048,1.154785156,70.73370789,0.048339844,442,1780,238,1770,713,2365,2048,1.154785156,70.73370789,0.048339844,442,
/adult-learner/course-detail/NYP-DXSP07/specialist-diploma-in-user-experience-design-and-management,1.20218E+17,1713,1713,1711,38,1902,1837,1.035383778,26.21599664,0.774632553,1774,1713,1713,1711,38,1902,1837,1.035383778,26.21599664,0.774632553,1774,
/adult-learner/skillsfuture-level-up,(organic),1707,234,1691,778,2738,2170,1.261751152,85.33854928,0.05483871,542,1707,234,1691,778,2738,2170,1.261751152,85.33854928,0.05483871,542,
/adult-learner/skillsfuture-credit,cet-q1-2025#personal-development,1706,1695,1701,147,2466,2025,1.217777778,73.40979821,0.340740741,1421,1706,1695,1701,147,2466,2025,1.217777778,73.40979821,0.340740741,1421,
/adult-learner/course-types/short-courses,cet-q1-2025,1687,390,1683,299,2629,2026,1.2976308,122.5663668,0.120434353,789,1687,390,1683,299,2629,2026,1.2976308,122.5663668,0.120434353,789,
/adult-learner/course-types/recommended/artificial-intelligence,(organic),1415,1238,1407,271,2143,1778,1.205286839,107.0294822,0.226096738,875,1415,1238,1407,271,2143,1778,1.205286839,107.0294822,0.226096738,875,
/adult-learner/course-detail/NYP-DXSP04/specialist-diploma-in-augmented-reality-and-virtual-reality,1.20218E+17,1380,1380,1380,20,1462,1414,1.033946252,12.84415554,0.846534653,1349,1380,1380,1380,20,1462,1414,1.033946252,12.84415554,0.846534653,1349,
/adult-learner/course-types/short-courses,(direct),1371,173,1364,434,1917,1639,1.169615619,90.03883746,0.097010372,430,1371,173,1364,434,1917,1639,1.169615619,90.03883746,0.097010372,430,
/adult-learner/course-types/career-transition-conversion-programmes,(organic),1344,716,1339,410,1966,1658,1.185765983,92.85158802,0.094089264,401,1344,716,1339,410,1966,1658,1.185765983,92.85158802,0.094089264,401,
/adult-learner/course-detail/NYP-DXSP01/specialist-diploma-in-smart-project-and-facilities-management,1.20218E+17,1339,1336,1336,32,1453,1407,1.032693674,21.99826118,0.727789623,1360,1339,1336,1336,32,1453,1407,1.032693674,21.99826118,0.727789623,1360,
/adult-learner/course-types/post-diploma-programmes,(direct),1334,150,1331,467,2082,1672,1.245215311,57.69039506,0.089114833,334,1334,150,1331,467,2082,1672,1.245215311,57.69039506,0.089114833,334,
/adult-learner/course-detail/NYP-DXSP05/specialist-diploma-in-digital-media-production,1.20218E+17,1330,1326,1327,17,1407,1367,1.029261156,14.77512455,0.811265545,1319,1330,1326,1327,17,1407,1367,1.029261156,14.77512455,0.811265545,1319,
/adult-learner/course-detail/NYP-DXSP02/specialist-diploma-in-visual-effects,1.20218E+17,1316,1313,1315,43,1494,1412,1.058073654,22.54687178,0.770538244,1342,1316,1313,1315,43,1494,1412,1.058073654,22.54687178,0.770538244,1342,
/adult-learner/course-types/recommended/design-media,(direct),1290,1063,1281,120,1862,1700,1.095294118,69.55838512,0.744705882,1496,1290,1063,1281,120,1862,1700,1.095294118,69.55838512,0.744705882,1496,
/adult-learner/course-detail/NYP-DXSP03/specialist-diploma-in-service-experience-design-and-innovation,1.20218E+17,1274,1272,1272,21,1357,1315,1.031939163,14.03588291,0.84486692,1273,1274,1272,1272,21,1357,1315,1.031939163,14.03588291,0.84486692,1273,
/adult-learner/course-detail/NYP-DXSP06/specialist-diploma-in-digital-content-creation-for-e-commerce,1.20218E+17,1263,1258,1260,29,1354,1307,1.035960214,14.84523482,0.742157613,1222,1263,1258,1260,29,1354,1307,1.035960214,14.84523482,0.742157613,1222,
/adult-learner/course-detail/NYP-CLSP06/specialist-diploma-in-nutrition-science,(organic),1261,971,1256,272,1691,1556,1.086760925,125.5081728,0.265424165,1248,1261,971,1256,272,1691,1556,1.086760925,125.5081728,0.265424165,1248,
/adult-learner/find-a-course,(referral),1160,133,1159,320,3174,1597,1.987476518,181.4938161,0.099561678,657,1160,133,1159,320,3174,1597,1.987476518,181.4938161,0.099561678,657,
/adult-learner/course-types/work-study-certificates,(organic),1118,440,1114,382,1613,1358,1.187776141,127.3041837,0.103092784,411,1118,440,1114,382,1613,1358,1.187776141,127.3041837,0.103092784,411,
/adult-learner/skillsfuture-credit,cet-q1-2025#cybersecurity,1108,1106,1107,49,1386,1215,1.140740741,30.30356611,0.69218107,1048,1108,1106,1107,49,1386,1215,1.140740741,30.30356611,0.69218107,1048,
/adult-learner/course-types/work-study-post-diplomas,(referral),1079,1014,1075,171,1735,1387,1.250901226,122.9170292,0.179524153,669,1079,1014,1075,171,1735,1387,1.250901226,122.9170292,0.179524153,669,
/adult-learner/course-types/post-diploma-programmes/health-social-sciences,(organic),1047,51,1045,293,1359,1135,1.197356828,31.5536147,0.021145374,104,1047,51,1045,293,1359,1135,1.197356828,31.5536147,0.021145374,104,
/adult-learner/course-detail/NYP-BMSP13/specialist-diploma-in-human-resource-management,(organic),1030,699,1022,329,1615,1524,1.059711286,189.2026119,0.236220472,1114,1030,699,1022,329,1615,1524,1.059711286,189.2026119,0.236220472,1114,
/adult-learner/course-detail/NYP-BMDP04/diploma-in-business-practice-customer-relationship-and-service-management,(organic),978,161,977,360,1566,1348,1.161721068,177.9941472,0.132789318,842,978,161,977,360,1566,1348,1.161721068,177.9941472,0.132789318,842,
/adult-learner/skillsfuture-credit,cet-q1-2025#digital-marketing,974,972,972,38,1153,1068,1.079588015,26.87205066,0.805243446,963,974,972,972,38,1153,1068,1.079588015,26.87205066,0.805243446,963,
/adult-learner,(referral),961,488,936,237,1789,1416,1.263418079,120.3121611,0.280367232,732,961,488,936,237,1789,1416,1.263418079,120.3121611,0.280367232,732,
/adult-learner/course-types/post-diploma-programmes/information-technology,(organic),958,34,954,368,1374,1195,1.149790795,64.20639472,0.064435146,232,958,34,954,368,1374,1195,1.149790795,64.20639472,0.064435146,232,
/adult-learner/course-types/post-diploma-programmes/business-management,(organic),926,28,926,314,1280,1046,1.223709369,51.97607726,0.020076482,215,926,28,926,314,1280,1046,1.223709369,51.97607726,0.020076482,215,
/adult-learner/course-detail/NYP-BMDP05/diploma-in-business-practice-accounting,(organic),925,238,921,325,1399,1257,1.112967383,149.7673185,0.142402546,826,925,238,921,325,1399,1257,1.112967383,149.7673185,0.142402546,826,
/adult-learner/course-detail/NYP-CL1301/right-food-with-right-medicine-for-diabetes-and-heart-patients-synchronous-elearning,(organic),912,906,912,46,1030,967,1.065149948,57.48680576,0.345398139,945,912,906,912,46,1030,967,1.065149948,57.48680576,0.345398139,945,
/adult-learner/course-detail/NYP-ITDP04/diploma-in-infocomm-and-digital-media-it-network-and-system-administration-dinsa2,(organic),868,139,864,334,1316,1191,1.10495382,190.4345765,0.158690176,723,868,139,864,334,1316,1191,1.10495382,190.4345765,0.158690176,723,
/adult-learner/course-types/post-diploma-programmes,cet-q1-2025,865,60,865,160,1177,938,1.254797441,48.05762944,0.042643923,150,865,60,865,160,1177,938,1.254797441,48.05762944,0.042643923,150,
/adult-learner/course-detail/NYP-ITSP09/specialist-diploma-in-business-and-big-data-analytics,(organic),857,461,852,304,1234,1179,1.046649703,152.7997804,0.222222222,766,857,461,852,304,1234,1179,1.046649703,152.7997804,0.222222222,766,
/adult-learner/course-types/career-transition-conversion-programmes,(direct),787,117,784,228,1020,930,1.096774194,119.9018013,0.090322581,215,787,117,784,228,1020,930,1.096774194,119.9018013,0.090322581,215,
/adult-learner/course-detail/NYP-BMDP06/diploma-in-business-practice-supply-chain-management,(organic),761,180,760,251,1123,989,1.135490394,119.8748376,0.141557128,580,761,180,760,251,1123,989,1.135490394,119.8748376,0.141557128,580,
/adult-learner/course-types/work-study-post-diplomas,(direct),759,167,750,301,1106,946,1.169133192,120.1602601,0.155391121,328,759,167,750,301,1106,946,1.169133192,120.1602601,0.155391121,328,
/adult-learner/funding/financial-matters-assistance,(direct),755,307,746,255,1060,941,1.126461211,106.3497059,0.265674814,627,755,307,746,255,1060,941,1.126461211,106.3497059,0.265674814,627,
/adult-learner/course-types/post-diploma-programmes/engineering,(organic),740,20,738,303,1069,903,1.183831672,107.1873851,0.062015504,243,740,20,738,303,1069,903,1.183831672,107.1873851,0.062015504,243,
/adult-learner/course-detail/NYP-CL0897/tcm-and-your-immune-system-boosting-your-immunity-with-ideas-from-east-and-west,(organic),726,561,724,97,928,841,1.103448276,107.3972054,0.171224732,671,726,561,724,97,928,841,1.103448276,107.3972054,0.171224732,671,
/adult-learner/course-types/post-diploma-programmes/applied-science,(organic),714,12,714,264,961,792,1.213383838,50.95737101,0.03030303,158,714,12,714,264,961,792,1.213383838,50.95737101,0.03030303,158,
/adult-learner/course-detail/NYP-EGDP06/diploma-in-engineering-electronic-and-digital-engineering,(organic),686,107,684,219,930,865,1.075144509,116.5983368,0.121387283,500,686,107,684,219,930,865,1.075144509,116.5983368,0.121387283,500,
/adult-learner/skillsfuture-credit,cet-q1-2025#engineering,683,682,682,19,785,729,1.076817558,19.83158425,0.680384088,644,683,682,682,19,785,729,1.076817558,19.83158425,0.680384088,644,
/adult-learner/course-detail/NYP-HSAF42/advanced-diploma-in-nursing-medical-surgical-adms1,(organic),676,438,671,172,936,838,1.116945107,107.7069421,0.229116945,515,676,438,671,172,936,838,1.116945107,107.7069421,0.229116945,515,
/adult-learner/course-types/career-transition-conversion-programmes,cet-q1-2025,659,124,659,166,880,768,1.145833333,86.45449014,0.08984375,202,659,124,659,166,880,768,1.145833333,86.45449014,0.08984375,202,
/adult-learner/course-types/post-diploma-programmes/business-management,(direct),653,66,652,200,787,707,1.113154173,36.47685301,0.042432815,175,653,66,652,200,787,707,1.113154173,36.47685301,0.042432815,175,
/adult-learner/course-detail/NYP-CE231001/building-artificial-intelligence-ai-applications-from-end-to-end-classroom-and-synchronous-e-learning,cet-q1-2025,646,0,646,137,775,717,1.080892608,71.36039501,0.016736402,234,646,0,646,137,775,717,1.080892608,71.36039501,0.016736402,234,
/adult-learner/find-a-course,(not set),627,11,627,214,6401,948,6.752109705,505.9169373,0.103375527,375,627,11,627,214,6401,948,6.752109705,505.9169373,0.103375527,375,
/adult-learner/course-detail/NYP-HSDP01/diploma-in-health-sciences-paramedicine,(direct),622,133,615,174,824,761,1.082785808,108.6577883,0.181340342,375,622,133,615,174,824,761,1.082785808,108.6577883,0.181340342,375,
/adult-learner/course-types/work-study-certificates,(direct),614,123,606,184,779,709,1.098730606,89.55878309,0.100141044,216,614,123,606,184,779,709,1.098730606,89.55878309,0.100141044,216,
/adult-learner/course-detail/NYP-BMDP07/diploma-in-business-practice-hospitality-and-tourism-management,(organic),608,54,607,252,969,847,1.14403778,108.803321,0.107438017,501,608,54,607,252,969,847,1.14403778,108.803321,0.107438017,501,
/adult-learner/course-types/post-diploma-programmes/information-technology,(direct),607,64,605,197,808,718,1.125348189,47.92695262,0.077994429,171,607,64,605,197,808,718,1.125348189,47.92695262,0.077994429,171,
/adult-learner/course-types/recommended/business,(direct),596,127,583,200,849,662,1.282477341,116.0312086,0.134441088,298,596,127,583,200,849,662,1.282477341,116.0312086,0.134441088,298,
/adult-learner/find-a-course,cet-q1-2025#personal-development,592,0,592,105,1056,674,1.566765579,172.8516157,0.013353116,289,592,0,592,105,1056,674,1.566765579,172.8516157,0.013353116,289,
/adult-learner/funding/incentives,(direct),591,59,590,169,763,667,1.143928036,49.63447438,0.062968516,325,591,59,590,169,763,667,1.143928036,49.63447438,0.062968516,325,
/adult-learner/course-types/post-diploma-programmes/engineering,(direct),586,68,585,198,734,657,1.117199391,53.76800949,0.065449011,182,586,68,585,198,734,657,1.117199391,53.76800949,0.065449011,182,
/adult-learner/course-detail/NYP-CLDP01/diploma-in-applied-science-food-technology,(organic),582,173,579,204,751,691,1.08683068,97.2749854,0.127351664,383,582,173,579,204,751,691,1.08683068,97.2749854,0.127351664,383,
/adult-learner/course-types/recommended/business,(organic),578,29,537,375,873,664,1.314759036,160.5056617,0.165662651,343,578,29,537,375,873,664,1.314759036,160.5056617,0.165662651,343,
/adult-learner/find-a-course,2025S1-sbm-acet,560,3,560,202,1694,745,2.273825503,148.8694425,0.073825503,315,560,3,560,202,1694,745,2.273825503,148.8694425,0.073825503,315,
/adult-learner/course-detail/NYP-DXSP01/specialist-diploma-in-smart-project-and-facilities-management,(organic),559,415,556,130,766,680,1.126470588,141.0302224,0.227941176,525,559,415,556,130,766,680,1.126470588,141.0302224,0.227941176,525,
/adult-learner/course-types/post-diploma-programmes/applied-science,(direct),555,86,553,156,649,599,1.083472454,39.29478279,0.053422371,161,555,86,553,156,649,599,1.083472454,39.29478279,0.053422371,161,
/adult-learner/funding/financial-matters-assistance,(organic),552,230,530,257,820,656,1.25,111.6290638,0.213414634,499,552,230,530,257,820,656,1.25,111.6290638,0.213414634,499,
/adult-learner/course-detail/NYP-HSDP01/diploma-in-health-sciences-paramedicine,cet-q1-2025,543,1,542,96,652,596,1.093959732,65.00066583,0.040268456,243,543,1,542,96,652,596,1.093959732,65.00066583,0.040268456,243,
/adult-learner/course-detail/NYP-HSAP11/advanced-diploma-in-nursing-management,(organic),541,336,539,140,743,671,1.107302534,121.9376387,0.174366617,377,541,336,539,140,743,671,1.107302534,121.9376387,0.174366617,377,
/adult-learner/course-types/recommended/green-economy,(direct),538,222,536,107,672,642,1.046728972,63.24146001,0.253894081,243,538,222,536,107,672,642,1.046728972,63.24146001,0.253894081,243,
/adult-learner/course-detail/NYP-HSCP07/certificate-in-bridging-studies-for-enrolled-nurse,(organic),535,419,532,167,868,772,1.124352332,201.1960944,0.310880829,680,535,419,532,167,868,772,1.124352332,201.1960944,0.310880829,680,
/adult-learner/course-detail/NYP-EGDP07/diploma-in-engineering-public-transport-operations,(organic),522,102,522,174,755,661,1.142208775,105.5594804,0.161875946,346,522,102,522,174,755,661,1.142208775,105.5594804,0.161875946,346,
/adult-learner/course-detail/NYP-BMSP16/specialist-diploma-in-fund-management-and-administration,(organic),519,294,519,186,801,753,1.06374502,163.0216785,0.22310757,522,519,294,519,186,801,753,1.06374502,163.0216785,0.22310757,522,
/adult-learner/course-detail/NYP-BMDP04/diploma-in-business-practice-customer-relationship-and-service-management,(direct),513,77,508,127,711,647,1.098918083,197.8898931,0.142194745,280,513,77,508,127,711,647,1.098918083,197.8898931,0.142194745,280,
/adult-learner/course-types/recommended/applied-science,1.20217E+17,513,513,513,2,516,516,1,2.518798331,0.984496124,514,513,513,513,2,516,516,1,2.518798331,0.984496124,514,
/adult-learner/course-types/post-diploma-programmes/health-social-sciences,(direct),505,41,505,100,581,535,1.085981308,18.0395852,0.035514019,46,505,41,505,100,581,535,1.085981308,18.0395852,0.035514019,46,
/adult-learner/funding/incentives,(organic),501,104,496,191,642,560,1.146428571,88.73328603,0.094642857,279,501,104,496,191,642,560,1.146428571,88.73328603,0.094642857,279,
/adult-learner/course-types/post-diploma-programmes/design-media,(direct),487,66,486,127,594,544,1.091911765,46.23157332,0.051470588,155,487,66,486,127,594,544,1.091911765,46.23157332,0.051470588,155,
/adult-learner/course-detail/NYP-CB243001/sctp-certificate-in-digital-marketing-and-content-curation,cet-q1-2025,484,0,484,94,622,551,1.128856624,111.8690572,0.054446461,218,484,0,484,94,622,551,1.128856624,111.8690572,0.054446461,218,
/adult-learner/course-types/post-diploma-programmes/design-media,(organic),484,21,483,180,717,596,1.203020134,61.53830413,0.072147651,164,484,21,483,180,717,596,1.203020134,61.53830413,0.072147651,164,
/adult-learner/course-types/recommended/applied-science,1.20217E+17,480,480,480,0,481,482,0.997925311,3.771712983,0.979253112,477,480,480,480,0,481,482,0.997925311,3.771712983,0.979253112,477,
/adult-learner/course-detail/NYP-ITDP04/diploma-in-infocomm-and-digital-media-it-network-and-system-administration-dinsa2,(direct),479,86,478,110,625,579,1.079447323,74.47305415,0.18134715,253,479,86,478,110,625,579,1.079447323,74.47305415,0.18134715,253,
/adult-learner/course-detail/NYP-BMSP21/specialist-diploma-in-hr-analytics-and-digitalisation,(organic),477,194,476,195,721,683,1.055636896,170.4757689,0.175695461,441,477,194,476,195,721,683,1.055636896,170.4757689,0.175695461,441,
/adult-learner/course-detail/NYP-ITSP13/specialist-diploma-in-cybersecurity-pcm,(organic),475,167,475,200,749,717,1.044630404,139.5242279,0.211994421,442,475,167,475,200,749,717,1.044630404,139.5242279,0.211994421,442,
/adult-learner/course-detail/NYP-CLSP06/specialist-diploma-in-nutrition-science,(direct),469,139,468,92,579,539,1.074211503,99.95752875,0.165120594,257,469,139,468,92,579,539,1.074211503,99.95752875,0.165120594,257,
/adult-learner/course-detail/NYP-BMSP20/specialist-diploma-in-wholesale-and-trade-management,(direct),462,232,460,36,505,488,1.034836066,24.39249426,0.456967213,268,462,232,460,36,505,488,1.034836066,24.39249426,0.456967213,268,
/adult-learner/funding/bursary-part-time-diploma,(direct),461,123,457,122,582,548,1.062043796,80.46145251,0.239051095,295,461,123,457,122,582,548,1.062043796,80.46145251,0.239051095,295,
/adult-learner/course-detail/NYP-DXSP06/specialist-diploma-in-digital-content-creation-for-e-commerce,(organic),460,317,458,104,572,548,1.04379562,96.67465616,0.282846715,391,460,317,458,104,572,548,1.04379562,96.67465616,0.282846715,391,
/adult-learner/course-detail/NYP-BMDP05/diploma-in-business-practice-accounting,(direct),455,64,453,120,615,558,1.102150538,95.55831274,0.120071685,269,455,64,453,120,615,558,1.102150538,95.55831274,0.120071685,269,
/adult-learner/course-types/recommended/applied-science,1.20217E+17,451,451,451,0,457,453,1.008830022,1.196461737,0.971302428,450,451,451,451,0,457,453,1.008830022,1.196461737,0.971302428,450,
/adult-learner/course-detail/NYP-BMSP13/specialist-diploma-in-human-resource-management,(direct),435,79,433,119,690,642,1.074766355,108.0693458,0.241433022,357,435,79,433,119,690,642,1.074766355,108.0693458,0.241433022,357,
/adult-learner/course-detail/NYP-BMDP06/diploma-in-business-practice-supply-chain-management,(direct),434,72,430,101,539,505,1.067326733,128.0053847,0.130693069,190,434,72,430,101,539,505,1.067326733,128.0053847,0.130693069,190,
/adult-learner/course-detail/NYP-HSAF21/advanced-diploma-in-nursing-midwifery,(organic),427,352,424,82,570,517,1.102514507,100.0815168,0.400386847,428,427,352,424,82,570,517,1.102514507,100.0815168,0.400386847,428,
/adult-learner/course-detail/NYP-CLDP01/diploma-in-applied-science-food-technology,(direct),420,85,419,89,483,457,1.056892779,50.38701458,0.098468271,175,420,85,419,89,483,457,1.056892779,50.38701458,0.098468271,175,
/adult-learner/course-types/work-study-post-diplomas,cet-q1-2025,419,45,414,96,582,487,1.195071869,103.3357556,0.088295688,165,419,45,414,96,582,487,1.195071869,103.3357556,0.088295688,165,
/adult-learner,2025S1-sbm-acet,412,5,401,152,691,483,1.430641822,97.56223818,0.074534161,202,412,5,401,152,691,483,1.430641822,97.56223818,0.074534161,202,
/adult-learner/course-detail/NYP-CB243001/sctp-certificate-in-digital-marketing-and-content-curation,(direct),412,31,411,81,527,485,1.086597938,73.54120124,0.096907216,151,412,31,411,81,527,485,1.086597938,73.54120124,0.096907216,151,
/adult-learner/course-detail/NYP-BMSP15/specialist-diploma-in-supply-chain-management,(organic),411,214,410,135,582,534,1.08988764,142.24902,0.166666667,343,411,214,410,135,582,534,1.08988764,142.24902,0.166666667,343,
/adult-learner/course-detail/NYP-BMDP07/diploma-in-business-practice-hospitality-and-tourism-management,(direct),407,65,405,90,511,461,1.10845987,74.49632929,0.106290672,175,407,65,405,90,511,461,1.10845987,74.49632929,0.106290672,175,
/adult-learner/course-detail/NYP-EGDP06/diploma-in-engineering-electronic-and-digital-engineering,(direct),403,38,398,99,536,489,1.096114519,136.4019916,0.112474438,190,403,38,398,99,536,489,1.096114519,136.4019916,0.112474438,190,
/adult-learner/course-detail/NYP-EGDP05/diploma-in-engineering-mechatronics,(organic),396,105,395,117,530,474,1.11814346,107.9184601,0.130801688,308,396,105,395,117,530,474,1.11814346,107.9184601,0.130801688,308,
/adult-learner/course-types/recommended/green-economy,cet-q1-2025,389,0,389,58,496,433,1.145496536,77.31202207,0.066974596,183,389,0,389,58,496,433,1.145496536,77.31202207,0.066974596,183,
/adult-learner/funding/bursary-part-time-diploma,(organic),386,144,379,170,549,470,1.168085106,103.5263624,0.210638298,317,386,144,379,170,549,470,1.168085106,103.5263624,0.210638298,317,
/adult-learner/course-detail/NYP-BMDP04/diploma-in-business-practice-customer-relationship-and-service-management,cet-q1-2025,382,2,381,67,513,440,1.165909091,90.96687226,0.034090909,217,382,2,381,67,513,440,1.165909091,90.96687226,0.034090909,217,
/adult-learner/course-detail/NYP-CB1579/ai-for-business-communication,(organic),379,125,379,84,494,464,1.064655172,143.3892986,0.144396552,273,379,125,379,84,494,464,1.064655172,143.3892986,0.144396552,273,
/adult-learner/course-detail/NYP-CI241004/project-management-professional-synchronous-e-learning,(organic),378,333,377,78,506,525,0.963809524,138.7261975,0.325714286,437,378,333,377,78,506,525,0.963809524,138.7261975,0.325714286,437,
/adult-learner/course-detail/NYP-DXSP01/specialist-diploma-in-smart-project-and-facilities-management,(direct),377,113,367,71,468,444,1.054054054,53.00511169,0.204954955,214,377,113,367,71,468,444,1.054054054,53.00511169,0.204954955,214,
/adult-learner/course-detail/NYP-CB1579/ai-for-business-communication,cet-q1-2025,375,1,375,76,439,410,1.070731707,52.26103704,0.024390244,139,375,1,375,76,439,410,1.070731707,52.26103704,0.024390244,139,
/adult-learner/find-a-course,2024S2-sbm-acet,375,193,375,58,912,445,2.049438202,103.9940221,0.164044944,269,375,193,375,58,912,445,2.049438202,103.9940221,0.164044944,269,
/adult-learner/course-detail/NYP-ITSP09/specialist-diploma-in-business-and-big-data-analytics,(direct),374,53,371,92,464,451,1.028824834,296.4479331,0.119733925,171,374,53,371,92,464,451,1.028824834,296.4479331,0.119733925,171,
/adult-learner/course-types/recommended/augmented-virtual-reality,(direct),374,151,374,4,378,377,1.00265252,3.66020439,0.180371353,148,374,151,374,4,378,377,1.00265252,3.66020439,0.180371353,148,
/adult-learner/course-detail/NYP-BMSP13/specialist-diploma-in-human-resource-management,2025S1-sbm-acet,373,1,373,75,518,453,1.143487859,138.6191163,0.075055188,295,373,1,373,75,518,453,1.143487859,138.6191163,0.075055188,295,
/adult-learner/course-detail/NYP-EGSP18/specialist-diploma-in-biomedical-and-pharmaceutical-engineering,(organic),370,169,369,147,465,468,0.993589744,128.1148774,0.222222222,313,370,169,369,147,465,468,0.993589744,128.1148774,0.222222222,313,
/adult-learner/course-detail/NYP-ITSP12/specialist-diploma-in-applied-artificial-intelligence-pcm,(organic),368,113,367,163,561,540,1.038888889,283.4798478,0.181481481,324,368,113,367,163,561,540,1.038888889,283.4798478,0.181481481,324,
/adult-learner/course-types/recommended/artificial-intelligence,(direct),368,97,363,65,474,410,1.156097561,59.99359014,0.129268293,90,368,97,363,65,474,410,1.156097561,59.99359014,0.129268293,90,
/adult-learner/course-detail/NYP-BMSP21/specialist-diploma-in-hr-analytics-and-digitalisation,(direct),365,72,365,80,464,435,1.066666667,61.58241096,0.140229885,164,365,72,365,80,464,435,1.066666667,61.58241096,0.140229885,164,
/adult-learner/course-detail/NYP-DXSP07/specialist-diploma-in-user-experience-design-and-management,(direct),363,92,351,68,437,409,1.068459658,39.50314269,0.19804401,162,363,92,351,68,437,409,1.068459658,39.50314269,0.19804401,162,
/adult-learner/course-detail/NYP-HSSP14/specialist-diploma-in-clinical-education,(organic),363,173,359,131,533,503,1.059642147,126.0472838,0.236580517,339,363,173,359,131,533,503,1.059642147,126.0472838,0.236580517,339,
/adult-learner/course-detail/NYP-HSSP18/specialist-diploma-in-nursing-gerontology,(organic),361,151,360,117,471,429,1.097902098,168.1486622,0.146853147,240,361,151,360,117,471,429,1.097902098,168.1486622,0.146853147,240,
/adult-learner/course-detail/NYP-WSCY02_801/sctp-certificate-in-food-services-pastry-and-baking-part-time,cet-q1-2025,359,0,359,54,443,394,1.124365482,70.33980739,0.040609137,137,359,0,359,54,443,394,1.124365482,70.33980739,0.040609137,137,
/adult-learner/course-detail/NYP-ASSP01/specialist-diploma-in-environmental-management-and-applied-water-technology,(direct),356,96,335,57,415,394,1.053299492,48.54969322,0.19035533,146,356,96,335,57,415,394,1.053299492,48.54969322,0.19035533,146,
/adult-learner/course-detail/NYP-ASAP01/advanced-diploma-in-pharmaceutical-sciences,(organic),355,139,352,117,452,420,1.076190476,137.0371331,0.142857143,266,355,139,352,117,452,420,1.076190476,137.0371331,0.142857143,266,
/adult-learner/course-detail/NYP-DXSP05/specialist-diploma-in-digital-media-production,(organic),354,187,352,98,472,435,1.085057471,99.568479,0.285057471,297,354,187,352,98,472,435,1.085057471,99.568479,0.285057471,297,
/adult-learner/course-types/work-study-certificates,cet-q1-2025,354,55,352,72,429,386,1.111398964,73.47870921,0.103626943,110,354,55,352,72,429,386,1.111398964,73.47870921,0.103626943,110,
/adult-learner/course-detail/NYP-CX241003/storytelling-using-generative-artificial-intelligence,cet-q1-2025,353,1,353,72,458,393,1.165394402,60.09308405,0.03307888,136,353,1,353,72,458,393,1.165394402,60.09308405,0.03307888,136,
/adult-learner/course-detail/NYP-EGDP07/diploma-in-engineering-public-transport-operations,(direct),352,60,350,60,473,434,1.089861751,77.78046497,0.140552995,159,352,60,350,60,473,434,1.089861751,77.78046497,0.140552995,159,
/adult-learner/course-types/part-time-diplomas-certificates,oh2025,349,251,346,86,480,419,1.145584726,81.2776191,0.202863962,160,349,251,346,86,480,419,1.145584726,81.2776191,0.202863962,160,
/adult-learner/course-detail/NYP-ASSP01/specialist-diploma-in-environmental-management-and-applied-water-technology,(organic),346,197,343,104,447,417,1.071942446,121.366318,0.213429257,274,346,197,343,104,447,417,1.071942446,121.366318,0.213429257,274,
/adult-learner/course-detail/NYP-CE231001/building-artificial-intelligence-ai-applications-from-end-to-end-classroom-and-synchronous-e-learning,(direct),346,68,345,62,406,397,1.022670025,41.47967979,0.161209068,121,346,68,345,62,406,397,1.022670025,41.47967979,0.161209068,121,
/adult-learner/course-detail/NYP-DXSP03/specialist-diploma-in-service-experience-design-and-innovation,(organic),345,177,343,96,422,405,1.041975309,211.6799321,0.259259259,234,345,177,343,96,422,405,1.041975309,211.6799321,0.259259259,234,
/adult-learner/course-types/short-courses/singapore-customs-courses-businesses,(referral),344,319,342,75,613,466,1.315450644,145.2806077,0.126609442,106,344,319,342,75,613,466,1.315450644,145.2806077,0.126609442,106,
/adult-learner/find-a-course,oh2025,344,1,344,156,1010,457,2.210065646,161.0527158,0.072210066,198,344,1,344,156,1010,457,2.210065646,161.0527158,0.072210066,198,
/adult-learner/course-detail/NYP-DXSP07/specialist-diploma-in-user-experience-design-and-management,(organic),342,213,341,111,490,454,1.079295154,162.8079928,0.244493392,319,342,213,341,111,490,454,1.079295154,162.8079928,0.244493392,319,
/adult-learner/course-detail/NYP-EGDP06/diploma-in-engineering-electronic-and-digital-engineering,cet-q1-2025,341,1,341,67,457,405,1.128395062,96.24602293,0.024691358,187,341,1,341,67,457,405,1.128395062,96.24602293,0.024691358,187,
/adult-learner/course-detail/NYP-BMSP16/specialist-diploma-in-fund-management-and-administration,(direct),340,79,339,67,492,475,1.035789474,94.43030089,0.261052632,231,340,79,339,67,492,475,1.035789474,94.43030089,0.261052632,231,
/adult-learner/course-detail/NYP-EGDP04/diploma-in-engineering-aerospace-manufacturing,(organic),337,26,336,134,481,414,1.161835749,96.01160693,0.050724638,212,337,26,336,134,481,414,1.161835749,96.01160693,0.050724638,212,
/adult-learner/course-detail/NYP-ITLP01/work-study-certificate-leading-to-diploma-in-infocomm-and-digital-media-it-network-and-system-administration-dinsa2,(organic),337,47,337,146,521,447,1.165548098,113.9901395,0.102908277,237,337,47,337,146,521,447,1.165548098,113.9901395,0.102908277,237,
/adult-learner/course-detail/NYP-BMSP21/specialist-diploma-in-hr-analytics-and-digitalisation,2025S1-sbm-acet,330,2,330,52,423,365,1.15890411,71.38270407,0.046575342,232,330,2,330,52,423,365,1.15890411,71.38270407,0.046575342,232,
/adult-learner/course-detail/NYP-ITSP13/specialist-diploma-in-cybersecurity-pcm,(direct),330,34,330,72,441,421,1.047505938,72.73037897,0.13064133,161,330,34,330,72,441,421,1.047505938,72.73037897,0.13064133,161,
/adult-learner/course-detail/NYP-DXSP02/specialist-diploma-in-visual-effects,(direct),327,74,311,59,364,346,1.052023121,45.43607987,0.190751445,149,327,74,311,59,364,346,1.052023121,45.43607987,0.190751445,149,
/adult-learner/course-detail/NYP-BMSP15/specialist-diploma-in-supply-chain-management,(direct),325,46,325,71,389,365,1.065753425,57.25653044,0.095890411,128,325,46,325,71,389,365,1.065753425,57.25653044,0.095890411,128,
/adult-learner/course-detail/NYP-WSCY05_801/sctp-advanced-certificate-in-food-services-culinary-arts-part-time,cet-q1-2025,325,0,325,61,387,343,1.128279883,61.32008036,0.008746356,109,325,0,325,61,387,343,1.128279883,61.32008036,0.008746356,109,
/adult-learner/course-detail/NYP-BMDP05/diploma-in-business-practice-accounting,cet-q1-2025,323,1,323,72,453,390,1.161538462,106.2523964,0.043589744,225,323,1,323,72,453,390,1.161538462,106.2523964,0.043589744,225,
/adult-learner/course-detail/NYP-DXSP06/specialist-diploma-in-digital-content-creation-for-e-commerce,(direct),319,79,313,54,356,340,1.047058824,56.81775364,0.132352941,118,319,79,313,54,356,340,1.047058824,56.81775364,0.132352941,118,
/adult-learner/course-detail/NYP-CLSP07/specialist-diploma-in-clinical-research-management,(direct),317,89,316,37,351,333,1.054054054,31.94701182,0.12012012,117,317,89,316,37,351,333,1.054054054,31.94701182,0.12012012,117,
/adult-learner/course-detail/NYP-WSCY02_801/sctp-certificate-in-food-services-pastry-and-baking-part-time,(direct),317,29,315,33,349,337,1.035608309,29.43500042,0.03264095,48,317,29,315,33,349,337,1.035608309,29.43500042,0.03264095,48,
/adult-learner/course-detail/NYP-CX241003/storytelling-using-generative-artificial-intelligence,(direct),314,87,313,42,378,361,1.047091413,35.79523548,0.1966759,115,314,87,313,42,378,361,1.047091413,35.79523548,0.1966759,115,
/adult-learner/course-types/part-time-diplomas-certificates,2024S2-sbm-acet,313,281,312,36,421,373,1.128686327,63.12769276,0.198391421,159,313,281,312,36,421,373,1.128686327,63.12769276,0.198391421,159,
/adult-learner/course-detail/NYP-WSCY06_801/sctp-advanced-certificate-in-food-services-pastry-and-baking-part-time,cet-q1-2025,312,0,312,53,434,378,1.148148148,139.5592372,0.126984127,170,312,0,312,53,434,378,1.148148148,139.5592372,0.126984127,170,
/adult-learner/course-detail/NYP-CE1510/demystify-generative-artificial-intelligence,(direct),310,50,309,54,395,400,0.9875,79.37654336,0.135,123,310,50,309,54,395,400,0.9875,79.37654336,0.135,123,
/adult-learner/course-detail/NYP-CB1579/ai-for-business-communication,(direct),307,58,306,37,361,343,1.052478134,51.97590704,0.119533528,90,307,58,306,37,361,343,1.052478134,51.97590704,0.119533528,90,
/adult-learner/course-detail/NYP-HSAF35/advanced-diploma-in-nursing-palliative-care,(organic),306,170,305,94,433,378,1.145502646,151.232187,0.185185185,261,306,170,305,94,433,378,1.145502646,151.232187,0.185185185,261,
/adult-learner/course-detail/NYP-ITSPA1/post-diploma-certificate-in-business-analytics-part-of-specialist-diploma-in-business-and-big-data-analytics,(direct),306,34,305,49,340,334,1.017964072,45.3168197,0.056886228,78,306,34,305,49,340,334,1.017964072,45.3168197,0.056886228,78,
/adult-learner/course-types/part-time-diplomas-certificates,(referral),306,135,306,102,563,474,1.187763713,137.2440164,0.111814346,141,306,135,306,102,563,474,1.187763713,137.2440164,0.111814346,141,
/adult-learner/course-detail/NYP-ITSP12/specialist-diploma-in-applied-artificial-intelligence,(direct),304,57,302,86,511,472,1.082627119,112.6722952,0.205508475,243,304,57,302,86,511,472,1.082627119,112.6722952,0.205508475,243,
/adult-learner/course-types/recommended/green-economy,(organic),304,81,302,120,448,379,1.182058047,107.8389047,0.118733509,116,304,81,302,120,448,379,1.182058047,107.8389047,0.118733509,116,
/adult-learner/course-detail/NYP-DXSP05/specialist-diploma-in-digital-media-production,(direct),302,46,299,43,370,363,1.019283747,50.35109966,0.143250689,119,302,46,299,43,370,363,1.019283747,50.35109966,0.143250689,119,
/adult-learner/course-detail/NYP-ITSPA2/post-diploma-certificate-in-applied-data-science-part-of-specialist-diploma-in-business-and-big-data-analytics,(organic),301,36,301,120,375,365,1.02739726,76.43223991,0.117808219,143,301,36,301,120,375,365,1.02739726,76.43223991,0.117808219,143,
/adult-learner/course-detail/NYP-EGSPA4/post-diploma-certificate-in-sustainability-reporting-and-esg-data-management-part-of-specialist-diploma-in-carbon-management-for-sustainability-reporting,(direct),299,66,299,40,332,324,1.024691358,58.99765917,0.049382716,53,299,66,299,40,332,324,1.024691358,58.99765917,0.049382716,53,
/adult-learner/course-detail/NYP-ASAP01/advanced-diploma-in-pharmaceutical-sciences,(direct),297,29,296,51,330,320,1.03125,46.51049362,0.053125,94,297,29,296,51,330,320,1.03125,46.51049362,0.053125,94,
/adult-learner/course-detail/NYP-EGSP18/specialist-diploma-in-biomedical-and-pharmaceutical-engineering,(direct),297,37,297,75,371,345,1.075362319,60.04476563,0.101449275,130,297,37,297,75,371,345,1.075362319,60.04476563,0.101449275,130,
/adult-learner/course-detail/NYP-EGDP04/diploma-in-engineering-aerospace-manufacturing,(direct),296,22,295,54,366,349,1.048710602,41.7123338,0.103151862,105,296,22,295,54,366,349,1.048710602,41.7123338,0.103151862,105,
/adult-learner/course-detail/NYP-EGSP15/specialist-diploma-in-cloud-security-and-iot-cloud-services,(direct),296,55,296,41,345,323,1.068111455,41.74097696,0.046439628,83,296,55,296,41,345,323,1.068111455,41.74097696,0.046439628,83,
/adult-learner/course-detail/NYP-EGEP04/work-study-post-diploma-specialist-diploma-in-biomedical-and-pharmaceutical-engineering,(organic),295,46,294,111,448,365,1.22739726,91.87143109,0.128767123,187,295,46,294,111,448,365,1.22739726,91.87143109,0.128767123,187,
/adult-learner/course-detail/NYP-CB0553/sc101-customs-procedures,(organic),294,176,294,91,453,405,1.118518519,178.7571731,0.202469136,250,294,176,294,91,453,405,1.118518519,178.7571731,0.202469136,250,
/adult-learner/course-detail/NYP-CE231001/building-artificial-intelligence-ai-applications-from-end-to-end-classroom-and-synchronous-e-learning,(organic),290,20,290,101,376,359,1.04735376,578.6132533,0.125348189,150,290,20,290,101,376,359,1.04735376,578.6132533,0.125348189,150,
/adult-learner/course-detail/NYP-ITSP12/specialist-diploma-in-applied-artificial-intelligence,(organic),290,12,289,125,438,412,1.063106796,142.2474887,0.123786408,215,290,12,289,125,438,412,1.063106796,142.2474887,0.123786408,215,
/adult-learner/course-types/recommended/applied-science,1.20217E+17,286,286,286,0,287,286,1.003496503,1.753306129,0.972027972,285,286,286,286,0,287,286,1.003496503,1.753306129,0.972027972,285,
/adult-learner/course-detail/NYP-ITDP04/diploma-in-infocomm-and-digital-media-it-network-and-system-administration-dinsa2,cet-q1-2025,284,0,283,70,427,358,1.19273743,122.1609013,0.086592179,165,284,0,283,70,427,358,1.19273743,122.1609013,0.086592179,165,
/adult-learner/course-detail/NYP-CE1540/introduction-to-artificial-intelligence-and-machine-learning-synchronous-e-learning,(direct),283,26,283,32,307,307,1,37.61396874,0.055374593,48,283,26,283,32,307,307,1,37.61396874,0.055374593,48,
/adult-learner/course-detail/NYP-WSCY05_801/sctp-advanced-certificate-in-food-services-culinary-arts-part-time,(direct),283,49,283,25,300,295,1.016949153,26.91059099,0.044067797,41,283,49,283,25,300,295,1.016949153,26.91059099,0.044067797,41,
/adult-learner/course-detail/NYP-CB243001/sctp-certificate-in-digital-marketing-and-content-curation,(organic),282,46,279,117,392,363,1.079889807,133.651155,0.085399449,185,282,46,279,117,392,363,1.079889807,133.651155,0.085399449,185,
/adult-learner/course-detail/NYP-ITSPA1/post-diploma-certificate-in-business-analytics-part-of-specialist-diploma-in-business-and-big-data-analytics,(organic),282,46,282,113,369,352,1.048295455,115.0443154,0.105113636,142,282,46,282,113,369,352,1.048295455,115.0443154,0.105113636,142,
/adult-learner/course-detail/NYP-ITSPA2/post-diploma-certificate-in-applied-data-science-part-of-specialist-diploma-in-business-and-big-data-analytics,(direct),282,23,281,50,322,315,1.022222222,40.32136955,0.057142857,66,282,23,281,50,322,315,1.022222222,40.32136955,0.057142857,66,
/adult-learner/course-detail/NYP-CLSP07/specialist-diploma-in-clinical-research-management,(organic),281,135,280,92,381,349,1.091690544,113.6000896,0.17765043,213,281,135,280,92,381,349,1.091690544,113.6000896,0.17765043,213,
/adult-learner/course-detail/NYP-EGDP05/diploma-in-engineering-mechatronics,(direct),280,29,279,50,338,316,1.069620253,69.56383714,0.069620253,98,280,29,279,50,338,316,1.069620253,69.56383714,0.069620253,98,
/adult-learner/course-detail/NYP-HSAF42/advanced-diploma-in-nursing-medical-surgical-adms1,(direct),278,39,277,42,307,303,1.01320132,31.25431487,0.075907591,88,278,39,277,42,307,303,1.01320132,31.25431487,0.075907591,88,
/adult-learner/course-detail/NYP-ITLP01/work-study-certificate-leading-to-diploma-in-infocomm-and-digital-media-it-network-and-system-administration-dinsa2,(direct),278,28,278,43,367,345,1.063768116,61.06168999,0.136231884,102,278,28,278,43,367,345,1.063768116,61.06168999,0.136231884,102,
/adult-learner/course-detail/NYP-HSSP18/specialist-diploma-in-nursing-gerontology,(direct),276,34,275,36,325,302,1.07615894,42.6853159,0.082781457,87,276,34,275,36,325,302,1.07615894,42.6853159,0.082781457,87,
/adult-learner/course-detail/NYP-WSCY06_801/sctp-advanced-certificate-in-food-services-pastry-and-baking-part-time,(direct),276,32,275,26,309,296,1.043918919,43.05455744,0.047297297,49,276,32,275,26,309,296,1.043918919,43.05455744,0.047297297,49,
/adult-learner/course-detail/NYP-EGSP09/specialist-diploma-in-cloud-data-centre-technology-and-management,(organic),275,166,273,83,365,346,1.054913295,159.6442074,0.167630058,247,275,166,273,83,365,346,1.054913295,159.6442074,0.167630058,247,
/adult-learner/course-detail/NYP-EGSPA1/post-diploma-certificate-in-gxp-of-operations-management-part-of-specialist-diploma-in-biomedical-and-pharmaceutical-engineering,(direct),275,12,275,56,319,323,0.987616099,41.10686329,0.030959752,54,275,12,275,56,319,323,0.987616099,41.10686329,0.030959752,54,
/adult-learner/course-types/part-time-diplomas-certificates,2025S1-sbm-acet,275,3,274,102,410,351,1.168091168,93.59861088,0.048433048,84,275,3,274,102,410,351,1.168091168,93.59861088,0.048433048,84,
/adult-learner/course-detail/NYP-HSSP14/specialist-diploma-in-clinical-education,(direct),274,44,272,36,325,310,1.048387097,46.99072196,0.135483871,96,274,44,272,36,325,310,1.048387097,46.99072196,0.135483871,96,
/adult-learner/course-detail/NYP-EGSP19/specialist-diploma-in-robotics-and-automation-systems-design,(direct),273,24,272,31,306,287,1.066202091,37.23422407,0.045296167,50,273,24,272,31,306,287,1.066202091,37.23422407,0.045296167,50,
/adult-learner/course-detail/NYP-EGSP21/specialist-diploma-in-carbon-management-for-sustainability-reporting,(direct),272,33,271,46,322,313,1.028753994,69.9436026,0.073482428,68,272,33,271,46,322,313,1.028753994,69.9436026,0.073482428,68,
/adult-learner/course-types/short-courses/singapore-customs-courses-businesses,(direct),272,86,271,27,340,303,1.122112211,64.30438795,0.145214521,72,272,86,271,27,340,303,1.122112211,64.30438795,0.145214521,72,
/adult-learner/course-detail/NYP-BMDP07/diploma-in-business-practice-hospitality-and-tourism-management,cet-q1-2025,270,0,270,47,340,297,1.144781145,75.35980611,0.04040404,154,270,0,270,47,340,297,1.144781145,75.35980611,0.04040404,154,
/adult-learner/course-detail/NYP-HSAF32/advanced-diploma-in-nursing-community-health,(organic),270,133,268,91,399,376,1.061170213,121.452226,0.257978723,245,270,133,268,91,399,376,1.061170213,121.452226,0.257978723,245,
/adult-learner/course-detail/NYP-EGEP02/work-study-post-diploma-specialist-diploma-in-converged-infocomm-infrastructure,(organic),269,57,269,117,414,366,1.131147541,116.0125046,0.114754098,174,269,57,269,117,414,366,1.131147541,116.0125046,0.114754098,174,
/adult-learner/course-detail/NYP-BMLP02/work-study-certificate-leading-to-diploma-in-business-practice-accounting,(direct),268,35,267,36,312,295,1.057627119,26.03094201,0.081355932,76,268,35,267,36,312,295,1.057627119,26.03094201,0.081355932,76,
/adult-learner/course-detail/NYP-CL1082/overview-of-sustainable-and-renewable-energy-technologies-for-a-smart-city,(organic),267,227,266,48,330,308,1.071428571,120.8256343,0.279220779,255,267,227,266,48,330,308,1.071428571,120.8256343,0.279220779,255,
/adult-learner/course-detail/NYP-CI241002/mastering-power-apps-from-beginner-to-pro,(organic),266,136,266,68,325,323,1.00619195,87.7729047,0.139318885,197,266,136,266,68,325,323,1.00619195,87.7729047,0.139318885,197,
/adult-learner/course-detail/NYP-ITSP11/specialist-diploma-in-agile-solutioning-and-devsecops,(direct),265,23,265,39,289,297,0.973063973,48.62555054,0.063973064,50,265,23,265,39,289,297,0.973063973,48.62555054,0.063973064,50,
/adult-learner/course-types/recommended/digital-economy,(direct),263,28,263,17,286,278,1.028776978,9.982582137,0.061151079,42,263,28,263,17,286,278,1.028776978,9.982582137,0.061151079,42,
/adult-learner/course-detail/NYP-CL231002M01/carbon-accounting-and-management,(direct),260,30,260,29,296,300,0.986666667,38.71651867,0.063333333,60,260,30,260,29,296,300,0.986666667,38.71651867,0.063333333,60,
/adult-learner/course-detail/NYP-CL240005/food-safety-and-cold-chain-management,1.20217E+17,260,259,260,2,267,262,1.019083969,5.203850698,0.91221374,260,260,259,260,2,267,262,1.019083969,5.203850698,0.91221374,260,
/adult-learner/course-detail/NYP-CLDP01/diploma-in-applied-science-food-technology,cet-q1-2025,260,0,260,52,314,280,1.121428571,70.85343389,0.042857143,103,260,0,260,52,314,280,1.121428571,70.85343389,0.042857143,103,
/adult-learner/course-detail/NYP-ITSP12/specialist-diploma-in-applied-artificial-intelligence-pcm,(direct),260,46,260,70,386,365,1.057534247,119.0069771,0.164383562,182,260,46,260,70,386,365,1.057534247,119.0069771,0.164383562,182,
/adult-learner/course-types/recommended/applied-science,1.20217E+17,260,260,260,0,264,260,1.015384615,0.746067727,0.976923077,260,260,260,260,0,264,260,1.015384615,0.746067727,0.976923077,260,
/adult-learner/course-detail/NYP-CL241001/reducing-ghg-emissions-through-energy-management-and-audit,1.20217E+17,259,259,259,3,272,265,1.026415094,6.082360283,0.905660377,265,259,259,259,3,272,265,1.026415094,6.082360283,0.905660377,265,
/adult-learner/course-detail/NYP-EGEP04/work-study-post-diploma-specialist-diploma-in-biomedical-and-pharmaceutical-engineering,(direct),258,25,258,57,298,278,1.071942446,32.73445207,0.050359712,58,258,25,258,57,298,278,1.071942446,32.73445207,0.050359712,58,
/adult-learner/course-detail/NYP-CB0553/sc101-customs-procedures,(direct),257,37,257,28,302,288,1.048611111,58.41807816,0.079861111,66,257,37,257,28,302,288,1.048611111,58.41807816,0.079861111,66,
/adult-learner/course-detail/NYP-EGSP09/specialist-diploma-in-cloud-data-centre-technology-and-management,(direct),257,42,256,32,287,281,1.021352313,44.19404814,0.067615658,81,257,42,256,32,287,281,1.021352313,44.19404814,0.067615658,81,
/adult-learner/course-detail/NYP-EGSP13/specialist-diploma-in-cloud-computing-and-intelligent-services-management,(direct),257,39,255,34,318,292,1.089041096,49.83373356,0.061643836,83,257,39,255,34,318,292,1.089041096,49.83373356,0.061643836,83,
/adult-learner/course-detail/NYP-DXSP03/specialist-diploma-in-service-experience-design-and-innovation,(direct),256,19,254,42,315,281,1.120996441,44.12971614,0.056939502,64,256,19,254,42,315,281,1.120996441,44.12971614,0.056939502,64,
/adult-learner/course-detail/NYP-DXSP09/specialist-diploma-in-spatial-design,(organic),256,170,256,59,327,300,1.09,108.2003967,0.246666667,206,256,170,256,59,327,300,1.09,108.2003967,0.246666667,206,
/adult-learner/course-detail/NYP-HSAF41/advanced-diploma-in-nursing-gerontology-adgr1,(direct),256,29,256,23,290,281,1.03202847,42.53503516,0.071174377,54,256,29,256,23,290,281,1.03202847,42.53503516,0.071174377,54,
/adult-learner/course-detail/NYP-DXSP04/specialist-diploma-in-augmented-reality-and-virtual-reality,(direct),255,50,254,26,281,276,1.018115942,40.36225772,0.105072464,74,255,50,254,26,281,276,1.018115942,40.36225772,0.105072464,74,
/adult-learner/course-detail/NYP-ITEP02/work-study-post-diploma-specialist-diploma-in-agile-solutioning-and-devsecops,(direct),254,33,254,51,290,275,1.054545455,43.28627507,0.065454545,53,254,33,254,51,290,275,1.054545455,43.28627507,0.065454545,53,
/adult-learner/course-detail/NYP-BMLP01/work-study-certificate-leading-to-diploma-in-business-practice-hospitality-and-tourism-management,(direct),253,23,253,29,282,273,1.032967033,33.11797002,0.047619048,52,253,23,253,29,282,273,1.032967033,33.11797002,0.047619048,52,
/adult-learner/course-detail/NYP-CL0897/tcm-and-your-immune-system-boosting-your-immunity-with-ideas-from-east-and-west,(direct),252,51,251,21,305,281,1.085409253,56.30335641,0.081850534,75,252,51,251,21,305,281,1.085409253,56.30335641,0.081850534,75,
/adult-learner/course-detail/NYP-HSSP15/specialist-diploma-in-nursing-ear-nose-and-throat,(direct),252,19,251,27,269,256,1.05078125,18.16852795,0.04296875,43,252,19,251,27,269,256,1.05078125,18.16852795,0.04296875,43,
/adult-learner/course-detail/NYP-DXEP05/work-study-post-diploma-specialist-diploma-in-digital-media-production,(direct),251,22,249,36,296,274,1.080291971,45.14657876,0.072992701,50,251,22,249,36,296,274,1.080291971,45.14657876,0.072992701,50,
/adult-learner/course-detail/NYP-ITEP02/work-study-post-diploma-specialist-diploma-in-agile-solutioning-and-devsecops,(organic),251,6,251,108,370,327,1.131498471,81.89418624,0.091743119,125,251,6,251,108,370,327,1.131498471,81.89418624,0.091743119,125,
/adult-learner/course-types/recommended/applied-science,1.20217E+17,250,250,250,1,256,251,1.019920319,2.461729606,0.948207171,249,250,250,250,1,256,251,1.019920319,2.461729606,0.948207171,249,
/adult-learner/course-types/recommended/care-economy,(direct),250,30,250,10,257,253,1.015810277,9.411925984,0.039525692,31,250,30,250,10,257,253,1.015810277,9.411925984,0.039525692,31,
/adult-learner/course-detail/NYP-EGSP21/specialist-diploma-in-carbon-management-for-sustainability-reporting,(organic),249,99,248,102,375,366,1.024590164,129.6178325,0.226775956,219,249,99,248,102,375,366,1.024590164,129.6178325,0.226775956,219,
/adult-learner/course-detail/NYP-CE231002/sustainability-101-for-the-green-economy,(direct),248,90,248,36,273,274,0.996350365,41.81586285,0.094890511,107,248,90,248,36,273,274,0.996350365,41.81586285,0.094890511,107,
/adult-learner/course-detail/NYP-DXSP09/specialist-diploma-in-spatial-design,(direct),248,27,247,27,277,262,1.057251908,37.71099483,0.045801527,47,248,27,247,27,277,262,1.057251908,37.71099483,0.045801527,47,
/adult-learner/course-detail/NYP-HSAF40/advanced-diploma-in-nursing-emergency-adem1,(organic),248,129,247,74,362,330,1.096969697,103.7539695,0.236363636,245,248,129,247,74,362,330,1.096969697,103.7539695,0.236363636,245,
/adult-learner/course-detail/NYP-EGSP13/specialist-diploma-in-cloud-computing-and-intelligent-services-management,(organic),247,111,247,96,353,331,1.066465257,130.4540109,0.175226586,181,247,111,247,96,353,331,1.066465257,130.4540109,0.175226586,181,
/adult-learner/course-detail/NYP-EGSPA3/post-diploma-certificate-in-carbon-management-for-a-sustainable-economy-part-of-specialist-diploma-in-carbon-management-for-sustainability-reporting,(direct),247,20,247,25,271,268,1.01119403,34.12424857,0.037313433,43,247,20,247,25,271,268,1.01119403,34.12424857,0.037313433,43,
/adult-learner/skillsfuture-level-up,(not set),247,7,245,73,406,314,1.292993631,72.0538783,0.073248408,59,247,7,245,73,406,314,1.292993631,72.0538783,0.073248408,59,
/adult-learner/course-detail/NYP-CB231003/introduction-to-business-analytics-making-data-driven-decisions-for-business-executives,(direct),246,43,246,27,262,262,1,31.49447089,0.038167939,41,246,43,246,27,262,262,1,31.49447089,0.038167939,41,
/adult-learner/course-detail/NYP-CI241006/operational-technology-security-fundamentals,(direct),245,26,245,18,249,252,0.988095238,19.78134907,0.043650794,32,245,26,245,18,249,252,0.988095238,19.78134907,0.043650794,32,
/adult-learner/course-detail/NYP-CB231023/sustainability-in-sourcing-and-procurement-strategies,(direct),243,52,243,30,269,257,1.046692607,29.01665194,0.070038911,51,243,52,243,30,269,257,1.046692607,29.01665194,0.070038911,51,
/adult-learner/course-detail/NYP-CI241001/applied-generative-artificial-intelligence-real-world-project-development,(direct),243,27,242,28,263,258,1.019379845,29.46785172,0.069767442,50,243,27,242,28,263,258,1.019379845,29.46785172,0.069767442,50,
/adult-learner/course-detail/NYP-EGSPA6/post-diploma-certificate-in-iot-implementation-for-sustainability-solutioning-part-of-specialist-diploma-in-iot-for-sustainable-solutioning,(direct),243,20,242,22,260,260,1,24.57163717,0.073076923,44,243,20,242,22,260,260,1,24.57163717,0.073076923,44,
/adult-learner/course-detail/NYP-BMLP02/work-study-certificate-leading-to-diploma-in-business-practice-accounting,(organic),242,29,241,110,380,318,1.194968553,87.1117831,0.091194969,145,242,29,241,110,380,318,1.194968553,87.1117831,0.091194969,145,
/adult-learner/course-detail/NYP-BMSP18/specialist-diploma-in-sport-management-and-marketing,(direct),242,25,241,21,300,261,1.149425287,54.40423843,0.072796935,66,242,25,241,21,300,261,1.149425287,54.40423843,0.072796935,66,
/adult-learner/course-detail/NYP-CL241001/reducing-ghg-emissions-through-energy-management-and-audit,(direct),242,45,241,16,260,259,1.003861004,24.93423544,0.077220077,46,242,45,241,16,260,259,1.003861004,24.93423544,0.077220077,46,
/adult-learner/course-detail/NYP-CLBP01/work-study-post-diploma-advanced-diploma-in-pharmaceutical-sciences,(organic),242,104,242,70,295,273,1.080586081,140.1418179,0.139194139,179,242,104,242,70,295,273,1.080586081,140.1418179,0.139194139,179,
/adult-learner/course-detail/NYP-CLLP01/work-study-certificate-leading-to-diploma-in-applied-science-food-technology,(direct),241,29,241,31,273,264,1.034090909,33.38000783,0.049242424,61,241,29,241,31,273,264,1.034090909,33.38000783,0.049242424,61,
/adult-learner/course-detail/NYP-HSAF41/advanced-diploma-in-nursing-gerontology-adgr1,(organic),241,99,238,104,370,334,1.107784431,150.7507877,0.218562874,221,241,99,238,104,370,334,1.107784431,150.7507877,0.218562874,221,
/adult-learner/course-detail/NYP-CL240005/food-safety-and-cold-chain-management,(organic),240,210,238,27,289,269,1.074349442,89.26006735,0.349442379,224,240,210,238,27,289,269,1.074349442,89.26006735,0.349442379,224,
/adult-learner/course-detail/NYP-CB231024/warehouse-and-inventory-management,(direct),238,34,238,21,265,249,1.064257028,28.65671056,0.020080321,46,238,34,238,21,265,249,1.064257028,28.65671056,0.020080321,46,
/adult-learner/course-detail/NYP-CL1082/overview-of-sustainable-and-renewable-energy-technologies-for-a-smart-city,(direct),236,33,236,14,247,246,1.004065041,30.38842476,0.048780488,45,236,33,236,14,247,246,1.004065041,30.38842476,0.048780488,45,
/adult-learner/course-detail/NYP-EGEP02/work-study-post-diploma-specialist-diploma-in-converged-infocomm-infrastructure,(direct),235,22,234,46,258,252,1.023809524,25.34657389,0.051587302,53,235,22,234,46,258,252,1.023809524,25.34657389,0.051587302,53,
/adult-learner/course-detail/NYP-CB0558/sc202-essentials-of-internal-export-control-compliance-programme,(direct),234,37,234,17,249,250,0.996,35.04678358,0.068,55,234,37,234,17,249,250,0.996,35.04678358,0.068,55,
/adult-learner/course-detail/NYP-CI231005/the-international-council-of-e-commerce-consultants-certified-cloud-security-engineer-ec-council-ccse,(direct),234,28,234,17,255,250,1.02,19.05023065,0.048,33,234,28,234,17,255,250,1.02,19.05023065,0.048,33,
/adult-learner/course-detail/NYP-CL230002/introduction-to-peranakan-cuisine,(direct),234,28,234,14,248,248,1,32.11635044,0.060483871,38,234,28,234,14,248,248,1,32.11635044,0.060483871,38,
/adult-learner/course-detail/NYP-EGSP23/specialist-diploma-in-iot-for-sustainable-solutioning,(direct),234,21,234,32,271,252,1.075396825,30.92813801,0.023809524,40,234,21,234,32,271,252,1.075396825,30.92813801,0.023809524,40,
/adult-learner/course-detail/NYP-SI7025_002/fundamentals-to-starting-an-online-business-classroom-facilitated,(direct),234,20,233,12,238,239,0.9958159,22.55492205,0.037656904,24,234,20,233,12,238,239,0.9958159,22.55492205,0.037656904,24,
/adult-learner/course-detail/NYP-SI8032_003/critical-thinking-and-problem-solving,(direct),234,40,234,20,260,264,0.984848485,84.12128809,0.056818182,46,234,40,234,20,260,264,0.984848485,84.12128809,0.056818182,46,
/adult-learner/course-detail/NYP-BMDP06/diploma-in-business-practice-supply-chain-management,cet-q1-2025,233,0,233,54,298,272,1.095588235,91.05142411,0.055147059,126,233,0,233,54,298,272,1.095588235,91.05142411,0.055147059,126,
/adult-learner/course-detail/NYP-CB241012/sustainability-reporting-a-practical-guide-and-toolkit-for-small-and-medium-enterprises,(direct),233,25,233,19,251,239,1.050209205,25.69272841,0.012552301,22,233,25,233,19,251,239,1.050209205,25.69272841,0.012552301,22,
/adult-learner/course-detail/NYP-CI241002/mastering-power-apps-from-beginner-to-pro,(direct),232,31,231,26,242,247,0.979757085,30.32528798,0.089068826,48,232,31,231,26,242,247,0.979757085,30.32528798,0.089068826,48,
/adult-learner/course-detail/NYP-DXEP06/work-study-post-diploma-specialist-dip-in-digital-content-creation-for-e-commerce,(direct),232,14,232,40,286,260,1.1,37.27147227,0.038461538,44,232,14,232,40,286,260,1.1,37.27147227,0.038461538,44,
/adult-learner/course-detail/NYP-CX241001/digital-photography-for-working-professionals,(direct),231,16,231,16,241,244,0.987704918,21.53688458,0.036885246,36,231,16,231,16,241,244,0.987704918,21.53688458,0.036885246,36,
/adult-learner/course-detail/NYP-DXEP07/work-study-post-diploma-programme-specialist-diploma-in-user-experience-design-and-management,(direct),231,21,230,38,249,249,1,23.58878371,0.064257028,55,231,21,230,38,249,249,1,23.58878371,0.064257028,55,
/adult-learner/course-detail/NYP-CB0556/sc111-hands-on-tradenet-declaration,(direct),230,43,230,17,246,242,1.016528926,31.30521098,0.037190083,38,230,43,230,17,246,242,1.016528926,31.30521098,0.037190083,38,
/adult-learner/course-detail/NYP-EGSP22/specialist-diploma-in-sustainable-materials-management,(direct),230,19,230,26,252,241,1.045643154,17.97776003,0.041493776,42,230,19,230,26,252,241,1.045643154,17.97776003,0.041493776,42,
/adult-learner/course-detail/NYP-ITSPA3/post-diploma-certificate-in-enterprise-big-data-management-part-of-specialist-diploma-in-business-and-big-data-analytics,(direct),230,20,230,25,251,248,1.012096774,36.82129225,0.040322581,36,230,20,230,25,251,248,1.012096774,36.82129225,0.040322581,36,
/adult-learner/course-types/post-diploma-programmes/health-social-sciences,cet-q1-2025,227,0,227,46,292,240,1.216666667,29.06942969,0.008333333,19,227,0,227,46,292,240,1.216666667,29.06942969,0.008333333,19,
/adult-learner/course-types/post-diploma-programmes/engineering/stories/inspiring-alumnus-Tan-Aik-Khoon,(direct),226,108,226,6,230,232,0.99137931,3.918533073,0.120689655,65,226,108,226,6,230,232,0.99137931,3.918533073,0.120689655,65,
/adult-learner/course-detail/NYP-CB231022/international-trade-and-freight-management,(direct),225,24,224,19,235,236,0.995762712,21.58274526,0.072033898,38,225,24,224,19,235,236,0.995762712,21.58274526,0.072033898,38,
/adult-learner/course-detail/NYP-DXEP09/work-study-post-diploma-specialist-diploma-in-spatial-design,(direct),225,34,225,34,247,248,0.995967742,49.33395161,0.088709677,64,225,34,225,34,247,248,0.995967742,49.33395161,0.088709677,64,
/adult-learner/course-detail/NYP-HSAF43/advanced-diploma-in-nursing-mental-health-admh1,(direct),225,30,224,15,243,239,1.016736402,30.21930747,0.046025105,47,225,30,224,15,243,239,1.016736402,30.21930747,0.046025105,47,
/adult-learner,oh2025,224,0,219,126,386,286,1.34965035,127.5031832,0.108391608,113,224,0,219,126,386,286,1.34965035,127.5031832,0.108391608,113,
/adult-learner/course-detail/NYP-CLSP05/specialist-diploma-in-energy-and-environmental-management-for-process-industry,(direct),224,40,224,24,260,251,1.035856574,35.69066621,0.059760956,72,224,40,224,24,260,251,1.035856574,35.69066621,0.059760956,72,
/adult-learner/course-detail/NYP-CB0555/sc103-rules-of-origin-free-trade-agreements,(direct),223,43,223,13,243,232,1.047413793,33.87404138,0.030172414,30,223,43,223,13,243,232,1.047413793,33.87404138,0.030172414,30,
/adult-learner/course-detail/NYP-CLDP01/diploma-in-applied-science-food-technology,1.20217E+17,223,222,223,4,225,228,0.986842105,12.21827548,0.903508772,223,223,222,223,4,225,228,0.986842105,12.21827548,0.903508772,223,
/adult-learner/course-detail/NYP-EGSPA5/post-diploma-certificate-in-materials-sustainability-and-governance-part-of-specialist-diploma-in-sustainable-materials-management,(direct),223,29,221,15,233,234,0.995726496,24.20258519,0.055555556,36,223,29,221,15,233,234,0.995726496,24.20258519,0.055555556,36,
/adult-learner/course-types/recommended/applied-science,(direct),223,46,223,17,314,272,1.154411765,86.59437075,0.125,125,223,46,223,17,314,272,1.154411765,86.59437075,0.125,125,
/adult-learner/course-detail/NYP-CB0554/sc102-classification-and-the-harmonised-system,(direct),222,15,222,12,246,236,1.042372881,47.5333694,0.016949153,40,222,15,222,12,246,236,1.042372881,47.5333694,0.016949153,40,
/adult-learner/course-detail/NYP-CX1288/service-experience-design-4-day-mini-series,(direct),222,43,221,12,234,235,0.995744681,18.82369014,0.123404255,46,222,43,221,12,234,235,0.995744681,18.82369014,0.123404255,46,
/adult-learner/course-detail/NYP-HSAF39/advanced-diploma-in-nursing-critical-care-adcc1,(organic),222,127,219,74,333,299,1.113712375,104.1440231,0.240802676,225,222,127,219,74,333,299,1.113712375,104.1440231,0.240802676,225,
/adult-learner/course-detail/NYP-CE1540/introduction-to-artificial-intelligence-and-machine-learning-synchronous-e-learning,(organic),221,1,221,68,251,249,1.008032129,63.55699521,0.036144578,82,221,1,221,68,251,249,1.008032129,63.55699521,0.036144578,82,
/adult-learner/course-detail/NYP-CE231003/apply-generative-artificial-intelligence-for-your-industry,(direct),221,28,221,20,239,236,1.012711864,292.2200706,0.042372881,35,221,28,221,20,239,236,1.012711864,292.2200706,0.042372881,35,
/adult-learner/course-detail/NYP-WSCV01_010/prepare-basic-sushi,(direct),221,21,221,21,229,233,0.982832618,19.53158888,0.034334764,28,221,21,221,21,229,233,0.982832618,19.53158888,0.034334764,28,
/adult-learner/course-detail/NYP-ASSPA3/post-diploma-certificate-in-energy-management-for-process-industry-part-of-specialist-diploma-in-energy-and-environmental-management-for-process-industry,(direct),220,40,220,10,225,225,1,9.467352098,0.04,26,220,40,220,10,225,225,1,9.467352098,0.04,26,
/adult-learner/course-detail/NYP-HSAF40/advanced-diploma-in-nursing-emergency-adem1,(direct),220,31,219,10,225,225,1,13.35957135,0.026666667,27,220,31,219,10,225,225,1,13.35957135,0.026666667,27,
/adult-learner/course-types/short-courses/retail,(direct),220,129,220,2,222,222,1,5.504223536,0.09009009,25,220,129,220,2,222,222,1,5.504223536,0.09009009,25,
/adult-learner/course-detail/NYP-CB231019/digital-marketing-analytics,(direct),219,17,219,17,237,233,1.017167382,24.99996079,0.038626609,33,219,17,219,17,237,233,1.017167382,24.99996079,0.038626609,33,
/adult-learner/course-detail/NYP-CE234001/digital-transformation-enablers-for-manufacturing-skillsfuture-for-digital-workplace-20,(direct),219,20,219,11,221,223,0.99103139,8.126724247,0.013452915,14,219,20,219,11,221,223,0.99103139,8.126724247,0.013452915,14,
/adult-learner/course-detail/NYP-HSAF39/advanced-diploma-in-nursing-critical-care-adcc1,(direct),219,17,217,10,231,232,0.995689655,14.4533643,0.068965517,48,219,17,217,10,231,232,0.995689655,14.4533643,0.068965517,48,
/adult-learner/course-types/recommended/Marketing,(direct),219,23,217,8,228,225,1.013333333,14.2783882,0.053333333,29,219,23,217,8,228,225,1.013333333,14.2783882,0.053333333,29,
/adult-learner/course-detail/NYP-CE1239/robotic-process-automation-rpa-for-beginners,(direct),218,21,218,15,229,226,1.013274336,20.39676059,0.053097345,57,218,21,218,15,229,226,1.013274336,20.39676059,0.053097345,57,
/adult-learner/course-detail/NYP-CX1331/storytelling-using-smartphone-photography,(direct),218,27,218,15,231,229,1.008733624,22.12944014,0.082969432,43,218,27,218,15,231,229,1.008733624,22.12944014,0.082969432,43,
/adult-learner/course-detail/NYP-HSAP11/advanced-diploma-in-nursing-management,(direct),218,47,217,30,244,239,1.020920502,55.47194261,0.10041841,78,218,47,217,30,244,239,1.020920502,55.47194261,0.10041841,78,
/adult-learner/course-detail/NYP-BMSP18/specialist-diploma-in-sport-management-and-marketing,(organic),217,115,215,61,281,266,1.056390977,102.458735,0.206766917,195,217,115,215,61,281,266,1.056390977,102.458735,0.206766917,195,
/adult-learner/course-detail/NYP-SI4059_003/cybersecurity-workshop-critical-protection-for-your-business-practical-asynchronous-e-learning,(direct),217,23,217,4,218,226,0.96460177,6.592317619,0.017699115,18,217,23,217,4,218,226,0.96460177,6.592317619,0.017699115,18,
/adult-learner/course-types/short-courses/singapore-customs-courses-businesses,(organic),217,132,216,73,359,283,1.268551237,166.8367965,0.169611307,99,217,132,216,73,359,283,1.268551237,166.8367965,0.169611307,99,
/adult-learner/course-detail/NYP-CH231002/understanding-and-applying-casework-assessment-and-intervention,(direct),215,23,215,14,225,226,0.995575221,19.1882849,0.048672566,29,215,23,215,14,225,226,0.995575221,19.1882849,0.048672566,29,
/adult-learner/course-detail/NYP-CL0443/eat-healthy-and-stay-beautiful-through-tcm-infused-diet,(direct),215,21,214,25,255,237,1.075949367,46.70710682,0.050632911,51,215,21,214,25,255,237,1.075949367,46.70710682,0.050632911,51,
/adult-learner/course-detail/NYP-EGSP14/specialist-diploma-in-edge-intelligence-and-embedded-systems,(direct),215,11,215,15,231,228,1.013157895,24.61385699,0.026315789,31,215,11,215,15,231,228,1.013157895,24.61385699,0.026315789,31,
/adult-learner/course-detail/NYP-WSCV01_001/basic-dim-sum,(direct),215,13,215,15,216,219,0.98630137,12.19190348,0.00913242,16,215,13,215,15,216,219,0.98630137,12.19190348,0.00913242,16,
/adult-learner/course-detail/NYP-AS003Z/quality-improvement-and-assurance-part-of-pdc3-of-advanced-diploma-in-pharmaceutical-sciences,(direct),214,25,214,9,218,218,1,7.8017095,0.013761468,20,214,25,214,9,218,218,1,7.8017095,0.013761468,20,
/adult-learner/course-detail/NYP-BMDP05/diploma-in-business-practice-accounting,2025S1-sbm-acet,214,0,213,50,273,239,1.142259414,58.78081979,0.050209205,135,214,0,213,50,273,239,1.142259414,58.78081979,0.050209205,135,
/adult-learner/course-detail/NYP-HSAF35/advanced-diploma-in-nursing-palliative-care,(direct),214,34,214,12,229,224,1.022321429,37.64531621,0.066964286,48,214,34,214,12,229,224,1.022321429,37.64531621,0.066964286,48,
/adult-learner/course-detail/NYP-HSAF47/advanced-diploma-in-nursing-oncology-adoc1,(direct),214,38,214,15,241,242,0.995867769,28.27659488,0.115702479,54,214,38,214,15,241,242,0.995867769,28.27659488,0.115702479,54,
/adult-learner/course-detail/NYP-CLLP01/work-study-certificate-leading-to-diploma-in-applied-science-food-technology,(organic),213,50,212,91,341,323,1.055727554,115.2058372,0.250773994,188,213,50,212,91,341,323,1.055727554,115.2058372,0.250773994,188,
/adult-learner/course-detail/NYP-CL0392/understanding-food-labels,(direct),212,23,212,15,232,226,1.026548673,22.09628708,0.057522124,34,212,23,212,15,232,226,1.026548673,22.09628708,0.057522124,34,
/adult-learner/course-detail/NYP-CB1578/event-branding-and-social-media-marketing,(direct),211,36,211,9,214,218,0.981651376,10.83420962,0.009174312,22,211,36,211,9,214,218,0.981651376,10.83420962,0.009174312,22,
/adult-learner/course-detail/NYP-CE245005/ai-practitioner-preparatory-course,(direct),211,39,210,18,221,224,0.986607143,33.97263465,0.075892857,31,211,39,210,18,221,224,0.986607143,33.97263465,0.075892857,31,
/adult-learner/course-detail/NYP-HSAF26/advanced-diploma-in-nursing-neuroscience,(direct),211,18,211,24,221,221,1,11.47118955,0.049773756,41,211,18,211,24,221,221,1,11.47118955,0.049773756,41,
/adult-learner/course-detail/NYP-HSAF38/advanced-diploma-in-nursing-community-health-adch1,(direct),211,15,211,15,220,217,1.013824885,15.60021825,0.041474654,31,211,15,211,15,220,217,1.013824885,15.60021825,0.041474654,31,
/adult-learner/course-detail/NYP-CB0557/sc201-basics-of-strategic-goods-control-seminar,(direct),210,37,209,10,228,225,1.013333333,31.07858344,0.075555556,42,210,37,209,10,228,225,1.013333333,31.07858344,0.075555556,42,
/adult-learner/course-detail/NYP-CE245005/ai-practitioner-preparatory-course,(organic),210,13,210,51,254,241,1.053941909,93.96666437,0.066390041,88,210,13,210,51,254,241,1.053941909,93.96666437,0.066390041,88,
/adult-learner/course-detail/NYP-EGSPA2/post-diploma-certificate-in-gxp-of-quality-assurance-and-compliance-qac-part-of-specialist-diploma-in-biomedical-and-pharmaceutical-engineering,(direct),210,21,210,15,227,223,1.01793722,46.65883417,0.013452915,31,210,21,210,15,227,223,1.01793722,46.65883417,0.013452915,31,
/adult-learner/course-detail/NYP-WSCP32_008/food-safety-course-level-1,(direct),210,20,210,6,213,216,0.986111111,6.664230069,0.009259259,20,210,20,210,6,213,216,0.986111111,6.664230069,0.009259259,20,
/adult-learner/course-detail/NYP-WSCY04_801/sctp-higher-certificate-in-food-services-pastry-and-baking-part-time,(direct),210,21,210,20,222,222,1,14.89172139,0.040540541,38,210,21,210,20,222,222,1,14.89172139,0.040540541,38,
/adult-learner/course-types/part-time-diplomas-certificates,(not set),210,13,209,72,291,257,1.13229572,66.51753065,0.038910506,49,210,13,209,72,291,257,1.13229572,66.51753065,0.038910506,49,
/adult-learner/course-detail/NYP-CB1310/digital-video-production,(direct),209,38,208,18,220,222,0.990990991,33.26142213,0.094594595,53,209,38,208,18,220,222,0.990990991,33.26142213,0.094594595,53,
/adult-learner/course-detail/NYP-HSAF49/advanced-diploma-in-nursing-paediatrics-adpd1,(direct),209,29,208,24,229,232,0.987068966,11.8620787,0.11637931,67,209,29,208,24,229,232,0.987068966,11.8620787,0.11637931,67,
/adult-learner/course-detail/NYP-ITSP11/specialist-diploma-in-agile-solutioning-and-devsecops,(organic),209,47,209,87,304,288,1.055555556,91.88602187,0.201388889,156,209,47,209,87,304,288,1.055555556,91.88602187,0.201388889,156,
/adult-learner/course-detail/NYP-WSCV01_016/savoury-korean-delights,(direct),207,23,207,14,220,216,1.018518519,15.58908116,0.074074074,33,207,23,207,14,220,216,1.018518519,15.58908116,0.074074074,33,
/adult-learner/course-detail/NYP-WSCV02_011/japanese-cakes-and-pastries,(direct),207,25,207,11,210,212,0.990566038,15.17590467,0.023584906,19,207,25,207,11,210,212,0.990566038,15.17590467,0.023584906,19,
/adult-learner/course-detail/NYP-WSCY01_801/sctp-certificate-in-food-services-culinary-arts-part-time,(direct),207,22,207,14,210,210,1,21.73361298,0.023809524,28,207,22,207,14,210,210,1,21.73361298,0.023809524,28,
/adult-learner/course-detail/NYP-CB241011/sustainability-at-our-core-uncovering-esg-investing,(direct),205,36,205,7,214,207,1.033816425,4.644290353,0.019323671,26,205,36,205,7,214,207,1.033816425,4.644290353,0.019323671,26,
/adult-learner/course-detail/NYP-CI1292/cyber-defence-fundamentals,(direct),205,11,204,5,210,208,1.009615385,10.51612925,0.019230769,27,205,11,204,5,210,208,1.009615385,10.51612925,0.019230769,27,
/adult-learner/course-detail/NYP-SI7025_013/introduction-to-digital-marketing-classroom-facilitated,(direct),205,18,205,12,210,212,0.990566038,7.96745284,0.037735849,19,205,18,205,12,210,212,0.990566038,7.96745284,0.037735849,19,
/adult-learner/course-detail/NYP-WSQBC1_001/be-a-collaborative-influencer-classroom-facilitated-asynchronous-e-learning,(direct),205,64,205,3,206,205,1.004878049,3.389193673,0.034146341,19,205,64,205,3,206,205,1.004878049,3.389193673,0.034146341,19,
/adult-learner/course-detail/NYP-CLBP01/work-study-post-diploma-advanced-diploma-in-pharmaceutical-sciences,(direct),204,24,204,32,217,210,1.033333333,44.53773205,0.052380952,69,204,24,204,32,217,210,1.033333333,44.53773205,0.052380952,69,
/adult-learner/course-detail/NYP-HSAF44/advanced-diploma-in-nursing-midwifery-admw1,(direct),204,25,204,16,208,218,0.95412844,28.58042839,0.059633028,31,204,25,204,16,208,218,0.95412844,28.58042839,0.059633028,31,
/adult-learner/course-types/short-courses,(referral),204,31,204,58,329,270,1.218518519,121.6487924,0.092592593,64,204,31,204,58,329,270,1.218518519,121.6487924,0.092592593,64,
/adult-learner/course-types/short-courses/culinary,(direct),204,62,204,8,216,216,1,8.366567056,0.037037037,25,204,62,204,8,216,216,1,8.366567056,0.037037037,25,
/adult-learner/course-detail/NYP-CX1287/harnessing-design-thinking-for-innovation,(direct),203,30,203,6,203,204,0.995098039,7.806754044,0.049019608,21,203,30,203,6,203,204,0.995098039,7.806754044,0.049019608,21,
/adult-learner/course-detail/NYP-EGEP06/work-study-post-diploma-specialist-diploma-in-robotics-and-automation-systems-design,(direct),203,16,203,15,206,207,0.995169082,26.03996105,0.043478261,30,203,16,203,15,206,207,0.995169082,26.03996105,0.043478261,30,
/adult-learner/course-detail/NYP-SI4024_037/sustainability-everyday-upcycle-fabrics-and-learn-mobile-photography-with-ecommerce-opportunities-classroom-facilitated-asynchronous-e-learning,(direct),203,54,203,16,231,220,1.05,25.15251275,0.063636364,48,203,54,203,16,231,220,1.05,25.15251275,0.063636364,48,
/adult-learner/skillsfuture-credit,(not set),203,2,203,46,322,239,1.347280335,62.83810472,0.029288703,46,203,2,203,46,322,239,1.347280335,62.83810472,0.029288703,46,
/adult-learner/course-detail/NYP-CE1145/cyber-security-from-scratch-synchronous-elearning,(direct),202,16,202,4,206,205,1.004878049,14.85035497,0.004878049,16,202,16,202,4,206,205,1.004878049,14.85035497,0.004878049,16,
/adult-learner/course-detail/NYP-CE1354/electric-vehicle-and-charging-system-classroom-and-synchronous-elearning,(direct),202,30,200,11,208,210,0.99047619,24.16594058,0.052380952,32,202,30,200,11,208,210,0.99047619,24.16594058,0.052380952,32,
/adult-learner/course-detail/NYP-CE241004/open-sound-control-based-synchronization-of-immersive-audio-systems,(direct),202,25,202,8,204,204,1,5.438242137,0.034313725,23,202,25,202,8,204,204,1,5.438242137,0.034313725,23,
/adult-learner/course-detail/NYP-CI231001/the-international-council-of-e-commerce-consultants-ec-council-certified-threat-intelligence-analyst-ctia,(direct),202,21,202,11,224,216,1.037037037,9.592780421,0.023148148,34,202,21,202,11,224,216,1.037037037,9.592780421,0.023148148,34,
/adult-learner/course-detail/NYP-ITSP13/specialist-diploma-in-cybersecurity-pcm,cet-q1-2025,202,0,202,46,261,233,1.120171674,103.1991162,0.0472103,94,202,0,202,46,261,233,1.120171674,103.1991162,0.0472103,94,
/adult-learner/course-detail/NYP-WSCV01_014/traditional-rice-dumplings,(direct),202,24,202,7,205,211,0.971563981,7.889183246,0.037914692,25,202,24,202,7,205,211,0.971563981,7.889183246,0.037914692,25,
/adult-learner/course-detail/NYP-CX1258/bim-revit-for-architecture-level-1,(direct),200,46,199,8,217,213,1.018779343,37.13046177,0.154929577,58,200,46,199,8,217,213,1.018779343,37.13046177,0.154929577,58,
/adult-learner/course-detail/NYP-HSAF32/advanced-diploma-in-nursing-community-health,(direct),199,15,199,14,206,205,1.004878049,25.46372941,0.043902439,43,199,15,199,14,206,205,1.004878049,25.46372941,0.043902439,43,
/adult-learner/course-detail/NYP-AS010Z/automated-medication-systems-part-of-pdc4-of-advanced-diploma-in-pharmaceutical-sciences,(direct),198,22,198,5,199,198,1.005050505,13.11323616,0.025252525,20,198,22,198,5,199,198,1.005050505,13.11323616,0.025252525,20,
/adult-learner/course-detail/NYP-CB1334/digital-marketing,(direct),198,18,198,17,215,214,1.004672897,17.6205459,0.042056075,29,198,18,198,17,215,214,1.004672897,17.6205459,0.042056075,29,
/adult-learner/course-detail/NYP-CB1336/service-excellence,(direct),198,21,198,6,204,205,0.995121951,8.176112844,0.03902439,33,198,21,198,6,204,205,0.995121951,8.176112844,0.03902439,33,
/adult-learner/course-detail/NYP-ITSP12/specialist-diploma-in-applied-artificial-intelligence-pcm,cet-q1-2025,198,0,198,68,267,247,1.08097166,119.4643998,0.068825911,122,198,0,198,68,267,247,1.08097166,119.4643998,0.068825911,122,
/adult-learner/course-detail/NYP-CB0553/sc101-customs-procedures,(referral),197,3,196,75,327,307,1.06514658,224.9842,0.169381107,163,197,3,196,75,327,307,1.06514658,224.9842,0.169381107,163,
/adult-learner/course-detail/NYP-CX2005/embrace-innovation-through-design-thinking,(direct),197,17,197,6,201,199,1.010050251,5.472779558,0.040201005,23,197,17,197,6,201,199,1.010050251,5.472779558,0.040201005,23,
/adult-learner/course-detail/NYP-EGSP15/specialist-diploma-in-cloud-security-and-iot-cloud-services,(organic),197,56,197,86,310,295,1.050847458,143.3141754,0.203389831,153,197,56,197,86,310,295,1.050847458,143.3141754,0.203389831,153,
/adult-learner/course-detail,(direct),196,21,196,0,196,196,1,2.493255796,0.081632653,85,196,21,196,0,196,196,1,2.493255796,0.081632653,85,
/adult-learner/course-detail/NYP-CE1146/fundamentals-of-data-analytics,(direct),196,13,196,25,209,205,1.019512195,21.49154796,0.019512195,24,196,13,196,25,209,205,1.019512195,21.49154796,0.019512195,24,
/adult-learner/course-detail/NYP-CL1245/create-healthy-ice-cream-based-on-food-science-knowledge-in-food-pilot-plant,(direct),196,27,196,8,209,200,1.045,21.82283855,0.04,44,196,27,196,8,209,200,1.045,21.82283855,0.04,44,
/adult-learner/course-detail/NYP-HSAF52/advanced-diploma-in-nursing-perioperative-adpo1,(direct),196,22,196,12,202,204,0.990196078,7.790888176,0.039215686,43,196,22,196,12,202,204,0.990196078,7.790888176,0.039215686,43,
/adult-learner/course-detail/NYP-BMLP01/work-study-certificate-leading-to-diploma-in-business-practice-hospitality-and-tourism-management,(organic),195,6,195,88,259,227,1.140969163,89.70014477,0.070484581,76,195,6,195,88,259,227,1.140969163,89.70014477,0.070484581,76,
/adult-learner/course-detail/NYP-CB241010/sustainability-at-our-core-essentials-of-climate-risk,(direct),195,25,195,7,213,200,1.065,10.34147207,0.005,10,195,25,195,7,213,200,1.065,10.34147207,0.005,10,
/adult-learner/course-detail/NYP-EGSP19/specialist-diploma-in-robotics-and-automation-systems-design,(organic),195,63,195,64,257,235,1.093617021,119.2261941,0.123404255,130,195,63,195,64,257,235,1.093617021,119.2261941,0.123404255,130,
/adult-learner/course-detail/NYP-HSAF48/advanced-diploma-in-nursing-orthopaedics-adod1,(direct),195,18,194,8,205,203,1.009852217,10.43445304,0.02955665,24,195,18,194,8,205,203,1.009852217,10.43445304,0.02955665,24,
/adult-learner/course-detail/NYP-CB231015/1-day-search-engine-optimisation-fundamentals,(direct),194,28,194,3,198,198,1,7.913219136,0.055555556,26,194,28,194,3,198,198,1,7.913219136,0.055555556,26,
/adult-learner/course-detail/NYP-DXEP07/work-study-post-diploma-programme-specialist-diploma-in-user-experience-design-and-management,(organic),194,20,193,85,265,236,1.122881356,99.01761649,0.088983051,99,194,20,193,85,265,236,1.122881356,99.01761649,0.088983051,99,
/adult-learner/course-detail/NYP-JC1A22/learning-needs-and-skills-gap-analysis,(direct),194,23,194,18,204,203,1.004926108,43.21289091,0.019704433,36,194,23,194,18,204,203,1.004926108,43.21289091,0.019704433,36,
/adult-learner/course-detail/NYP-WSCC10_012/fabrication-of-meat-and-poultry,(direct),194,25,194,3,197,198,0.994949495,2.574150551,0.025252525,15,194,25,194,3,197,198,0.994949495,2.574150551,0.025252525,15,
/adult-learner/course-detail/NYP-CB231024/warehouse-and-inventory-management,(organic),193,113,193,56,257,231,1.112554113,154.9718346,0.203463203,163,193,113,193,56,257,231,1.112554113,154.9718346,0.203463203,163,
/adult-learner/course-detail/NYP-CL0518/creating-your-own-scented-candle,(direct),193,22,193,7,199,198,1.005050505,16.13454245,0.04040404,35,193,22,193,7,199,198,1.005050505,16.13454245,0.04040404,35,
/adult-learner/course-detail/NYP-HSAF26/advanced-diploma-in-nursing-neuroscience,(organic),193,62,193,61,252,225,1.12,105.3793379,0.151111111,125,193,62,193,61,252,225,1.12,105.3793379,0.151111111,125,
/adult-learner/course-detail/NYP-HSAF45/advanced-diploma-in-nursing-nephro-urology-adnu1,(direct),193,15,193,11,213,210,1.014285714,22.75010699,0.047619048,44,193,15,193,11,213,210,1.014285714,22.75010699,0.047619048,44,
/adult-learner/course-detail/NYP-HSAF51/advanced-diploma-in-nursing-perianaesthesia-adpa1,(direct),193,24,193,10,202,202,1,24.99496233,0.044554455,30,193,24,193,10,202,202,1,24.99496233,0.044554455,30,
/adult-learner/course-detail/NYP-CB1573/introduction-to-sustainability-for-hospitality-businesses,(direct),192,20,192,9,195,197,0.989847716,10.45027953,0.015228426,26,192,20,192,9,195,197,0.989847716,10.45027953,0.015228426,26,
/adult-learner/course-detail/NYP-CB231013/sustainability-at-our-core-equipping-you-to-drive-impact,(direct),192,82,191,17,220,199,1.105527638,13.73894764,0.075376884,62,192,82,191,17,220,199,1.105527638,13.73894764,0.075376884,62,
/adult-learner/course-detail/NYP-CL1249/good-manufacturing-practices-gmp-what-you-need-to-know,(organic),192,159,188,45,248,234,1.05982906,176.7745418,0.264957265,184,192,159,188,45,248,234,1.05982906,176.7745418,0.264957265,184,
/adult-learner/course-detail/NYP-DXEP05/work-study-post-diploma-specialist-diploma-in-digital-media-production,(organic),192,26,192,81,269,235,1.144680851,147.5497725,0.106382979,99,192,26,192,81,269,235,1.144680851,147.5497725,0.106382979,99,
/adult-learner/course-detail/NYP-WSCP32_009/food-safety-course-level-1,(direct),192,21,192,3,194,194,1,5.138856902,0.010309278,16,192,21,192,3,194,194,1,5.138856902,0.010309278,16,
/adult-learner/course-detail/NYP-WSCV02_002/singapore-inspired-bakes,(direct),192,16,191,15,200,198,1.01010101,18.70890437,0.025252525,25,192,16,191,15,200,198,1.01010101,18.70890437,0.025252525,25,
/adult-learner/course-detail/NYP-CB231010/1-day-hands-on-pay-per-click-search-advertising,(direct),191,25,191,3,191,191,1,5.029319911,0.015706806,18,191,25,191,3,191,191,1,5.029319911,0.015706806,18,
/adult-learner/course-detail/NYP-CB234002/digitalisation-for-tourism-skillsfuture-for-digital-workplace-20,(direct),190,27,189,9,210,209,1.004784689,10.60723627,0.09569378,31,190,27,189,9,210,209,1.004784689,10.60723627,0.09569378,31,
/adult-learner/course-detail/NYP-CE1539/edgeai-system-for-industry-40-applications-and-beyond,(direct),190,16,190,7,197,197,1,23.22731483,0.025380711,16,190,16,190,7,197,197,1,23.22731483,0.025380711,16,
/adult-learner/course-detail/NYP-CE241003/smart-connected-system-design-and-implementation,(direct),190,14,190,6,193,199,0.969849246,24.47112694,0.015075377,22,190,14,190,6,193,199,0.969849246,24.47112694,0.015075377,22,
/adult-learner/course-detail/NYP-CE246001/ai-roadmapping-for-companies-and-enterprises,(direct),190,23,190,7,191,191,1,14.51505863,0.015706806,15,190,23,190,7,191,191,1,14.51505863,0.015706806,15,
/adult-learner/course-detail/NYP-CI231004/design-thinking-for-innovation,(direct),190,21,189,24,197,196,1.005102041,16.01392785,0.056122449,31,190,21,189,24,197,196,1.005102041,16.01392785,0.056122449,31,
/adult-learner/course-type-quiz,(direct),190,26,190,28,210,200,1.05,34.90145165,0.04,27,190,26,190,28,210,200,1.05,34.90145165,0.04,27,
/adult-learner/course-detail/NYP-BMSP15/specialist-diploma-in-supply-chain-management,2025S1-sbm-acet,189,0,189,48,243,220,1.104545455,83.52109719,0.036363636,119,189,0,189,48,243,220,1.104545455,83.52109719,0.036363636,119,
/adult-learner/course-detail/NYP-CH0527/understand-dementia-just-forgetful-or-dementia,(direct),189,28,189,4,193,195,0.98974359,5.597240528,0.01025641,20,189,28,189,4,193,195,0.98974359,5.597240528,0.01025641,20,
/adult-learner/course-detail/NYP-EGDP07/diploma-in-engineering-public-transport-operations,cet-q1-2025,189,0,189,39,225,200,1.125,57.69464832,0.015,72,189,0,189,39,225,200,1.125,57.69464832,0.015,72,
/adult-learner/course-detail/NYP-ITSP08/specialist-diploma-in-cybersecurity,(organic),189,87,187,70,273,243,1.12345679,146.3598944,0.275720165,173,189,87,187,70,273,243,1.12345679,146.3598944,0.275720165,173,
/adult-learner/course-detail/NYP-CI241005/scaled-agile-framework-safe-scrum-master-synchronous-and-asynchronous-e-learning,(direct),188,17,188,8,196,196,1,33.9670927,0.030612245,21,188,17,188,8,196,196,1,33.9670927,0.030612245,21,
/adult-learner/course-detail/NYP-SI7073_005/generative-ai-smarter-faster-easier-content-creation-on-designsai-classroom-facilitated,(direct),188,33,188,16,202,198,1.02020202,37.40105578,0.045454545,26,188,33,188,16,202,198,1.02020202,37.40105578,0.045454545,26,
/adult-learner/course-detail/NYP-WSCA05_001/food-safety-course-level-3,(direct),188,24,188,5,192,194,0.989690722,11.31232779,0.046391753,31,188,24,188,5,192,194,0.989690722,11.31232779,0.046391753,31,
/adult-learner/course-detail/NYP-AS002Z/staff-training-and-development-part-of-pdc3-of-advanced-diploma-in-pharmaceutical-sciences,(direct),187,24,187,6,199,191,1.041884817,8.173030215,0.005235602,15,187,24,187,6,199,191,1.041884817,8.173030215,0.005235602,15,
/adult-learner/course-detail/NYP-AS007Z/drug-information-part-of-pdc2-of-advanced-diploma-in-pharmaceutical-sciences,(direct),187,16,187,3,189,189,1,3.731462222,0.021164021,17,187,16,187,3,189,189,1,3.731462222,0.021164021,17,
/adult-learner/course-detail/NYP-CI1291/secure-software-development-and-testing,(direct),187,19,187,9,224,207,1.082125604,53.68215984,0.053140097,35,187,19,187,9,224,207,1.082125604,53.68215984,0.053140097,35,
/adult-learner/course-detail/NYP-AS006Z/good-dispensing-practice-part-of-pdc2-of-advanced-diploma-in-pharmaceutical-sciences,(direct),186,19,186,8,197,190,1.036842105,30.24777987,0.010526316,22,186,19,186,8,197,190,1.036842105,30.24777987,0.010526316,22,
/adult-learner/course-detail/NYP-CB234001/digitalisation-for-transportation-skillsfuture-for-digital-workplace-20,(direct),186,21,186,10,199,193,1.031088083,16.40476532,0.067357513,38,186,21,186,10,199,193,1.031088083,16.40476532,0.067357513,38,
/adult-learner/course-detail/NYP-CE1151/introduction-to-deep-learning,(direct),186,13,186,6,191,190,1.005263158,5.458411,0.021052632,20,186,13,186,6,191,190,1.005263158,5.458411,0.021052632,20,
/adult-learner/course-detail/NYP-CE234002/digital-transformation-enablers-for-manufacturing-aerospace-mro-skillsfuture-for-digital-workplace-20,(direct),186,22,186,3,187,188,0.994680851,15.15081045,0.026595745,8,186,22,186,3,187,188,0.994680851,15.15081045,0.026595745,8,
/adult-learner/course-detail/NYP-CI1081/data-analytics-for-workplace,(direct),185,24,185,21,213,201,1.059701493,64.89103109,0.049751244,34,185,24,185,21,213,201,1.059701493,64.89103109,0.049751244,34,
/adult-learner/course-detail/NYP-CX241002/user-experience-for-everyone,(direct),185,21,185,3,186,188,0.989361702,2.553559415,0.021276596,21,185,21,185,3,186,188,0.989361702,2.553559415,0.021276596,21,
/adult-learner/course-detail/NYP-EGSP18/specialist-diploma-in-biomedical-and-pharmaceutical-engineeringhttps://www.nyp.edu.sg/adult-learner/course-detail/NYP-EGSP18/specialist-diploma-in-biomedical-and-pharmaceutical-engineering,(direct),185,68,185,0,185,188,0.984042553,3.598766755,0.063829787,28,185,68,185,0,185,188,0.984042553,3.598766755,0.063829787,28,
/adult-learner/course-detail/NYP-BMEP01/work-study-post-diploma-specialist-diploma-human-capital-management,(direct),184,20,184,28,197,199,0.989949749,39.94047419,0.045226131,49,184,20,184,28,197,199,0.989949749,39.94047419,0.045226131,49,
/adult-learner/course-detail/NYP-CE2010/using-python-for-data-analysis,(direct),184,14,184,20,213,204,1.044117647,43.21856047,0.073529412,50,184,14,184,20,213,204,1.044117647,43.21856047,0.073529412,50,
/adult-learner/course-detail/NYP-CH0490/diabetes-care-lifestyle-management,(direct),184,26,184,4,184,187,0.983957219,9.491618102,0.032085561,29,184,26,184,4,184,187,0.983957219,9.491618102,0.032085561,29,
/adult-learner/course-detail/NYP-CI1369/from-data-to-visualisation,(direct),184,27,184,18,203,197,1.030456853,35.35702614,0.045685279,24,184,27,184,18,203,197,1.030456853,35.35702614,0.045685279,24,
/adult-learner/course-detail/NYP-BMSP16/specialist-diploma-in-fund-management-and-administration,2025S1-sbm-acet,183,1,183,31,217,199,1.090452261,69.51033184,0.005025126,110,183,1,183,31,217,199,1.090452261,69.51033184,0.005025126,110,
/adult-learner/course-detail/NYP-SI7070_001/navigating-ai-and-sustainability-in-the-future-of-business,(direct),183,24,183,7,184,184,1,11.03648929,0.010869565,26,183,24,183,7,184,184,1,11.03648929,0.010869565,26,
/adult-learner/course-detail/NYP-WSCV07_001/food-safety-course-level-4,(organic),183,134,182,79,298,296,1.006756757,157.3865517,0.300675676,239,183,134,182,79,298,296,1.006756757,157.3865517,0.300675676,239,
/adult-learner/course-detail/NYP-CB1310/digital-video-production,(organic),182,133,182,49,224,221,1.013574661,108.4464552,0.285067873,174,182,133,182,49,224,221,1.013574661,108.4464552,0.285067873,174,
/adult-learner/course-detail/NYP-DXEP09/work-study-post-diploma-specialist-diploma-in-spatial-design,(organic),182,95,181,53,233,228,1.021929825,109.0864067,0.223684211,152,182,95,181,53,233,228,1.021929825,109.0864067,0.223684211,152,
/adult-learner/course-detail/NYP-WSCV02_009/classic-french-cakes,(direct),182,23,182,9,198,191,1.036649215,14.69250934,0.031413613,25,182,23,182,9,198,191,1.036649215,14.69250934,0.031413613,25,
/adult-learner/course-detail/NYP-WSCY03_801/sctp-higher-certificate-in-food-services-culinary-arts-part-time,(direct),182,25,182,2,184,183,1.005464481,9.843753765,0.038251366,22,182,25,182,2,184,183,1.005464481,9.843753765,0.038251366,22,
/adult-learner/course-detail/NYP-AS001Z/resource-planning-part-of-pdc3-of-advanced-diploma-in-pharmaceutical-sciences,(direct),181,21,181,3,191,186,1.02688172,6.013586172,0.021505376,13,181,21,181,3,191,186,1.02688172,6.013586172,0.021505376,13,
/adult-learner/course-detail/NYP-CL1249/good-manufacturing-practices-gmp-what-you-need-to-know,(direct),181,40,181,14,191,193,0.989637306,16.82359947,0.098445596,42,181,40,181,14,191,193,0.989637306,16.82359947,0.098445596,42,
/adult-learner/course-types/short-courses/culinary,(organic),181,145,181,29,228,198,1.151515152,94.48749893,0.217171717,86,181,145,181,29,228,198,1.151515152,94.48749893,0.217171717,86,
/adult-learner/skillsfuture-level-up,(referral),181,56,178,53,341,302,1.129139073,125.9278279,0.152317881,105,181,56,178,53,341,302,1.129139073,125.9278279,0.152317881,105,
/adult-learner/course-detail/NYP-CB2003/build-creative-winning-business-strategies,(direct),180,18,180,8,181,186,0.97311828,7.994486296,0.037634409,21,180,18,180,8,181,186,0.97311828,7.994486296,0.037634409,21,
/adult-learner/course-detail/NYP-CI241001/applied-generative-artificial-intelligence-real-world-project-development,(organic),180,12,179,61,219,207,1.057971014,111.7812437,0.096618357,84,180,12,179,61,219,207,1.057971014,111.7812437,0.096618357,84,
/adult-learner/course-detail/NYP-EGSPA4/post-diploma-certificate-in-sustainability-reporting-and-esg-data-management-part-of-specialist-diploma-in-carbon-management-for-sustainability-reporting,(organic),180,10,180,80,227,222,1.022522523,93.60808492,0.085585586,77,180,10,180,80,227,222,1.022522523,93.60808492,0.085585586,77,
/adult-learner/funding/incentives,cet-q1-2025,180,0,180,44,240,208,1.153846154,55.39541256,0.072115385,87,180,0,180,44,240,208,1.153846154,55.39541256,0.072115385,87,
/adult-learner/course-detail/NYP-BMSP19/specialist-diploma-in-human-capital-management,(direct),179,14,179,28,195,189,1.031746032,27.07812989,0.015873016,31,179,14,179,28,195,189,1.031746032,27.07812989,0.015873016,31,
/adult-learner/course-detail/NYP-CB1216/financial-analytics-with-python,(direct),179,35,179,5,181,182,0.994505495,7.501658764,0.027472527,36,179,35,179,5,181,182,0.994505495,7.501658764,0.027472527,36,
/adult-learner/course-detail/NYP-CB1538/social-commerce-fundamentals,(direct),179,20,179,4,200,187,1.069518717,4.364720262,0.026737968,13,179,20,179,4,200,187,1.069518717,4.364720262,0.026737968,13,
/adult-learner/skillsfuture-credit,(referral),179,40,178,49,355,299,1.18729097,173.8705849,0.110367893,89,179,40,178,49,355,299,1.18729097,173.8705849,0.110367893,89,
/adult-learner/course-detail/NYP-CB1037/hr-analytics,(direct),178,19,176,11,180,182,0.989010989,8.693329324,0.032967033,34,178,19,176,11,180,182,0.989010989,8.693329324,0.032967033,34,
/adult-learner/course-detail/NYP-CB241004/risk-management-in-sport-bizsafe-level-2,(direct),178,33,178,8,199,187,1.064171123,29.18708693,0.128342246,61,178,33,178,8,199,187,1.064171123,29.18708693,0.128342246,61,
/adult-learner/course-detail/NYP-CX1306/video-editing-made-easy-with-smartphone,(direct),178,13,178,6,179,180,0.994444444,12.69687187,0.027777778,13,178,13,178,6,179,180,0.994444444,12.69687187,0.027777778,13,
/adult-learner/course-detail/NYP-CX235005/ai-powered-content-creation,(direct),178,17,178,1,180,180,1,11.70375418,0.033333333,28,178,17,178,1,180,180,1,11.70375418,0.033333333,28,
/adult-learner/course-detail/NYP-CB1295/starting-your-coffee-business,(direct),177,16,177,10,183,182,1.005494505,8.455656747,0.038461538,32,177,16,177,10,183,182,1.005494505,8.455656747,0.038461538,32,
/adult-learner/course-detail/NYP-CB1333/consumer-behaviour,(direct),177,19,177,6,181,180,1.005555556,3.290248111,0.022222222,18,177,19,177,6,181,180,1.005555556,3.290248111,0.022222222,18,
/adult-learner/course-detail/NYP-AS008Z/medication-safety-part-of-pdc2-of-advanced-diploma-in-pharmaceutical-sciences,(direct),176,13,176,1,178,181,0.983425414,2.847885967,0.033149171,26,176,13,176,1,178,181,0.983425414,2.847885967,0.033149171,26,
/adult-learner/course-detail/NYP-CB1335/sales-closing-techniques,(direct),176,22,176,3,176,176,1,2.915428898,0.039772727,25,176,22,176,3,176,176,1,2.915428898,0.039772727,25,
/adult-learner/course-detail/NYP-CB1525/how-marketers-can-win-with-gen-z,(direct),176,20,176,4,177,180,0.983333333,2.463365117,0.033333333,21,176,20,176,4,177,180,0.983333333,2.463365117,0.033333333,21,
/adult-learner/course-detail/NYP-CE231014/9-day-precision-engineering-assessment-and-reskilling-lab-pearl-cnc-milling,(direct),176,34,176,12,187,185,1.010810811,28.47931651,0.059459459,37,176,34,176,12,187,185,1.010810811,28.47931651,0.059459459,37,
/adult-learner/course-detail/NYP-DXSP02/specialist-diploma-in-visual-effects,(organic),176,84,174,65,223,210,1.061904762,99.22417185,0.242857143,126,176,84,174,65,223,210,1.061904762,99.22417185,0.242857143,126,
/adult-learner/course-detail/NYP-CE1540/introduction-to-artificial-intelligence-and-machine-learning-synchronous-e-learning,cet-q1-2025,174,0,174,44,196,185,1.059459459,215.4933785,0.016216216,61,174,0,174,44,196,185,1.059459459,215.4933785,0.016216216,61,
/adult-learner/course-detail/NYP-CE231006/smart-sensing-and-iot-applications-making-it-work,(direct),174,13,174,9,182,182,1,20.02131787,0.038461538,28,174,13,174,9,182,182,1,20.02131787,0.038461538,28,
/adult-learner/course-detail/NYP-CX1497/blender-for-beginners,(direct),174,20,174,7,176,176,1,21.21189336,0.034090909,25,174,20,174,7,176,176,1,21.21189336,0.034090909,25,
/adult-learner/course-detail/NYP-CL240005/food-safety-and-cold-chain-management,(direct),173,22,172,15,184,178,1.033707865,29.09222648,0.04494382,45,173,22,172,15,184,178,1.033707865,29.09222648,0.04494382,45,
/adult-learner/course-detail/NYP-HSAF49/advanced-diploma-in-nursing-paediatrics-adpd1,(organic),173,97,173,52,237,216,1.097222222,113.0558336,0.24537037,166,173,97,173,52,237,216,1.097222222,113.0558336,0.24537037,166,
/adult-learner/course-detail/NYP-CB1531/skills-intelligence-synchronous-e-learning,(direct),172,29,172,5,178,177,1.005649718,4.516032514,0.050847458,21,172,29,172,5,178,177,1.005649718,4.516032514,0.050847458,21,
/adult-learner/course-detail/NYP-CB1536/certificate-in-fund-administration,(direct),172,21,172,7,173,177,0.97740113,6.156022266,0.050847458,29,172,21,172,7,173,177,0.97740113,6.156022266,0.050847458,29,
/adult-learner/course-detail/NYP-CE231015/9-day-precision-engineering-assessment-and-reskilling-lab-pearl-cnc-turning,(direct),172,17,172,8,178,180,0.988888889,18.37823933,0.038888889,22,172,17,172,8,178,180,0.988888889,18.37823933,0.038888889,22,
/adult-learner/course-detail/NYP-SI8035_002/digitalisation-for-food-services-skillsfuture-for-digital-workplace-20,(direct),171,19,171,1,171,174,0.982758621,1.964543391,0.011494253,11,171,19,171,1,171,174,0.982758621,1.964543391,0.011494253,11,
/adult-learner/course-detail/NYP-CB1250/design-thinking-for-an-innovative-workplace,(direct),170,14,170,4,171,174,0.982758621,14.9382231,0.011494253,24,170,14,170,4,171,174,0.982758621,14.9382231,0.011494253,24,
/adult-learner/course-detail/NYP-CB231025/storytelling-for-social-media-101,(direct),170,19,170,12,184,175,1.051428571,33.62340094,0.034285714,15,170,19,170,12,184,175,1.051428571,33.62340094,0.034285714,15,
/adult-learner/course-detail/NYP-AS004Z/medication-management-part-of-the-pdc1-advanced-diploma-in-pharmaceutical-sciences,(direct),169,19,169,5,169,171,0.988304094,9.441137649,0.011695906,23,169,19,169,5,169,171,0.988304094,9.441137649,0.011695906,23,
/adult-learner/course-detail/NYP-CX1259/bim-revit-for-architecture-level-2,(direct),169,26,169,3,170,172,0.988372093,4.406192273,0.081395349,31,169,26,169,3,170,172,0.988372093,4.406192273,0.081395349,31,
/adult-learner/course-detail/NYP-CX1541/digital-sculpting-in-blender,(direct),169,19,169,2,169,169,1,6.980470473,0.023668639,19,169,19,169,2,169,169,1,6.980470473,0.023668639,19,
/adult-learner/course-detail/NYP-EGQP06/wsq-diploma-in-precision-engineering-master-craftsman-skills,(direct),169,54,169,16,230,179,1.284916201,48.58709723,0.055865922,42,169,54,169,16,230,179,1.284916201,48.58709723,0.055865922,42,
/adult-learner/course-types/post-diploma-programmes/information-technology,cet-q1-2025,169,0,169,55,226,200,1.13,59.92870995,0.055,24,169,0,169,55,226,200,1.13,59.92870995,0.055,24,
/adult-learner/course-detail/NYP-CB1033/digital-marketing-for-hospitality-management-a-practical-approach,(direct),168,21,168,5,169,171,0.988304094,7.943082778,0.035087719,14,168,21,168,5,169,171,0.988304094,7.943082778,0.035087719,14,
/adult-learner/course-detail/NYP-CB241002/be-a-sport-safety-champion,(direct),168,24,168,6,174,170,1.023529412,12.48610466,0.041176471,26,168,24,168,6,174,170,1.023529412,12.48610466,0.041176471,26,
/adult-learner/course-detail/NYP-CB1342/tourism-market-research,(direct),167,17,167,1,166,170,0.976470588,2.016903465,0.029411765,14,167,17,167,1,166,170,0.976470588,2.016903465,0.029411765,14,
/adult-learner/course-detail/NYP-CE1510/demystify-generative-artificial-intelligence,(organic),167,42,166,60,212,202,1.04950495,142.9774468,0.178217822,97,167,42,166,60,212,202,1.04950495,142.9774468,0.178217822,97,
/adult-learner/course-detail/NYP-CH231003/suicide-risk-assessment-and-management,(direct),167,10,167,14,171,173,0.988439306,13.17157657,0.01734104,18,167,10,167,14,171,173,0.988439306,13.17157657,0.01734104,18,
/adult-learner/course-detail/NYP-SI4060_004/accelerate-sales-and-conversions-with-ai-powered-data-analytics-classroom-facilitated-practical-training-asynchronous-e-learning,(direct),167,24,167,13,172,174,0.988505747,16.74082016,0.022988506,19,167,24,167,13,172,174,0.988505747,16.74082016,0.022988506,19,
/adult-learner/course-types/post-diploma-programmes/business-management,cet-q1-2025,167,0,167,52,216,179,1.206703911,86.92001361,0.005586592,25,167,0,167,52,216,179,1.206703911,86.92001361,0.005586592,25,
/adult-learner/course-detail/NYP-CE231017/9-day-precision-engineering-assessment-and-reskilling-lab-pearl-conventional-machining,(direct),166,15,166,13,175,178,0.983146067,37.9681198,0.039325843,24,166,15,166,13,175,178,0.983146067,37.9681198,0.039325843,24,
/adult-learner/course-detail/NYP-HSAF31/advanced-diploma-in-nursing-nephro-urology,(organic),166,107,165,60,244,224,1.089285714,156.7381288,0.209821429,162,166,107,165,60,244,224,1.089285714,156.7381288,0.209821429,162,
/adult-learner/course-detail/NYP-CE1545/bridging-the-sustainability-gap-for-innovation-and-growth-classroom-and-synchronous-e-learning,(direct),164,25,164,6,172,170,1.011764706,12.97909335,0.017647059,14,164,25,164,6,172,170,1.011764706,12.97909335,0.017647059,14,
/adult-learner/course-detail/NYP-CB1271/stand-out-in-the-experience-economy-creating-special-moments-for-customers,(direct),163,16,163,1,163,165,0.987878788,2.809744594,0.024242424,17,163,16,163,1,163,165,0.987878788,2.809744594,0.024242424,17,
/adult-learner/course-detail/NYP-CE2007/introduction-to-design-thinking,(direct),163,17,163,9,171,170,1.005882353,22.04871673,0.029411765,29,163,17,163,9,171,170,1.005882353,22.04871673,0.029411765,29,
/adult-learner/course-detail/NYP-CH0529/living-well-designing-an-elderly-and-dementia-inclusive-smart-environment,(direct),163,20,163,3,166,167,0.994011976,8.952066293,0.017964072,25,163,20,163,3,166,167,0.994011976,8.952066293,0.017964072,25,
/adult-learner/course-detail/NYP-CI1236/computational-thinking-and-coding,(direct),163,11,163,12,165,165,1,21.81712134,0.006060606,16,163,11,163,12,165,165,1,21.81712134,0.006060606,16,
/adult-learner/course-detail/NYP-HSAF43/advanced-diploma-in-nursing-mental-health-admh1,(organic),163,101,163,42,210,202,1.03960396,127.1245716,0.227722772,147,163,101,163,42,210,202,1.03960396,127.1245716,0.227722772,147,
/adult-learner/course-detail/NYP-SI4058_003/cybersecurity-critical-protection-for-your-business-classroom-facilitated-practical-training-asynchronous-e-learning,(direct),163,22,163,3,167,169,0.98816568,9.213122959,0.053254438,20,163,22,163,3,167,169,0.98816568,9.213122959,0.053254438,20,
/adult-learner/course-detail/NYP-WSCA05_001/food-safety-course-level-3,(organic),163,125,163,46,239,217,1.101382488,159.4112256,0.221198157,180,163,125,163,46,239,217,1.101382488,159.4112256,0.221198157,180,
/adult-learner/course-detail/NYP-CB1570/how-to-create-a-unique-business,(direct),162,13,162,3,164,165,0.993939394,3.713663097,0.012121212,10,162,13,162,3,164,165,0.993939394,3.713663097,0.012121212,10,
/adult-learner/course-detail/NYP-CB1571/how-to-build-a-profit-driven-business,(direct),162,10,162,5,163,164,0.993902439,7.451010677,0.018292683,14,162,10,162,5,163,164,0.993902439,7.451010677,0.018292683,14,
/adult-learner/course-detail/NYP-SI4025_021/cross-border-e-commerce-mastering-selling-strategies-on-amazoncom-classroom-facilitated-asynchronous-e-learning,(direct),162,25,162,4,165,169,0.976331361,8.577874426,0.029585799,9,162,25,162,4,165,169,0.976331361,8.577874426,0.029585799,9,
/adult-learner/course-detail/NYP-SI7073_004/generative-ai-get-informed-entertained-and-inspired-with-microsoft-copilot-classroom-facilitated,(direct),162,28,162,12,169,167,1.011976048,37.41104942,0.035928144,14,162,28,162,12,169,167,1.011976048,37.41104942,0.035928144,14,
/adult-learner/course-detail/NYP-CE1544/business-growth-and-sustainability-classroom-and-synchronous-e-learning,(direct),161,19,161,4,162,165,0.981818182,5.946243503,0.024242424,15,161,19,161,4,162,165,0.981818182,5.946243503,0.024242424,15,
/adult-learner/course-detail/NYP-DXSP04/specialist-diploma-in-augmented-reality-and-virtual-reality,(organic),161,98,158,52,217,211,1.028436019,117.0725735,0.298578199,153,161,98,158,52,217,211,1.028436019,117.0725735,0.298578199,153,
/adult-learner/course-detail/NYP-CB0556/sc111-hands-on-tradenet-declaration,(organic),160,104,160,50,232,212,1.094339623,167.8165656,0.16509434,142,160,104,160,50,232,212,1.094339623,167.8165656,0.16509434,142,
/adult-learner/course-detail/NYP-CB1003/engaging-fandb-customers-on-social-media,(direct),160,25,160,2,160,161,0.99378882,4.859692118,0.031055901,20,160,25,160,2,160,161,0.99378882,4.859692118,0.031055901,20,
/adult-learner/course-detail/NYP-CI1326/rpa-for-the-digital-workplace,(direct),160,10,160,15,167,168,0.994047619,20.72408798,0.005952381,14,160,10,160,15,167,168,0.994047619,20.72408798,0.005952381,14,
/adult-learner/course-detail/NYP-WSCY02_801/sctp-certificate-in-food-services-pastry-and-baking-part-time,(organic),160,61,160,51,219,210,1.042857143,79.9277311,0.123809524,114,160,61,160,51,219,210,1.042857143,79.9277311,0.123809524,114,
/adult-learner/course-detail/NYP-CI1279/data-visualisation-practicum,(direct),159,10,159,17,176,174,1.011494253,28.56214739,0.057471264,22,159,10,159,17,176,174,1.011494253,28.56214739,0.057471264,22,
/adult-learner/course-detail/NYP-WSCV02_005/bagel-and-doughnut-creations,(direct),159,10,159,8,169,162,1.043209877,18.68326941,0.012345679,16,159,10,159,8,169,162,1.043209877,18.68326941,0.012345679,16,
/adult-learner/course-detail/NYP-CB231004/digital-marketing-for-hospitality-management-a-practical-approach-synchronous-elearning,(direct),158,18,158,1,158,161,0.98136646,3.970710745,0.031055901,12,158,18,158,1,158,161,0.98136646,3.970710745,0.031055901,12,
/adult-learner/course-detail/NYP-JC1A32/leading-the-future-of-workplace-learning-insights-from-the-national-workplace-learning-certification,(direct),158,11,158,6,159,161,0.98757764,6.86101223,0.00621118,11,158,11,158,6,159,161,0.98757764,6.86101223,0.00621118,11,
/adult-learner/course-detail/NYP-SI4032_801/alibaba-ceo-master-programme,(direct),158,73,158,3,158,163,0.969325153,8.131400307,0.042944785,18,158,73,158,3,158,163,0.969325153,8.131400307,0.042944785,18,
/adult-learner/course-detail/NYP-CL231002M01/carbon-accounting-and-management,(organic),157,96,157,47,202,192,1.052083333,108.813678,0.213541667,133,157,96,157,47,202,192,1.052083333,108.813678,0.213541667,133,
/adult-learner/course-detail/NYP-BMEP01/work-study-post-diploma-specialist-diploma-human-capital-management,(organic),156,10,156,63,226,203,1.113300493,135.3340394,0.098522167,107,156,10,156,63,226,203,1.113300493,135.3340394,0.098522167,107,
/adult-learner/course-detail/NYP-CE231014/9-day-precision-engineering-assessment-and-reskilling-lab-pearl-cnc-milling,(organic),155,124,155,39,220,199,1.105527638,165.8281083,0.211055276,146,155,124,155,39,220,199,1.105527638,165.8281083,0.211055276,146,
/adult-learner/course-detail/NYP-CL1300/understanding-the-immune-system-and-how-medication-interacts-with-it,(direct),155,29,154,14,166,162,1.024691358,19.5115903,0.086419753,33,155,29,154,14,166,162,1.024691358,19.5115903,0.086419753,33,
/adult-learner/course-detail/NYP-CL230002/introduction-to-peranakan-cuisine,(organic),154,102,154,29,180,165,1.090909091,58.01605276,0.212121212,123,154,102,154,29,180,165,1.090909091,58.01605276,0.212121212,123,
/adult-learner/course-detail/NYP-DXEP06/work-study-post-diploma-specialist-dip-in-digital-content-creation-for-e-commerce,(organic),154,14,153,58,220,191,1.151832461,84.06628914,0.109947644,80,154,14,153,58,220,191,1.151832461,84.06628914,0.109947644,80,
/adult-learner/course-detail/NYP-ITSPA4/post-diploma-certificate-in-machine-learning-and-operations-part-of-specialist-diploma-in-applied-artificial-intelligence-pcm,(direct),154,10,154,29,165,165,1,63.28014897,0.054545455,25,154,10,154,29,165,165,1,63.28014897,0.054545455,25,
/adult-learner/course-detail/NYP-SI4014_010/mobile-photography-with-your-smartphone-take-amazing-photos-tell-amazing-stories-classroom-facilitated-asynchronous-e-learning,(direct),154,12,154,4,161,160,1.00625,13.86774726,0.01875,13,154,12,154,4,161,160,1.00625,13.86774726,0.01875,13,
/adult-learner/course-detail/NYP-WSCV02_006/decorative-cupcakes,(direct),154,13,154,6,161,159,1.012578616,6.114979918,0.025157233,19,154,13,154,6,161,159,1.012578616,6.114979918,0.025157233,19,
/adult-learner/course-detail/NYP-JC1A19/workplace-learning-blueprint-development,(direct),153,20,153,13,176,165,1.066666667,14.70663163,0.048484848,28,153,20,153,13,176,165,1.066666667,14.70663163,0.048484848,28,
/adult-learner/course-types/post-diploma-programmes/engineering,cet-q1-2025,153,0,153,35,204,165,1.236363636,67.41602757,0.024242424,26,153,0,153,35,204,165,1.236363636,67.41602757,0.024242424,26,
/adult-learner/course-detail/NYP-WSCV01_002/advanced-baked-and-fried-dim-sum,(direct),150,19,150,7,153,161,0.950310559,6.318945211,0.043478261,17,150,19,150,7,153,161,0.950310559,6.318945211,0.043478261,17,
/adult-learner/course-detail/NYP-EGSP23/specialist-diploma-in-iot-for-sustainable-solutioning,(organic),149,36,148,56,205,202,1.014851485,146.9931404,0.138613861,88,149,36,148,56,205,202,1.014851485,146.9931404,0.138613861,88,
/adult-learner/course-detail/NYP-WSQC06_001/pwm-retail-customer-experience-management-sf-senior-associate-classroom-facilitated,(direct),149,20,149,8,150,151,0.993377483,9.728505815,0.039735099,17,149,20,149,8,150,151,0.993377483,9.728505815,0.039735099,17,
/adult-learner/course-detail/NYP-BMSP20/specialist-diploma-in-wholesale-and-trade-management,(organic),148,31,148,69,205,188,1.090425532,159.8198938,0.111702128,90,148,31,148,69,205,188,1.090425532,159.8198938,0.111702128,90,
/adult-learner/course-detail/NYP-HSSP15/specialist-diploma-in-nursing-ear-nose-and-throat,(organic),148,25,148,54,193,173,1.115606936,106.5464058,0.098265896,73,148,25,148,54,193,173,1.115606936,106.5464058,0.098265896,73,
/adult-learner/course-detail/NYP-JC1A31/assessing-and-reviewing-workplace-learning,(direct),148,16,148,6,150,151,0.993377483,10.08775057,0.013245033,12,148,16,148,6,150,151,0.993377483,10.08775057,0.013245033,12,
/adult-learner/course-detail/NYP-JC1D04/best-in-class-workplace-learning-strategies-learning-and-adapting-from-germany,(direct),148,9,148,7,150,148,1.013513514,8.490845432,0.013513514,10,148,9,148,7,150,148,1.013513514,8.490845432,0.013513514,10,
/adult-learner/course-detail/NYP-CX241003/storytelling-using-generative-artificial-intelligence,(organic),147,21,147,61,182,185,0.983783784,128.2609515,0.108108108,75,147,21,147,61,182,185,0.983783784,128.2609515,0.108108108,75,
/adult-learner/course-detail/NYP-EGSP22/specialist-diploma-in-sustainable-materials-management,(organic),147,25,147,65,189,188,1.005319149,76.07632034,0.106382979,87,147,25,147,65,189,188,1.005319149,76.07632034,0.106382979,87,
/adult-learner/course-detail/NYP-CB231022/international-trade-and-freight-management,(organic),146,56,145,48,181,165,1.096969697,99.92541213,0.163636364,88,146,56,145,48,181,165,1.096969697,99.92541213,0.163636364,88,
/adult-learner/course-detail/NYP-CX1529/circular-design-and-business-modelling-masterclass,(direct),146,24,146,5,147,149,0.986577181,12.89325923,0.040268456,22,146,24,146,5,147,149,0.986577181,12.89325923,0.040268456,22,
/adult-learner/course-detail/NYP-CL1300/understanding-the-immune-system-and-how-medication-interacts-with-it-synchronous-elearning,1.20217E+17,145,145,145,0,149,146,1.020547945,11.72064428,0.904109589,145,145,145,145,0,149,146,1.020547945,11.72064428,0.904109589,145,
/adult-learner/course-detail/NYP-CLSP05/specialist-diploma-in-energy-and-environmental-management-for-process-industry,(organic),145,55,145,50,172,167,1.02994012,62.98215379,0.149700599,96,145,55,145,50,172,167,1.02994012,62.98215379,0.149700599,96,
/adult-learner/course-detail/NYP-ITSPA4/post-diploma-certificate-in-machine-learning-and-operations-part-of-specialist-diploma-in-applied-artificial-intelligence-pcm,(organic),145,14,145,51,187,173,1.080924855,90.7625221,0.080924855,62,145,14,145,51,187,173,1.080924855,90.7625221,0.080924855,62,
/adult-learner/course-detail/NYP-WSCV05_001/food-and-wine-pairing,(direct),145,8,145,1,145,147,0.986394558,11.81313392,0.006802721,10,145,8,145,1,145,147,0.986394558,11.81313392,0.006802721,10,
/adult-learner/course-types/short-courses,(not set),145,9,145,50,230,179,1.284916201,91.29126494,0.072625698,42,145,9,145,50,230,179,1.284916201,91.29126494,0.072625698,42,
/adult-learner/course-detail/NYP-SI4059_004/generative-ai-content-creation-workshop-super-sprint-sales-and-marketing-performance-practical-asynchronous-e-learning,(direct),144,16,144,7,148,151,0.98013245,13.13154627,0.033112583,15,144,16,144,7,148,151,0.98013245,13.13154627,0.033112583,15,
/adult-learner/course-detail/NYP-CLSP05/specialist-diploma-in-energy-and-environmental-management-for-process-industry,1.20217E+17,143,143,143,2,149,147,1.013605442,6.243246735,0.918367347,145,143,143,143,2,149,147,1.013605442,6.243246735,0.918367347,145,
/adult-learner/course-detail/NYP-EGEP04/work-study-post-diploma-specialist-diploma-in-biomedical-and-pharmaceutical-engineering,(referral),143,0,143,33,272,210,1.295238095,101.9299031,0.176190476,103,143,0,143,33,272,210,1.295238095,101.9299031,0.176190476,103,
/adult-learner/course-detail/NYP-CE241002/microsoft-excel-for-workplace,(direct),142,9,142,17,145,148,0.97972973,20.5527624,0.067567568,34,142,9,142,17,145,148,0.97972973,20.5527624,0.067567568,34,
/adult-learner/course-detail/NYP-SI4063_002/tiktok-shop-optimise-your-social-media-marketing-engagement-and-boost-your-sales-classroom-facilitated-asynchronous-e-learning,(direct),142,14,142,5,142,145,0.979310345,9.135736021,0.04137931,21,142,14,142,5,142,145,0.979310345,9.135736021,0.04137931,21,
/adult-learner/course-detail/NYP-CB231011/trade-association-101-abridged-ta-101a,(direct),141,30,141,4,141,142,0.992957746,13.32731277,0.049295775,16,141,30,141,4,141,142,0.992957746,13.32731277,0.049295775,16,
/adult-learner/course-detail/NYP-BMDP04/diploma-in-business-practice-customer-relationship-and-service-management,2025S1-sbm-acet,140,0,140,39,201,169,1.189349112,83.78906268,0.071005917,98,140,0,140,39,201,169,1.189349112,83.78906268,0.071005917,98,
/adult-learner/course-detail/NYP-CB1037/hr-analytics,2025S1-sbm-acet,140,1,140,26,166,152,1.092105263,91.29059311,0.019736842,77,140,1,140,26,166,152,1.092105263,91.29059311,0.019736842,77,
/adult-learner/course-detail/NYP-CL1082/overview-of-sustainable-and-renewable-energy-technologies-for-a-smart-city,(referral),140,135,140,6,159,147,1.081632653,53.90798103,0.598639456,134,140,135,140,6,159,147,1.081632653,53.90798103,0.598639456,134,
/adult-learner/course-detail/NYP-HSAF52/advanced-diploma-in-nursing-perioperative-adpo1,(organic),140,77,139,44,212,193,1.098445596,131.9966183,0.243523316,143,140,77,139,44,212,193,1.098445596,131.9966183,0.243523316,143,
/adult-learner/course-detail/NYP-BMDP06/diploma-in-business-practice-supply-chain-management,2025S1-sbm-acet,139,0,139,27,190,161,1.180124224,105.4231141,0.02484472,92,139,0,139,27,190,161,1.180124224,105.4231141,0.02484472,92,
/adult-learner/course-detail/NYP-CL0443/eat-healthy-and-stay-beautiful-through-tcm-infused-diet,(organic),139,47,138,40,186,171,1.087719298,115.5969915,0.070175439,98,139,47,138,40,186,171,1.087719298,115.5969915,0.070175439,98,
/adult-learner/course-detail/NYP-CB231024/warehouse-and-inventory-management,2025S1-sbm-acet,138,0,138,22,194,170,1.141176471,101.2825011,0.064705882,83,138,0,138,22,194,170,1.141176471,101.2825011,0.064705882,83,
/adult-learner/course-detail/NYP-CE1510/demystify-generative-artificial-intelligence,cet-q1-2025,138,0,138,34,180,161,1.118012422,99.60908917,0.068322981,59,138,0,138,34,180,161,1.118012422,99.60908917,0.068322981,59,
/adult-learner/course-detail/NYP-CL241001/reducing-ghg-emissions-through-energy-management-and-audit,(organic),138,110,136,22,177,157,1.127388535,118.9795131,0.286624204,129,138,110,136,22,177,157,1.127388535,118.9795131,0.286624204,129,
/adult-learner/course-detail/NYP-ITSPA3/post-diploma-certificate-in-enterprise-big-data-management-part-of-specialist-diploma-in-business-and-big-data-analytics,(organic),138,14,138,58,168,169,0.99408284,168.918596,0.112426036,64,138,14,138,58,168,169,0.99408284,168.918596,0.112426036,64,
/adult-learner/course-detail/NYP-SI8032_003/critical-thinking-and-problem-solving,(organic),138,88,138,42,161,164,0.981707317,134.6228115,0.201219512,116,138,88,138,42,161,164,0.981707317,134.6228115,0.201219512,116,
/adult-learner/course-detail/NYP-EGDP04/diploma-in-engineering-aerospace-manufacturing,cet-q1-2025,137,0,137,27,168,150,1.12,75.8429253,0.006666667,61,137,0,137,27,168,150,1.12,75.8429253,0.006666667,61,
/adult-learner/course-detail/NYP-SI4047_004/social-commerce-boost-awareness-and-engagement-to-drive-your-business-growth-part-2-classroom-facilitated-practical-training-asynchronous-e-learning,(direct),137,6,137,3,138,141,0.978723404,7.644900007,0.007092199,10,137,6,137,3,138,141,0.978723404,7.644900007,0.007092199,10,
/adult-learner/course-detail/NYP-SI4053_003/casetrust-accreditation-scheme-for-e-commerce-business-individual-training-1-classroom-facilitated-practical-training,(direct),137,44,137,1,137,138,0.992753623,21.82400378,0.057971014,28,137,44,137,1,137,138,0.992753623,21.82400378,0.057971014,28,
/adult-learner/course-detail/NYP-SI4065_001/social-commerce-xiao-hong-shu-xhs-classroom-facilitated-practical-training-asynchronous-e-learning,(direct),135,15,135,6,136,145,0.937931034,7.358022159,0.062068966,18,135,15,135,6,136,145,0.937931034,7.358022159,0.062068966,18,
/adult-learner/course-detail/NYP-CB0556/sc111-hands-on-tradenet-declaration,(referral),134,1,134,44,198,177,1.118644068,151.0460191,0.11299435,93,134,1,134,44,198,177,1.118644068,151.0460191,0.11299435,93,
/adult-learner/course-detail/NYP-CH2013/stress-and-crises-in-relationships-for-working-adults,(direct),134,20,134,9,155,139,1.115107914,19.00228848,0.043165468,27,134,20,134,9,155,139,1.115107914,19.00228848,0.043165468,27,
/adult-learner/course-detail/NYP-CB231003/introduction-to-business-analytics-making-data-driven-decisions-for-business-executives,(organic),133,8,133,47,162,167,0.97005988,84.54582689,0.149700599,66,133,8,133,47,162,167,0.97005988,84.54582689,0.149700599,66,
/adult-learner/course-detail/NYP-SI4047_003/social-commerce-boost-awareness-and-engagement-to-drive-your-business-growth-part-1-classroom-facilitated-practical-training-asynchronous-e-learning,(direct),133,9,133,3,137,138,0.992753623,6.9514115,0.050724638,19,133,9,133,3,137,138,0.992753623,6.9514115,0.050724638,19,
/adult-learner/course-detail/NYP-WSQA04_010/pwm-retail-customer-experience-innovation-sf-supervisor,(direct),133,11,133,3,135,138,0.97826087,4.821502797,0.007246377,6,133,11,133,3,135,138,0.97826087,4.821502797,0.007246377,6,
/adult-learner/course-detail/NYP-JC1D03/a-new-dimension-in-workplace-learning-to-drive-business-growth-innovating-and-benchmarking-with-japans-best-in-class,(direct),132,15,132,3,133,135,0.985185185,3.342786244,0.022222222,9,132,15,132,3,133,135,0.985185185,3.342786244,0.022222222,9,
/adult-learner/course-detail/NYP-BMSPA8/post-diploma-certificate-in-fund-management-part-of-specialist-diploma-in-fund-management-and-administration,(direct),131,15,131,14,136,136,1,10.01408703,0.073529412,24,131,15,131,14,136,136,1,10.01408703,0.073529412,24,
/adult-learner/course-detail/NYP-CL240001/certificate-in-ojt-foundational-program,(direct),131,31,131,6,133,132,1.007575758,16.29834902,0.090909091,49,131,31,131,6,133,132,1.007575758,16.29834902,0.090909091,49,
/adult-learner/course-detail/NYP-SI4025_022/start-your-business-at-no-cost-using-affiliate-marketing-classroom-facilitated-asynchronous-e-learning,(direct),131,15,131,8,136,136,1,49.3890661,0.022058824,40,131,15,131,8,136,136,1,49.3890661,0.022058824,40,
/adult-learner/course-detail/NYP-HSSP15/specialist-diploma-in-nursing-ear-nose-and-throat,cet-q1-2025,130,0,130,24,142,136,1.044117647,27.17333645,0.014705882,32,130,0,130,24,142,136,1.044117647,27.17333645,0.014705882,32,
/adult-learner/course-detail/NYP-SI4024_040/ecommerce-sell-on-carousell-classroom-facilitated-asynchronous-e-learning,(direct),130,14,130,5,131,134,0.97761194,12.78674989,0.014925373,9,130,14,130,5,131,134,0.97761194,12.78674989,0.014925373,9,
/adult-learner/course-detail/NYP-WSQC05_009/pwm-retail-service-leadership-sf-associate,(direct),130,12,130,1,130,130,1,1.890280862,0,6,130,12,130,1,130,130,1,1.890280862,0,6,
/adult-learner/course-detail/NYP-BMDP07/diploma-in-business-practice-hospitality-and-tourism-management,2025S1-sbm-acet,129,0,129,31,169,150,1.126666667,87.8619497,0.053333333,94,129,0,129,31,169,150,1.126666667,87.8619497,0.053333333,94,
/adult-learner/course-detail/NYP-SI4058_004/omnicommerce-strategic-integration-to-drive-business-roi-classroom-facilitated-practical-training-asynchronous-e-learning,(direct),129,14,129,2,130,130,1,6.694116823,0.015384615,9,129,14,129,2,130,130,1,6.694116823,0.015384615,9,
/adult-learner/course-detail/NYP-WSCV01_003/advanced-steamed-dim-sum,(direct),128,12,128,2,128,130,0.984615385,10.19511312,0.030769231,17,128,12,128,2,128,130,0.984615385,10.19511312,0.030769231,17,
/adult-learner/course-detail/NYP-WSQC05_015/pwm-retail-service-challenges-sf-associate,(direct),128,12,128,2,128,129,0.992248062,2.293624853,0.015503876,15,128,12,128,2,128,129,0.992248062,2.293624853,0.015503876,15,
/adult-learner/course-detail/NYP-CB1334/digital-marketing,(organic),127,53,127,39,152,137,1.109489051,108.1725377,0.175182482,87,127,53,127,39,152,137,1.109489051,108.1725377,0.175182482,87,
/adult-learner/course-detail/NYP-CL1245/create-healthy-ice-cream-based-on-food-science-knowledge-in-food-pilot-plant,1.20217E+17,127,126,127,0,129,128,1.0078125,9.023466852,0.890625,128,127,126,127,0,129,128,1.0078125,9.023466852,0.890625,128,
/adult-learner/course-detail/NYP-WSCV01_008/hawker-noodle-dishes,(direct),127,13,127,10,128,132,0.96969697,37.38817323,0.037878788,24,127,13,127,10,128,132,0.96969697,37.38817323,0.037878788,24,
/adult-learner/course-detail/NYP-WSCY04_801/sctp-higher-certificate-in-food-services-pastry-and-baking-part-time,cet-q1-2025,127,0,127,25,146,134,1.089552239,55.73040654,0.037313433,42,127,0,127,25,146,134,1.089552239,55.73040654,0.037313433,42,
/adult-learner/course-detail/NYP-CB1536/certificate-in-fund-administration,2025S1-sbm-acet,126,0,126,19,140,131,1.06870229,40.05533207,0.015267176,56,126,0,126,19,140,131,1.06870229,40.05533207,0.015267176,56,
/adult-learner/course-detail/NYP-CX1258/bim-revit-for-architecture-level-1,(organic),126,102,125,31,170,163,1.042944785,92.68510236,0.239263804,128,126,102,125,31,170,163,1.042944785,92.68510236,0.239263804,128,
/adult-learner/course-detail/NYP-WSCV01_015/savoury-vietnamese-delights,(direct),126,8,126,10,126,127,0.992125984,6.996811425,0.023622047,23,126,8,126,10,126,127,0.992125984,6.996811425,0.023622047,23,
/adult-learner/course-detail/NYP-BMSP19/specialist-diploma-in-human-capital-management,(organic),125,21,125,55,187,162,1.154320988,128.0202337,0.111111111,61,125,21,125,55,187,162,1.154320988,128.0202337,0.111111111,61,
/adult-learner/course-detail/NYP-CL1302/functional-food-in-human-studies,(direct),125,10,125,5,134,132,1.015151515,6.113210553,0.037878788,27,125,10,125,5,134,132,1.015151515,6.113210553,0.037878788,27,
/adult-learner/skillsfuture-credit,2025S1-sbm-acet,125,3,107,73,238,170,1.4,59.08205495,0.223529412,74,125,3,107,73,238,170,1.4,59.08205495,0.223529412,74,
/adult-learner/course-detail/NYP-EGQP06/wsq-diploma-in-precision-engineering-master-craftsman-skills,(organic),124,88,124,49,209,196,1.066326531,132.9737768,0.301020408,143,124,88,124,49,209,196,1.066326531,132.9737768,0.301020408,143,
/adult-learner/course-detail/NYP-EGSPA3/post-diploma-certificate-in-carbon-management-for-a-sustainable-economy-part-of-specialist-diploma-in-carbon-management-for-sustainability-reporting,(organic),124,10,124,54,163,146,1.116438356,196.3388867,0.061643836,55,124,10,124,54,163,146,1.116438356,196.3388867,0.061643836,55,
/adult-learner/course-types/post-diploma-programmes,(referral),124,29,124,55,255,196,1.301020408,83.08169399,0.076530612,29,124,29,124,55,255,196,1.301020408,83.08169399,0.076530612,29,
/adult-learner/course-detail/NYP-CE231003/apply-generative-artificial-intelligence-for-your-industry,(organic),123,11,123,36,143,143,1,102.8248857,0.076923077,59,123,11,123,36,143,143,1,102.8248857,0.076923077,59,
/adult-learner/course-detail/NYP-CL0897/tcm-and-your-immune-system-boosting-your-immunity-with-ideas-from-east-and-west,cet-q1-2025,123,0,122,33,148,140,1.057142857,133.0991293,0.05,52,123,0,122,33,148,140,1.057142857,133.0991293,0.05,52,
/adult-learner/course-detail/NYP-HSAF47/advanced-diploma-in-nursing-oncology-adoc1,(organic),123,78,123,41,191,167,1.143712575,123.076673,0.275449102,135,123,78,123,41,191,167,1.143712575,123.076673,0.275449102,135,
/adult-learner/course-detail/NYP-SI4025_023/omnichannel-content-marketing-and-leads-generation-classroom-facilitated-asynchronous-e-learning,(direct),122,15,122,2,124,123,1.008130081,3.582800211,0.048780488,12,122,15,122,2,124,123,1.008130081,3.582800211,0.048780488,12,
/adult-learner/course-detail/NYP-SI4042_007/certified-digital-and-productivity-consultant,(direct),122,29,122,3,123,125,0.984,17.00307563,0.072,29,122,29,122,3,123,125,0.984,17.00307563,0.072,29,
/adult-learner/course-detail/NYP-BMSPA7/post-diploma-certificate-in-sport-management-part-of-specialist-diploma-in-sport-management-and-marketing,(direct),121,20,121,5,122,123,0.991869919,18.88101604,0.06504065,19,121,20,121,5,122,123,0.991869919,18.88101604,0.06504065,19,
/adult-learner/course-detail/NYP-HSAF21/advanced-diploma-in-nursing-midwifery,(direct),121,17,121,14,138,129,1.069767442,24.21901017,0.100775194,46,121,17,121,14,138,129,1.069767442,24.21901017,0.100775194,46,
/adult-learner/course-detail/NYP-CB241002/be-a-sport-safety-champion,2025S1-sbm-acet,119,4,119,14,187,137,1.364963504,40.17421474,0.02189781,88,119,4,119,14,187,137,1.364963504,40.17421474,0.02189781,88,
/adult-learner/course-detail/NYP-ITSP12/specialist-diploma-in-applied-artificial-intelligence,cet-q1-2025,119,0,119,24,166,146,1.136986301,90.14285918,0.068493151,66,119,0,119,24,166,146,1.136986301,90.14285918,0.068493151,66,
/adult-learner/course-types/post-diploma-programmes/applied-science,cet-q1-2025,119,0,119,18,170,133,1.278195489,51.59898882,0.022556391,13,119,0,119,18,170,133,1.278195489,51.59898882,0.022556391,13,
/adult-learner/course-detail/NYP-CB231022/international-trade-and-freight-management,2025S1-sbm-acet,118,0,118,22,151,136,1.110294118,62.52129342,0.058823529,52,118,0,118,22,151,136,1.110294118,62.52129342,0.058823529,52,
/adult-learner/course-detail/NYP-EGSPA1/post-diploma-certificate-in-gxp-of-operations-management-part-of-specialist-diploma-in-biomedical-and-pharmaceutical-engineering,(organic),118,2,118,53,138,127,1.086614173,71.81653253,0.015748031,41,118,2,118,53,138,127,1.086614173,71.81653253,0.015748031,41,
/adult-learner/course-detail/NYP-HSAF51/advanced-diploma-in-nursing-perianaesthesia-adpa1,(organic),118,68,117,34,154,144,1.069444444,307.4737502,0.222222222,106,118,68,117,34,154,144,1.069444444,307.4737502,0.222222222,106,
/adult-learner/course-detail/NYP-SI4034_010/professional-certificate-in-digital-retail-entertainment,(direct),118,16,118,1,118,121,0.975206612,4.623963471,0.033057851,25,118,16,118,1,118,121,0.975206612,4.623963471,0.033057851,25,
/adult-learner/course-detail/NYP-SI4064_007/youtube-content-creation-develop-your-unique-brand-that-stands-out-and-drives-engagement-classroom-facilitated-asynchronous-e-learning,(direct),118,8,116,9,121,123,0.983739837,22.45062337,0.040650407,19,118,8,116,9,121,123,0.983739837,22.45062337,0.040650407,19,
/adult-learner/course-detail/NYP-CL0522/ice-cream-making-made-easy,(direct),117,11,117,1,120,119,1.008403361,31.45783564,0.025210084,13,117,11,117,1,120,119,1.008403361,31.45783564,0.025210084,13,
/adult-learner/course-detail/NYP-HSSP09/specialist-diploma-in-nursing-diabetes-management-and-education,(organic),117,32,117,59,183,170,1.076470588,128.4515254,0.176470588,108,117,32,117,59,183,170,1.076470588,128.4515254,0.176470588,108,
/adult-learner,2024S2-sbm-acet,116,55,116,41,191,140,1.364285714,84.11402299,0.121428571,47,116,55,116,41,191,140,1.364285714,84.11402299,0.121428571,47,
/adult-learner/course-detail/NYP-CE1146/fundamentals-of-data-analytics,(organic),116,8,116,37,127,123,1.032520325,126.5380653,0.048780488,29,116,8,116,37,127,123,1.032520325,126.5380653,0.048780488,29,
/adult-learner/course-detail/NYP-HSAF38/advanced-diploma-in-nursing-community-health-adch1,(organic),115,6,115,49,147,135,1.088888889,114.7685523,0.059259259,55,115,6,115,49,147,135,1.088888889,114.7685523,0.059259259,55,
/adult-learner/course-detail/NYP-BMSPA4/post-diploma-certificate-in-materials-management-part-of-specialist-diploma-in-supply-chain-management,(direct),114,10,114,11,117,116,1.00862069,11.08669273,0.017241379,16,114,10,114,11,117,116,1.00862069,11.08669273,0.017241379,16,
/adult-learner/course-detail/NYP-EGSPA4/post-diploma-certificate-in-sustainability-reporting-and-esg-data-management-part-of-specialist-diploma-in-carbon-management-for-sustainability-reporting,cet-q1-2025,114,0,114,24,134,120,1.116666667,85.73012664,0.008333333,31,114,0,114,24,134,120,1.116666667,85.73012664,0.008333333,31,
/adult-learner/course-detail/NYP-WSQA04_007/service-coaching-sf-supervisor-classroom,(direct),114,11,114,3,116,116,1,22.08235879,0.017241379,11,114,11,114,3,116,116,1,22.08235879,0.017241379,11,
/adult-learner/course-detail/NYP-CL1245/create-healthy-ice-cream-based-on-food-science-knowledge-in-food-pilot-plant,(organic),113,84,111,17,130,124,1.048387097,92.56368367,0.306451613,105,113,84,111,17,130,124,1.048387097,92.56368367,0.306451613,105,
/adult-learner/course-detail/NYP-CLSP06/specialist-diploma-in-nutrition-science,cet-q1-2025,113,0,113,32,141,138,1.02173913,60.48771339,0.079710145,54,113,0,113,32,141,138,1.02173913,60.48771339,0.079710145,54,
/adult-learner/course-types/short-courses,2025S1-sbm-acet,113,1,113,44,152,129,1.178294574,81.93834135,0.007751938,32,113,1,113,44,152,129,1.178294574,81.93834135,0.007751938,32,
/adult-learner/course-detail/NYP-CB231023/sustainability-in-sourcing-and-procurement-strategies,(organic),112,43,112,38,139,130,1.069230769,155.912255,0.138461538,79,112,43,112,38,139,130,1.069230769,155.912255,0.138461538,79,
/adult-learner/course-detail/NYP-CB0554/sc102-classification-and-the-harmonised-system,(organic),111,32,111,41,153,159,0.962264151,160.838092,0.144654088,77,111,32,111,41,153,159,0.962264151,160.838092,0.144654088,77,
/adult-learner/course-detail/NYP-EGSPA1/post-diploma-certificate-in-gxp-of-operations-management-part-of-specialist-diploma-in-biomedical-and-pharmaceutical-engineering,cet-q1-2025,111,0,111,21,124,118,1.050847458,64.16610522,0.025423729,33,111,0,111,21,124,118,1.050847458,64.16610522,0.025423729,33,
/adult-learner/course-detail/NYP-WSCV02_001/healthy-vegan-and-gluten-free-creations,(direct),110,12,110,5,117,113,1.03539823,9.423227274,0.017699115,13,110,12,110,5,117,113,1.03539823,9.423227274,0.017699115,13,
/adult-learner/course-detail/NYP-WSQV03_014/financial-analysis-sf-manager,(direct),110,12,110,13,111,112,0.991071429,9.22529658,0.0625,16,110,12,110,13,111,112,0.991071429,9.22529658,0.0625,16,
/adult-learner/course-types/recommended/Marketing,(organic),110,84,109,24,149,126,1.182539683,96.39020044,0.253968254,56,110,84,109,24,149,126,1.182539683,96.39020044,0.253968254,56,
/adult-learner/course-detail/NYP-BMSP13/specialist-diploma-in-human-resource-management,cet-q1-2025,109,0,109,37,152,136,1.117647059,357.8168064,0.088235294,74,109,0,109,37,152,136,1.117647059,357.8168064,0.088235294,74,
/adult-learner/course-detail/NYP-CB241004/risk-management-in-sport-bizsafe-level-2,(organic),109,97,107,16,144,138,1.043478261,102.7830604,0.297101449,126,109,97,107,16,144,138,1.043478261,102.7830604,0.297101449,126,
/adult-learner/course-detail/NYP-CX1497/blender-for-beginners,(organic),109,75,109,22,154,154,1,88.34108318,0.298701299,105,109,75,109,22,154,154,1,88.34108318,0.298701299,105,
/adult-learner/course-detail/NYP-SI4024_038/mastering-the-art-of-making-a-powerful-sales-pitch-classroom-facilitated-asynchronous-e-learning,(direct),109,11,108,6,112,116,0.965517241,10.5899819,0.043103448,17,109,11,108,6,112,116,0.965517241,10.5899819,0.043103448,17,
/adult-learner/course-detail/NYP-SI4060_005/supercharge-sales-with-automated-omnichannel-integration-classroom-facilitated-practical-training-asynchronous-e-learning,(direct),109,19,109,2,112,111,1.009009009,9.012319189,0.054054054,25,109,19,109,2,112,111,1.009009009,9.012319189,0.054054054,25,
/adult-learner/course-detail/NYP-WSCP44_001/pwm-food-services-food-waste-disposal-and-reduction,(direct),109,11,109,2,110,111,0.990990991,8.629564559,0.027027027,11,109,11,109,2,110,111,0.990990991,8.629564559,0.027027027,11,
/adult-learner/course-detail/NYP-CE2011/using-python-for-data-analysis-synchronous-e-learning,(direct),108,83,107,19,147,128,1.1484375,99.52112549,0.2578125,98,108,83,107,19,147,128,1.1484375,99.52112549,0.2578125,98,
/adult-learner/course-detail/NYP-SI7073_005/generative-ai-smarter-faster-easier-content-creation-on-designsai-classroom-facilitated,cet-q1-2025,108,0,108,29,128,124,1.032258065,80.121896,0.064516129,41,108,0,108,29,128,124,1.032258065,80.121896,0.064516129,41,
/adult-learner/course-detail/NYP-CB0554/sc102-classification-and-the-harmonised-system,(referral),107,3,106,37,155,137,1.131386861,133.4903026,0.080291971,65,107,3,106,37,155,137,1.131386861,133.4903026,0.080291971,65,
/adult-learner/course-detail/NYP-CB241006/hospitality-industry-analytics,(direct),107,14,107,12,113,114,0.99122807,15.5093674,0.00877193,15,107,14,107,12,113,114,0.99122807,15.5093674,0.00877193,15,
/adult-learner/course-detail/NYP-EGDP05/diploma-in-engineering-mechatronics,cet-q1-2025,107,2,107,34,168,134,1.253731343,103.540174,0.059701493,65,107,2,107,34,168,134,1.253731343,103.540174,0.059701493,65,
/adult-learner/course-detail/NYP-ITSPA4/post-diploma-certificate-in-machine-learning-and-operations-part-of-specialist-diploma-in-applied-artificial-intelligence-pcm,cet-q1-2025,106,0,106,29,125,117,1.068376068,99.94769615,0.025641026,29,106,0,106,29,125,117,1.068376068,99.94769615,0.025641026,29,
/adult-learner/course-detail/NYP-WSCY06_801/sctp-advanced-certificate-in-food-services-pastry-and-baking-part-time,(organic),106,32,106,34,144,123,1.170731707,122.1826374,0.048780488,58,106,32,106,34,144,123,1.170731707,122.1826374,0.048780488,58,
/adult-learner/course-detail/NYP-CI231002/data-management-and-analysis,(organic),105,54,105,30,140,129,1.085271318,93.79206195,0.263565891,81,105,54,105,30,140,129,1.085271318,93.79206195,0.263565891,81,
/adult-learner/course-detail/NYP-DXSP03/specialist-diploma-in-service-experience-design-and-innovation,cet-q1-2025,105,0,97,25,120,114,1.052631579,94.79510684,0.105263158,49,105,0,97,25,120,114,1.052631579,94.79510684,0.105263158,49,
/adult-learner/course-detail/NYP-CE1239/robotic-process-automation-rpa-for-beginners,(organic),103,52,103,23,126,121,1.041322314,149.5526213,0.20661157,83,103,52,103,23,126,121,1.041322314,149.5526213,0.20661157,83,
/adult-learner/course-detail/NYP-EG901W/apply-additive-manufacturing-technology-pe-sf,(direct),103,9,103,7,108,107,1.009345794,19.06325655,0.018691589,12,103,9,103,7,108,107,1.009345794,19.06325655,0.018691589,12,
/adult-learner/course-detail/NYP-WSCP52_001/pwm-food-services-food-safety-course-level-3,(direct),103,7,103,4,104,105,0.99047619,33.11897008,0.028571429,14,103,7,103,4,104,105,0.99047619,33.11897008,0.028571429,14,
/adult-learner/course-detail/NYP-WSQV01_005/productivity-improvement-sf-associate,(direct),103,10,103,3,104,105,0.99047619,4.642764267,0.019047619,13,103,10,103,3,104,105,0.99047619,4.642764267,0.019047619,13,
/adult-learner/course-detail/NYP-CI241006/operational-technology-security-fundamentals,(organic),102,60,102,34,132,132,1,123.068495,0.196969697,86,102,60,102,34,132,132,1,123.068495,0.196969697,86,
/adult-learner/course-detail/NYP-CL1301/right-food-with-right-medicine-for-diabetes-and-heart-patients-synchronous-elearning,(not set),102,100,102,4,115,105,1.095238095,77.2184494,0.39047619,105,102,100,102,4,115,105,1.095238095,77.2184494,0.39047619,105,
/adult-learner/course-detail/NYP-SI7025_011/engage-customers-through-social-media-classroom-facilitated,(direct),102,6,102,3,103,105,0.980952381,5.116049171,0.019047619,13,102,6,102,3,103,105,0.980952381,5.116049171,0.019047619,13,
/adult-learner/course-detail/NYP-BMSPA1/post-diploma-certificate-in-applied-analytics-and-digitalisation-in-hr-part-of-specialist-diploma-in-hr-analytics-and-digitalisation,(direct),101,9,101,13,118,113,1.044247788,74.21172329,0.053097345,28,101,9,101,13,118,113,1.044247788,74.21172329,0.053097345,28,
/adult-learner/course-detail/NYP-CL1299/sanitisation-technology-and-management-of-infectious-disease-threat,(direct),101,9,101,2,107,102,1.049019608,8.848431853,0.029411765,7,101,9,101,2,107,102,1.049019608,8.848431853,0.029411765,7,
/adult-learner/course-detail/NYP-HSCP07/certificate-in-bridging-studies-for-enrolled-nurse,(direct),101,30,96,50,179,166,1.078313253,170.744193,0.295180723,135,101,30,96,50,179,166,1.078313253,170.744193,0.295180723,135,
/adult-learner/course-detail/NYP-JC1A20/mentoring-for-the-workplace,(direct),101,9,101,5,105,103,1.019417476,15.13872917,0.019417476,10,101,9,101,5,105,103,1.019417476,15.13872917,0.019417476,10,
/adult-learner/course-detail/NYP-CL0901/tcm-life-skills-in-sub-health-management-of-common-conditions,(direct),100,22,100,7,101,100,1.01,11.61276489,0.09,21,100,22,100,7,101,100,1.01,11.61276489,0.09,21,
/adult-learner/course-detail/NYP-DXEP07/work-study-post-diploma-programme-specialist-diploma-in-user-experience-design-and-management,(referral),100,1,100,24,134,117,1.145299145,55.44769979,0.017094017,38,100,1,100,24,134,117,1.145299145,55.44769979,0.017094017,38,
/adult-learner/course-detail/NYP-EGSPA6/post-diploma-certificate-in-iot-implementation-for-sustainability-solutioning-part-of-specialist-diploma-in-iot-for-sustainable-solutioning,(organic),100,15,100,43,150,140,1.071428571,104.2141494,0.1,52,100,15,100,43,150,140,1.071428571,104.2141494,0.1,52,
/adult-learner/course-detail/NYP-WSCY05_801/sctp-advanced-certificate-in-food-services-culinary-arts-part-time,(organic),100,8,100,37,115,109,1.055045872,104.6830234,0.009174312,36,100,8,100,37,115,109,1.055045872,104.6830234,0.009174312,36,
/adult-learner/skillsfuture-level-up,2025S1-sbm-acet,100,0,98,61,159,126,1.261904762,64.80011665,0.079365079,42,100,0,98,61,159,126,1.261904762,64.80011665,0.079365079,42,
/adult-learner/course-detail/NYP-CL1301/right-food-with-right-medicine-for-diabetes-and-heart-patients-synchronous-elearning,(referral),98,95,98,8,131,117,1.11965812,40.47447746,0.401709402,116,98,95,98,8,131,117,1.11965812,40.47447746,0.401709402,116,
/adult-learner/course-detail/NYP-SI7026_002/basics-in-content-generation-classroom-facilitated,(direct),98,10,98,2,100,99,1.01010101,5.319294192,0.01010101,5,98,10,98,2,100,99,1.01010101,5.319294192,0.01010101,5,
/adult-learner/course-detail/NYP-DXEP05/work-study-post-diploma-specialist-diploma-in-digital-media-production,(referral),97,1,97,25,134,121,1.107438017,74.76349744,0.082644628,42,97,1,97,25,134,121,1.107438017,74.76349744,0.082644628,42,
/adult-learner/course-detail/NYP-ITSP08/specialist-diploma-in-cybersecurity,(direct),97,19,97,28,113,112,1.008928571,56.23546198,0.151785714,45,97,19,97,28,113,112,1.008928571,56.23546198,0.151785714,45,
/adult-learner/course-detail/NYP-WSCP32_008/food-safety-course-level-1,(organic),97,78,97,16,108,105,1.028571429,126.5794687,0.180952381,88,97,78,97,16,108,105,1.028571429,126.5794687,0.180952381,88,
/adult-learner/course-types/recommended/business,2024S2-sbm-acet,97,0,94,60,191,125,1.528,117.5603223,0.104,65,97,0,94,60,191,125,1.528,117.5603223,0.104,65,
/adult-learner/course-detail/NYP-CH231004/leading-self-in-organisations,(direct),96,13,96,7,98,101,0.97029703,10.28651182,0.059405941,11,96,13,96,7,98,101,0.97029703,10.28651182,0.059405941,11,
/adult-learner/course-detail/NYP-EG902W/apply-computer-aided-design-cad-techniques-for-additive-manufacturing-pe-sf,(direct),96,8,96,6,98,101,0.97029703,10.80601873,0.02970297,10,96,8,96,6,98,101,0.97029703,10.80601873,0.02970297,10,
/adult-learner/course-types/brown-bag-learning,(direct),96,9,95,8,102,99,1.03030303,40.837961,0.01010101,19,96,9,95,8,102,99,1.03030303,40.837961,0.01010101,19,
/adult-learner/course-detail/NYP-HSAF44/advanced-diploma-in-nursing-midwifery-admw1,(organic),95,15,95,40,139,131,1.061068702,85.23274942,0.213740458,72,95,15,95,40,139,131,1.061068702,85.23274942,0.213740458,72,
/adult-learner/course-detail/NYP-WSCV02_002/singapore-inspired-bakes,cet-q1-2025,95,0,95,21,115,102,1.12745098,112.6848911,0.009803922,27,95,0,95,21,115,102,1.12745098,112.6848911,0.009803922,27,
/adult-learner/course-detail/NYP-CI241003/leading-scaled-agile-framework-safe-synchronous-and-asynchronous-e-learning,(direct),94,11,94,4,97,96,1.010416667,10.43685141,0.03125,8,94,11,94,4,97,96,1.010416667,10.43685141,0.03125,8,
/adult-learner/course-types/work-study-post-diplomas,(not set),94,58,94,20,114,102,1.117647059,62.71153833,0.509803922,68,94,58,94,20,114,102,1.117647059,62.71153833,0.509803922,68,
/adult-learner/course-detail/NYP-CL1301/right-food-with-right-medicine-for-diabetes-and-heart-patients,(direct),93,5,92,8,100,99,1.01010101,41.88301383,0.050505051,19,93,5,92,8,100,99,1.01010101,41.88301383,0.050505051,19,
/adult-learner/course-detail/NYP-SI7025_015/digital-skills-enhance-your-work-and-daily-productivity-classroom-facilitated,(direct),93,5,93,16,98,97,1.010309278,27.97915711,0.020618557,10,93,5,93,16,98,97,1.010309278,27.97915711,0.020618557,10,
/adult-learner/course-detail/NYP-CB234001/digitalisation-for-transportation-skillsfuture-for-digital-workplace-20,2025S1-sbm-acet,92,0,92,22,121,103,1.174757282,79.07052868,0.009708738,44,92,0,92,22,121,103,1.174757282,79.07052868,0.009708738,44,
/adult-learner/course-detail/NYP-CI1081/data-analytics-for-workplace,(organic),92,8,92,44,116,118,0.983050847,71.73359512,0.118644068,45,92,8,92,44,116,118,0.983050847,71.73359512,0.118644068,45,
/adult-learner/course-detail/NYP-ITSP09/specialist-diploma-in-business-and-big-data-analytics,cet-q1-2025,92,0,92,37,123,112,1.098214286,168.4107767,0.053571429,49,92,0,92,37,123,112,1.098214286,168.4107767,0.053571429,49,
/adult-learner/course-detail/NYP-CB1343/optimising-sales-profit-with-effective-management-of-event-and-roadshow,(direct),91,6,91,4,91,91,1,2.487501121,0.010989011,9,91,6,91,4,91,91,1,2.487501121,0.010989011,9,
/adult-learner/course-detail/NYP-EGEP02/work-study-post-diploma-specialist-diploma-in-converged-infocomm-infrastructure,(referral),91,3,91,25,134,123,1.089430894,78.94192189,0.089430894,38,91,3,91,25,134,123,1.089430894,78.94192189,0.089430894,38,
/adult-learner/course-detail/NYP-ITEP02/work-study-post-diploma-specialist-diploma-in-agile-solutioning-and-devsecops,(referral),91,0,91,25,140,122,1.147540984,94.63311667,0.098360656,33,91,0,91,25,140,122,1.147540984,94.63311667,0.098360656,33,
/adult-learner/course-detail/NYP-CB0555/sc103-rules-of-origin-free-trade-agreements,(organic),90,38,90,35,125,123,1.016260163,175.5345361,0.162601626,67,90,38,90,35,125,123,1.016260163,175.5345361,0.162601626,67,
/adult-learner/skillsfuture-credit,oh2025,90,0,83,53,144,111,1.297297297,56.20977405,0.144144144,42,90,0,83,53,144,111,1.297297297,56.20977405,0.144144144,42,
/adult-learner/course-detail/NYP-ASSP01/specialist-diploma-in-environmental-management-and-applied-water-technology,(referral),89,82,89,11,102,98,1.040816327,48.62352158,0.56122449,85,89,82,89,11,102,98,1.040816327,48.62352158,0.56122449,85,
/adult-learner/course-detail/NYP-CI231003/robotic-process-automation,(organic),89,52,89,28,130,127,1.023622047,102.5612645,0.307086614,92,89,52,89,28,130,127,1.023622047,102.5612645,0.307086614,92,
/adult-learner/course-types/career-transition-conversion-programmes,(referral),88,27,88,23,149,123,1.211382114,70.7777115,0.040650407,15,88,27,88,23,149,123,1.211382114,70.7777115,0.040650407,15,
/adult-learner/course-detail/NYP-CB1578/event-branding-and-social-media-marketing,(organic),87,16,87,29,101,98,1.030612245,105.5485747,0.132653061,50,87,16,87,29,101,98,1.030612245,105.5485747,0.132653061,50,
/adult-learner/course-detail/NYP-CE1543/software-quality-assurance-essentials,(direct),87,36,87,11,101,100,1.01,64.28797928,0.2,46,87,36,87,11,101,100,1.01,64.28797928,0.2,46,
/adult-learner/course-detail/NYP-DXSP02/specialist-diploma-in-visual-effects,cet-q1-2025,87,0,82,30,103,94,1.095744681,61.94814019,0.117021277,44,87,0,82,30,103,94,1.095744681,61.94814019,0.117021277,44,
/adult-learner/course-detail/NYP-EG904W/apply-advanced-design-for-additive-manufacturing-pe-sf,(direct),87,9,87,4,88,88,1,11.45849539,0.034090909,6,87,9,87,4,88,88,1,11.45849539,0.034090909,6,
/adult-learner/course-detail/NYP-EGEP06/work-study-post-diploma-specialist-diploma-in-robotics-and-automation-systems-design,(organic),87,8,87,33,120,96,1.25,100.0448456,0.03125,38,87,8,87,33,120,96,1.25,100.0448456,0.03125,38,
/adult-learner/course-detail/NYP-CE241005/medical-device-electrical-safety-testing-iec60601iec62353-and-functional-analysis,(direct),86,6,86,2,87,90,0.966666667,13.27665299,0.022222222,10,86,6,86,2,87,90,0.966666667,13.27665299,0.022222222,10,
/adult-learner/course-detail/NYP-BMSP18/specialist-diploma-in-sport-management-and-marketing,2025S1-sbm-acet,85,1,85,14,107,95,1.126315789,228.1510344,0.084210526,61,85,1,85,14,107,95,1.126315789,228.1510344,0.084210526,61,
/adult-learner/course-detail/NYP-CL231002M01/carbon-accounting-and-management,cet-q1-2025,85,0,85,13,91,87,1.045977011,71.37342913,0,27,85,0,85,13,91,87,1.045977011,71.37342913,0,27,
/adult-learner/course-detail/NYP-DXSP01/specialist-diploma-in-smart-project-and-facilities-management,cet-q1-2025,85,0,70,33,117,108,1.083333333,123.3441288,0.203703704,74,85,0,70,33,117,108,1.083333333,123.3441288,0.203703704,74,
/adult-learner/course-detail/NYP-EGSP14/specialist-diploma-in-edge-intelligence-and-embedded-systems,(organic),85,26,85,35,121,104,1.163461538,118.2156845,0.096153846,44,85,26,85,35,121,104,1.163461538,118.2156845,0.096153846,44,
/adult-learner/course-detail/NYP-HSAF32/advanced-diploma-in-nursing-community-health,cet-q1-2025,85,0,85,10,101,90,1.122222222,85.99902793,0.022222222,33,85,0,85,10,101,90,1.122222222,85.99902793,0.022222222,33,
/adult-learner/course-detail/NYP-ITLP01/work-study-certificate-leading-to-diploma-in-infocomm-and-digital-media-it-network-and-system-administration-dinsa2,cet-q1-2025,85,0,85,22,102,96,1.0625,99.04567516,0.041666667,30,85,0,85,22,102,96,1.0625,99.04567516,0.041666667,30,
/adult-learner/course-detail/NYP-JC1D06/best-in-class-workplace-learning-strategies-learning-and-adapting-from-japan,(direct),85,7,85,2,86,88,0.977272727,13.64944376,0.011363636,7,85,7,85,2,86,88,0.977272727,13.64944376,0.011363636,7,
/adult-learner/course-type-quiz,cet-q1-2025,85,0,85,13,99,89,1.112359551,27.87468687,0.033707865,11,85,0,85,13,99,89,1.112359551,27.87468687,0.033707865,11,
/adult-learner/course-detail/NYP-CI241004/project-management-professional-synchronous-e-learning,(direct),84,31,84,23,98,97,1.010309278,176.0856336,0.237113402,61,84,31,84,23,98,97,1.010309278,176.0856336,0.237113402,61,
/adult-learner/course-detail/NYP-JC1A33/building-a-culture-of-learning-best-practices-and-actionable-strategies-for-managers,(direct),84,11,84,4,85,85,1,7.561735941,0.058823529,11,84,11,84,4,85,85,1,7.561735941,0.058823529,11,
/adult-learner/course-detail/NYP-SI7025_014/sf-series-personal-online-branding-classroom-facilitated,(direct),84,11,84,4,86,87,0.988505747,9.408612241,0.068965517,18,84,11,84,4,86,87,0.988505747,9.408612241,0.068965517,18,
/adult-learner/course-detail/NYP-SI8040_001/introduction-to-sake,(direct),84,8,84,4,86,87,0.988505747,16.05803047,0.034482759,14,84,8,84,4,86,87,0.988505747,16.05803047,0.034482759,14,
/adult-learner/course-detail/NYP-WSCC10_019/food-safety-course-level-1,(direct),84,7,84,2,84,84,1,6.158659512,0,10,84,7,84,2,84,84,1,6.158659512,0,10,
/adult-learner/course-detail/NYP-ASSPA3/post-diploma-certificate-in-energy-management-for-process-industry-part-of-specialist-diploma-in-energy-and-environmental-management-for-process-industry,(organic),83,25,81,27,95,94,1.010638298,93.74099215,0.085106383,47,83,25,81,27,95,94,1.010638298,93.74099215,0.085106383,47,
/adult-learner/course-detail/NYP-CB241004/risk-management-in-sport-bizsafe-level-2,2025S1-sbm-acet,83,1,83,19,117,93,1.258064516,48.59929347,0,38,83,1,83,19,117,93,1.258064516,48.59929347,0,38,
/adult-learner/course-detail/NYP-WSCP53_001/pwm-food-services-project-a-positive-and-professional-image,(direct),83,7,83,1,85,85,1,5.534594624,0.023529412,10,83,7,83,1,85,85,1,5.534594624,0.023529412,10,
/adult-learner/course-types/post-diploma-programmes,2025S1-sbm-acet,83,1,82,23,123,96,1.28125,52.79265545,0.020833333,10,83,1,82,23,123,96,1.28125,52.79265545,0.020833333,10,
/adult-learner/course-detail/NYP-BMEP01/work-study-post-diploma-specialist-diploma-human-capital-management,(referral),82,1,82,15,105,96,1.09375,89.65166402,0.072916667,46,82,1,82,15,105,96,1.09375,89.65166402,0.072916667,46,
/adult-learner/course-detail/NYP-CL1300/understanding-the-immune-system-and-how-medication-interacts-with-it-synchronous-elearning,(referral),82,75,82,10,96,89,1.078651685,79.64659061,0.528089888,86,82,75,82,10,96,89,1.078651685,79.64659061,0.528089888,86,
/adult-learner/course-detail/NYP-HSAF48/advanced-diploma-in-nursing-orthopaedics-adod1,(organic),82,47,82,21,113,103,1.097087379,83.20946448,0.194174757,73,82,47,82,21,113,103,1.097087379,83.20946448,0.194174757,73,
/adult-learner/course-detail/NYP-HSSP16/specialist-diploma-in-nursing-endoscopy,(organic),82,44,82,29,113,98,1.153061224,158.7505343,0.132653061,66,82,44,82,29,113,98,1.153061224,158.7505343,0.132653061,66,
/adult-learner/course-detail/NYP-WSCV02_003/classic-french-pastry,(direct),82,6,82,7,83,85,0.976470588,21.86508093,0.011764706,10,82,6,82,7,83,85,0.976470588,21.86508093,0.011764706,10,
/adult-learner/find-a-course,cet-q1-2025#engineering,82,0,82,7,114,88,1.295454545,142.0121123,0.011363636,30,82,0,82,7,114,88,1.295454545,142.0121123,0.011363636,30,
/adult-learner/course-detail/NYP-CH231003/suicide-risk-assessment-and-management,(organic),81,28,81,18,101,93,1.086021505,76.36328791,0.11827957,49,81,28,81,18,101,93,1.086021505,76.36328791,0.11827957,49,
/adult-learner/course-detail/NYP-CL0443/eat-healthy-and-stay-beautiful-through-tcm-infused-diet,cet-q1-2025,81,0,81,20,112,97,1.154639175,102.3187653,0.030927835,28,81,0,81,20,112,97,1.154639175,102.3187653,0.030927835,28,
/adult-learner/course-detail/NYP-SI4031_005/getting-started-on-shopee-onboarding,(direct),81,10,81,2,81,82,0.987804878,5.868758646,0,6,81,10,81,2,81,82,0.987804878,5.868758646,0,6,
/adult-learner/course-types/recommended/design-media,(referral),81,80,81,3,85,84,1.011904762,12.1804963,0.869047619,77,81,80,81,3,85,84,1.011904762,12.1804963,0.869047619,77,
/adult-learner/course-detail/NYP-CB1572/reading-signs-and-moving-minds-personality-analysis-for-innovative-negotiation-and-conflict-management,(direct),80,9,80,12,85,85,1,31.72177174,0.141176471,19,80,9,80,12,85,85,1,31.72177174,0.141176471,19,
/adult-learner/course-detail/NYP-EG122W/apply-advanced-cnc-machining,(organic),80,52,80,19,119,101,1.178217822,152.744812,0.148514851,71,80,52,80,19,119,101,1.178217822,152.744812,0.148514851,71,
/adult-learner/course-detail/NYP-SI4054_003/enhanced-hvmp-heartland-visual-merchandising-programme-practical-asynchronous-e-learning,(direct),80,13,80,1,80,82,0.975609756,2.124528573,0.024390244,25,80,13,80,1,80,82,0.975609756,2.124528573,0.024390244,25,
/adult-learner/course-detail/NYP-SI4058_005/generative-ai-content-creation-super-sprint-sales-and-marketing-performance-classroom-facilitated-practical-training-asynchronous-e-learning,(direct),80,7,80,3,81,83,0.975903614,9.008780795,0,8,80,7,80,3,81,83,0.975903614,9.008780795,0,8,
/adult-learner/course-detail/NYP-WSCV01_004/basic-cantonese-cuisine,(direct),80,7,80,9,83,82,1.012195122,30.29904701,0.036585366,12,80,7,80,9,83,82,1.012195122,30.29904701,0.036585366,12,
/adult-learner/course-detail/NYP-ASSP01/specialist-diploma-in-environmental-management-and-applied-water-technology,cet-q1-2025,79,0,78,17,91,88,1.034090909,91.24649742,0.045454545,31,79,0,78,17,91,88,1.034090909,91.24649742,0.045454545,31,
/adult-learner/course-detail/NYP-CB231019/digital-marketing-analytics,(organic),79,2,79,29,89,89,1,68.59556627,0.056179775,23,79,2,79,29,89,89,1,68.59556627,0.056179775,23,
/adult-learner/course-detail/NYP-CE1239/robotic-process-automation-rpa-for-beginners,cet-q1-2025,79,0,79,20,97,89,1.08988764,39.52961657,0.056179775,36,79,0,79,20,97,89,1.08988764,39.52961657,0.056179775,36,
/adult-learner/funding/financial-matters-assistance,(referral),79,57,76,20,119,113,1.053097345,154.2953279,0.327433628,71,79,57,76,20,119,113,1.053097345,154.2953279,0.327433628,71,
/adult-learner/course-detail/NYP-BMSP20/specialist-diploma-in-wholesale-and-trade-management,2025S1-sbm-acet,78,0,78,19,90,86,1.046511628,84.47929279,0.046511628,39,78,0,78,19,90,86,1.046511628,84.47929279,0.046511628,39,
/adult-learner/course-detail/NYP-WSCC11_004/food-safety-course-level-1,(direct),78,5,78,1,78,79,0.987341772,3.005806329,0.012658228,11,78,5,78,1,78,79,0.987341772,3.005806329,0.012658228,11,
/adult-learner/course-detail/NYP-WSCV02_004/japanese-sweet-breads,(direct),78,6,78,10,82,79,1.037974684,15.25814684,0.025316456,14,78,6,78,10,82,79,1.037974684,15.25814684,0.025316456,14,
/adult-learner/course-types/post-diploma-programmes,(not set),78,1,78,31,111,95,1.168421053,34.18818836,0.052631579,11,78,1,78,31,111,95,1.168421053,34.18818836,0.052631579,11,
/adult-learner/find-a-course,cet-q1-2025#cybersecurity,78,0,78,13,122,87,1.402298851,94.7239836,0.011494253,30,78,0,78,13,122,87,1.402298851,94.7239836,0.011494253,30,
/adult-learner/course-detail/NYP-ASAP01/advanced-diploma-in-pharmaceutical-sciences,cet-q1-2025,77,0,77,17,86,78,1.102564103,79.10931167,0,26,77,0,77,17,86,78,1.102564103,79.10931167,0,26,
/adult-learner/course-detail/NYP-CB0555/sc103-rules-of-origin-free-trade-agreements,(referral),77,0,77,32,116,106,1.094339623,139.6531471,0.094339623,46,77,0,77,32,116,106,1.094339623,139.6531471,0.094339623,46,
/adult-learner/course-detail/NYP-CE1354/electric-vehicle-and-charging-system-classroom-and-synchronous-elearning,(organic),77,53,77,16,95,92,1.032608696,86.623967,0.217391304,72,77,53,77,16,95,92,1.032608696,86.623967,0.217391304,72,
/adult-learner/course-detail/NYP-CE231002/sustainability-101-for-the-green-economy,(organic),77,44,77,30,100,96,1.041666667,148.224979,0.166666667,55,77,44,77,30,100,96,1.041666667,148.224979,0.166666667,55,
/adult-learner/course-detail/NYP-CI246001/generative-ai-work,(direct),77,13,77,5,82,82,1,11.93829346,0.036585366,14,77,13,77,5,82,82,1,11.93829346,0.036585366,14,
/adult-learner/course-detail/NYP-CLSP05/specialist-diploma-in-energy-and-environmental-management-for-process-industry,(referral),77,71,77,4,88,81,1.086419753,38.03979096,0.567901235,75,77,71,77,4,88,81,1.086419753,38.03979096,0.567901235,75,
/adult-learner/course-detail/NYP-SI4025_018/social-and-influencer-marketing-drive-conversions-and-optimise-returns-classroom-facilitated,(direct),77,8,77,6,81,82,0.987804878,14.9882063,0,9,77,8,77,6,81,82,0.987804878,14.9882063,0,9,
/adult-learner/course-detail/NYP-WSCP32_007/food-safety-course-level-1-chinese,(direct),77,7,77,0,77,77,1,1.734895325,0.012987013,6,77,7,77,0,77,77,1,1.734895325,0.012987013,6,
/adult-learner/course-detail/NYP-WSCV01_010/prepare-basic-sushi,cet-q1-2025,77,0,77,13,84,81,1.037037037,48.93939462,0.024691358,16,77,0,77,13,84,81,1.037037037,48.93939462,0.024691358,16,
/adult-learner/course-detail/NYP-WSCV02_011/japanese-cakes-and-pastries,cet-q1-2025,77,0,77,16,92,82,1.12195122,89.01972635,0.012195122,11,77,0,77,16,92,82,1.12195122,89.01972635,0.012195122,11,
/adult-learner,OH25,76,1,72,57,117,92,1.27173913,48.95337482,0.108695652,47,76,1,72,57,117,92,1.27173913,48.95337482,0.108695652,47,
/adult-learner/course-detail/NYP-ITSPA1/post-diploma-certificate-in-business-analytics-part-of-specialist-diploma-in-business-and-big-data-analytics,cet-q1-2025,76,0,76,17,94,84,1.119047619,83.21461855,0.011904762,19,76,0,76,17,94,84,1.119047619,83.21461855,0.011904762,19,
/adult-learner/course-detail/NYP-SI4025_011/generate-leads-for-free-and-maximise-your-sales-conversions-classroom-facilitated-asynchronous-e-learning,(direct),76,8,76,1,76,77,0.987012987,1.619552818,0.025974026,6,76,8,76,1,76,77,0.987012987,1.619552818,0.025974026,6,
/adult-learner/course-detail/NYP-SI7074_001/generative-ai-get-informed-entertained-and-inspired-with-microsoft-copilot-classroom-facilitated,(direct),76,4,76,10,78,78,1,35.04194628,0.038461538,15,76,4,76,10,78,78,1,35.04194628,0.038461538,15,
/adult-learner/course-detail/NYP-BMSP21/specialist-diploma-in-hr-analytics-and-digitalisation,cet-q1-2025,75,0,75,24,96,85,1.129411765,157.5504358,0.035294118,35,75,0,75,24,96,85,1.129411765,157.5504358,0.035294118,35,
/adult-learner/course-detail/NYP-CI1369/from-data-to-visualisation,(organic),75,11,75,36,93,88,1.056818182,72.44175719,0.090909091,35,75,11,75,36,93,88,1.056818182,72.44175719,0.090909091,35,
/adult-learner/course-detail/NYP-CLSP06/specialist-diploma-in-nutrition-science,(referral),75,59,75,15,86,82,1.048780488,77.79552304,0.317073171,68,75,59,75,15,86,82,1.048780488,77.79552304,0.317073171,68,
/adult-learner/course-detail/NYP-WSCV01_016/savoury-korean-delights,cet-q1-2025,75,0,75,15,90,85,1.058823529,30.17679191,0.058823529,32,75,0,75,15,90,85,1.058823529,30.17679191,0.058823529,32,
/adult-learner/course-detail/NYP-CE241008/train-the-trainer-series-gmp-and-quality-compliance-audit-at-workplace,(direct),74,7,74,4,84,78,1.076923077,9.444043179,0.064102564,10,74,7,74,4,84,78,1.076923077,9.444043179,0.064102564,10,
/adult-learner/course-detail/NYP-CL0901/tcm-life-skills-in-sub-health-management-of-common-conditions,(organic),74,30,73,18,82,81,1.012345679,103.3786808,0.222222222,49,74,30,73,18,82,81,1.012345679,103.3786808,0.222222222,49,
/adult-learner/course-detail/NYP-CL1300/understanding-the-immune-system-and-how-medication-interacts-with-it-synchronous-elearning,(not set),74,74,74,1,84,76,1.105263158,46.18413824,0.092105263,76,74,74,74,1,84,76,1.105263158,46.18413824,0.092105263,76,
/adult-learner/course-detail/NYP-CLDP01/diploma-in-applied-science-food-technology,(referral),74,54,74,12,79,79,1,56.08887032,0.405063291,63,74,54,74,12,79,79,1,56.08887032,0.405063291,63,
/adult-learner/course-detail/NYP-HSAF38/advanced-diploma-in-nursing-community-health-adch1,cet-q1-2025,74,0,74,10,83,78,1.064102564,53.40062749,0.012820513,22,74,0,74,10,83,78,1.064102564,53.40062749,0.012820513,22,
/adult-learner/course-detail/NYP-WSCC12_014/demonstrate-malay-dry-heat-cooking,(direct),74,10,74,0,74,74,1,4.011986676,0,4,74,10,74,0,74,74,1,4.011986676,0,4,
/adult-learner/course-types/post-diploma-programmes/design-media,cet-q1-2025,74,0,74,10,82,76,1.078947368,48.46468921,0.026315789,12,74,0,74,10,82,76,1.078947368,48.46468921,0.026315789,12,
/adult-learner/find-a-course,OH25,74,0,74,51,270,98,2.755102041,198.8693589,0.040816327,45,74,0,74,51,270,98,2.755102041,198.8693589,0.040816327,45,
/adult-learner/course-detail/NYP-AS005Z/patient-education-part-of-the-pdc1-advanced-diploma-in-pharmaceutical-sciences,(direct),73,5,73,8,76,74,1.027027027,7.221583905,0.027027027,8,73,5,73,8,76,74,1.027027027,7.221583905,0.027027027,8,
/adult-learner/course-detail/NYP-CB0558/sc202-essentials-of-internal-export-control-compliance-programme,(organic),73,27,72,25,96,98,0.979591837,80.34833429,0.265306122,55,73,27,72,25,96,98,0.979591837,80.34833429,0.265306122,55,
/adult-learner/course-detail/NYP-WSCC12_011/fabrication-of-fish-and-seafood,(direct),73,10,73,0,73,75,0.973333333,1.222723267,0.013333333,6,73,10,73,0,73,75,0.973333333,1.222723267,0.013333333,6,
/adult-learner/course-detail/NYP-WSCV04_001/artisan-breads,(direct),73,7,73,11,76,78,0.974358974,55.39002315,0.08974359,17,73,7,73,11,76,78,0.974358974,55.39002315,0.08974359,17,
/adult-learner/course-detail/NYP-CB231025/storytelling-for-social-media-101,(organic),72,15,72,22,80,77,1.038961039,109.025795,0.142857143,32,72,15,72,22,80,77,1.038961039,109.025795,0.142857143,32,
/adult-learner/course-detail/NYP-CX241001/digital-photography-for-working-professionals,(organic),72,27,72,14,82,76,1.078947368,71.46486221,0.118421053,36,72,27,72,14,82,76,1.078947368,71.46486221,0.118421053,36,
/adult-learner/course-detail/NYP-HSAF41/advanced-diploma-in-nursing-gerontology-adgr1,cet-q1-2025,72,0,72,13,91,81,1.12345679,64.9610774,0.061728395,33,72,0,72,13,91,81,1.12345679,64.9610774,0.061728395,33,
/adult-learner/course-detail/NYP-HSSP14/specialist-diploma-in-clinical-education,cet-q1-2025,72,0,72,8,77,75,1.026666667,44.36405023,0.026666667,18,72,0,72,8,77,75,1.026666667,44.36405023,0.026666667,18,
/adult-learner/course-detail/NYP-WSCC10_016/demonstrate-basic-knife-skills,(direct),72,10,72,0,72,73,0.98630137,2.204905863,0.02739726,9,72,10,72,0,72,73,0.98630137,2.204905863,0.02739726,9,
/adult-learner/course-detail/NYP-WSCP38_002/hawker-business-fundamentals,(direct),72,11,72,1,72,73,0.98630137,1.685141315,0.04109589,9,72,11,72,1,72,73,0.98630137,1.685141315,0.04109589,9,
/adult-learner/course-detail/NYP-WSCP39_002/hawker-culinary-fundamentals,(direct),72,7,72,1,73,73,1,4.887902493,0.01369863,7,72,7,72,1,73,73,1,4.887902493,0.01369863,7,
/adult-learner/course-detail/NYP-WSCV01_014/traditional-rice-dumplings,(organic),72,37,71,14,83,80,1.0375,56.99638216,0.125,52,72,37,71,14,83,80,1.0375,56.99638216,0.125,52,
/adult-learner/course-detail/NYP-CB1536/certificate-in-fund-administration,(organic),71,34,71,25,103,92,1.119565217,148.4949564,0.141304348,49,71,34,71,25,103,92,1.119565217,148.4949564,0.141304348,49,
/adult-learner/course-detail/NYP-CI231004/design-thinking-for-innovation,(organic),71,8,71,30,91,87,1.045977011,150.9086421,0.068965517,27,71,8,71,30,91,87,1.045977011,150.9086421,0.068965517,27,
/adult-learner/course-detail/NYP-CL1300/understanding-the-immune-system-and-how-medication-interacts-with-it-synchronous-elearning,(organic),71,54,71,10,83,77,1.077922078,89.97038161,0.194805195,56,71,54,71,10,83,77,1.077922078,89.97038161,0.194805195,56,
/adult-learner/course-detail/NYP-JC1A22/learning-needs-and-skills-gap-analysis,(organic),71,28,71,25,86,86,1,137.4713552,0.139534884,44,71,28,71,25,86,86,1,137.4713552,0.139534884,44,
/adult-learner/course-detail/NYP-SI4013_011/ga4-with-google-tag-manager-gtm-classroom-facilitated-asynchronous-e-learning,(direct),71,8,71,2,73,74,0.986486486,3.968045662,0.027027027,5,71,8,71,2,73,74,0.986486486,3.968045662,0.027027027,5,
/adult-learner/course-detail/NYP-SI4022_012/drive-sales-performance-on-lazada-marketing,(direct),71,7,71,2,71,72,0.986111111,4.209660194,0.013888889,8,71,7,71,2,71,72,0.986111111,4.209660194,0.013888889,8,
/adult-learner/course-detail/NYP-SI7073_001/mobile-photography-inspiring-the-human-connection-classroom-facilitated,cet-q1-2025,71,0,71,19,96,89,1.078651685,59.14393426,0.08988764,32,71,0,71,19,96,89,1.078651685,59.14393426,0.08988764,32,
/adult-learner/course-detail/NYP-WSCV01_001/basic-dim-sum,cet-q1-2025,71,0,71,11,77,73,1.054794521,64.65527312,0.01369863,16,71,0,71,11,77,73,1.054794521,64.65527312,0.01369863,16,
/adult-learner/skillsfuture-level-up,oh2025,71,1,70,41,125,102,1.225490196,88.45652998,0.117647059,32,71,1,70,41,125,102,1.225490196,88.45652998,0.117647059,32,
/adult-learner/course-detail/NYP-BMSP20/specialist-diploma-in-wholesale-and-trade-management,cet-q1-2025,70,0,70,9,82,75,1.093333333,54.84265753,0.026666667,25,70,0,70,9,82,75,1.093333333,54.84265753,0.026666667,25,
/adult-learner/course-detail/NYP-CL241001/reducing-ghg-emissions-through-energy-management-and-audit,(referral),70,64,70,7,83,76,1.092105263,37.42467629,0.486842105,69,70,64,70,7,83,76,1.092105263,37.42467629,0.486842105,69,
/adult-learner/course-detail/NYP-AS003Z/quality-improvement-and-assurance-part-of-pdc3-of-advanced-diploma-in-pharmaceutical-sciences,(organic),69,13,68,27,75,72,1.041666667,51.61120239,0.097222222,24,69,13,68,27,75,72,1.041666667,51.61120239,0.097222222,24,
/adult-learner/course-detail/NYP-CE1358/design-thinking-workshop,(direct),69,5,69,12,80,80,1,68.69856176,0.05,16,69,5,69,12,80,80,1,68.69856176,0.05,16,
/adult-learner/course-detail/NYP-CH246002/lifelines-and-listening-tools-for-responding-to-suicide-risk,(direct),69,10,69,3,71,71,1,8.096628,0.028169014,16,69,10,69,3,71,71,1,8.096628,0.028169014,16,
/adult-learner/course-detail/NYP-EGSPA5/post-diploma-certificate-in-materials-sustainability-and-governance-part-of-specialist-diploma-in-sustainable-materials-management,(organic),69,4,69,37,93,91,1.021978022,118.4123784,0.076923077,33,69,4,69,37,93,91,1.021978022,118.4123784,0.076923077,33,
/adult-learner/course-detail/NYP-EGSPA6/post-diploma-certificate-in-iot-implementation-for-sustainability-solutioning-part-of-specialist-diploma-in-iot-for-sustainable-solutioning,cet-q1-2025,69,0,69,23,79,81,0.975308642,56.28038121,0.111111111,21,69,0,69,23,79,81,0.975308642,56.28038121,0.111111111,21,
/adult-learner/course-detail/NYP-WSCV02_011/japanese-cakes-and-pastries,(organic),69,11,69,16,73,72,1.013888889,50.40374425,0.083333333,33,69,11,69,16,73,72,1.013888889,50.40374425,0.083333333,33,
/adult-learner/course-detail/NYP-WSCY01_801/sctp-certificate-in-food-services-culinary-arts-part-time,cet-q1-2025,69,0,69,11,78,78,1,42.91412709,0.08974359,25,69,0,69,11,78,78,1,42.91412709,0.08974359,25,
/adult-learner/course-detail/NYP-CB0557/sc201-basics-of-strategic-goods-control-seminar,(organic),68,35,68,29,136,112,1.214285714,243.6702078,0.214285714,72,68,35,68,29,136,112,1.214285714,243.6702078,0.214285714,72,
/adult-learner/course-detail/NYP-CI231005/the-international-council-of-e-commerce-consultants-certified-cloud-security-engineer-ec-council-ccse,cet-q1-2025#cybersecurity,68,0,68,11,88,71,1.23943662,56.6053982,0,32,68,0,68,11,88,71,1.23943662,56.6053982,0,32,
/adult-learner/course-detail/NYP-CL0522/ice-cream-making-made-easy,(organic),68,48,68,10,77,73,1.054794521,129.0606577,0.191780822,57,68,48,68,10,77,73,1.054794521,129.0606577,0.191780822,57,
/adult-learner/course-detail/NYP-HSAF29/advanced-diploma-in-nursing-medical-surgical,(organic),68,16,68,25,86,78,1.102564103,91.40889429,0.08974359,45,68,16,68,25,86,78,1.102564103,91.40889429,0.08974359,45,
/adult-learner/course-detail/NYP-WSCV02_002/singapore-inspired-bakes,(organic),68,4,68,22,72,75,0.96,86.62366292,0.053333333,26,68,4,68,22,72,75,0.96,86.62366292,0.053333333,26,
/adult-learner/course-detail/NYP-WSQD02_055/paid-search-engine-marketing-sem-sf-manager-synchronous-e-learning,(direct),68,5,68,0,68,68,1,1.541294926,0,4,68,5,68,0,68,68,1,1.541294926,0,4,
/adult-learner/course-detail/NYP-CB231003/introduction-to-business-analytics-making-data-driven-decisions-for-business-executives,cet-q1-2025,67,0,67,13,88,81,1.086419753,42.95687848,0.160493827,28,67,0,67,13,88,81,1.086419753,42.95687848,0.160493827,28,
/adult-learner/course-detail/NYP-EGSPA2/post-diploma-certificate-in-gxp-of-quality-assurance-and-compliance-qac-part-of-specialist-diploma-in-biomedical-and-pharmaceutical-engineering,(organic),67,16,67,27,90,82,1.097560976,100.6315484,0.134146341,47,67,16,67,27,90,82,1.097560976,100.6315484,0.134146341,47,
/adult-learner/course-detail/NYP-ITSP11/specialist-diploma-in-agile-solutioning-and-devsecops,cet-q1-2025,67,0,67,16,79,72,1.097222222,70.85819026,0.027777778,20,67,0,67,16,79,72,1.097222222,70.85819026,0.027777778,20,
/adult-learner/course-detail/NYP-SI4059_002/generative-ai-content-creation-super-sprint-your-sales-and-marketing-performance-practical,(direct),67,10,67,3,67,67,1,3.103180955,0.074626866,8,67,10,67,3,67,67,1,3.103180955,0.074626866,8,
/adult-learner/course-detail/NYP-WSCP40_010/baking-and-pastry-101,(organic),67,29,67,13,85,75,1.133333333,105.0022735,0.173333333,42,67,29,67,13,85,75,1.133333333,105.0022735,0.173333333,42,
/adult-learner/course-detail/NYP-CB231023/sustainability-in-sourcing-and-procurement-strategies,cet-q1-2025,66,0,66,19,87,75,1.16,81.03459633,0.04,21,66,0,66,19,87,75,1.16,81.03459633,0.04,21,
/adult-learner/course-detail/NYP-CI241002/mastering-power-apps-from-beginner-to-pro,cet-q1-2025,66,0,66,14,79,75,1.053333333,56.87801049,0.026666667,18,66,0,66,14,79,75,1.053333333,56.87801049,0.026666667,18,
/adult-learner/course-detail/NYP-CL230002/introduction-to-peranakan-cuisine,cet-q1-2025,66,0,66,12,84,72,1.166666667,129.0671356,0.027777778,20,66,0,66,12,84,72,1.166666667,129.0671356,0.027777778,20,
/adult-learner/course-detail/NYP-SI4031_006/driving-sales-performance-on-shopee-marketing,(direct),66,12,66,0,66,66,1,2.925448515,0.03030303,7,66,12,66,0,66,66,1,2.925448515,0.03030303,7,
/adult-learner/course-detail/NYP-SI4034_002/manage-digital-marketing-and-store-performance-alibaba-managerial-elite-program-23,(direct),66,10,66,0,66,66,1,1.666957697,0.060606061,8,66,10,66,0,66,66,1,1.666957697,0.060606061,8,
/adult-learner/course-detail/NYP-WSQD02_067/paid-search-engine-marketing-sem-sf-manager,(direct),66,6,66,1,66,69,0.956521739,4.944806522,0.028985507,3,66,6,66,1,66,69,0.956521739,4.944806522,0.028985507,3,
/adult-learner/course-detail/NYP-CH1186/dental-care-for-people-with-special-needs,(direct),65,6,65,5,66,67,0.985074627,24.43802031,0.014925373,11,65,6,65,5,66,67,0.985074627,24.43802031,0.014925373,11,
/adult-learner/course-detail/NYP-CI231005/the-international-council-of-e-commerce-consultants-certified-cloud-security-engineer-ec-council-ccse,cet-q1-2025,65,0,65,19,75,68,1.102941176,24.78830991,0,23,65,0,65,19,75,68,1.102941176,24.78830991,0,23,
/adult-learner/course-detail/NYP-CLSP07/specialist-diploma-in-clinical-research-management,(referral),65,59,65,2,76,66,1.151515152,27.12630818,0.560606061,60,65,59,65,2,76,66,1.151515152,27.12630818,0.560606061,60,
/adult-learner/course-detail/NYP-DXEP06/work-study-post-diploma-specialist-dip-in-digital-content-creation-for-e-commerce,(referral),65,0,65,18,88,83,1.060240964,107.6324087,0.072289157,25,65,0,65,18,88,83,1.060240964,107.6324087,0.072289157,25,
/adult-learner/course-detail/NYP-SI4012_032/master-linkedin-for-sales-and-marketing-synchronous-e-learning,(direct),65,3,65,3,65,65,1,2.673214477,0.015384615,10,65,3,65,3,65,65,1,2.673214477,0.015384615,10,
/adult-learner/course-detail/NYP-SI4022_007/driving-sales-performance-on-qoo10-marketing-synchronous-e-learning,(direct),65,6,65,0,65,67,0.970149254,1.996933284,0.014925373,9,65,6,65,0,65,67,0.970149254,1.996933284,0.014925373,9,
/adult-learner/course-detail/NYP-SI7025_002/fundamentals-to-starting-an-online-business-classroom-facilitated,cet-q1-2025,65,0,65,19,84,75,1.12,95.11229987,0.053333333,30,65,0,65,19,84,75,1.12,95.11229987,0.053333333,30,
/adult-learner/course-detail/NYP-CX1107/aerial-drone-photography,(direct),64,16,64,10,72,69,1.043478261,73.94094055,0.115942029,18,64,16,64,10,72,69,1.043478261,73.94094055,0.115942029,18,
/adult-learner/course-detail/NYP-SI8041_001/whisky-ambassador,(direct),64,5,64,0,64,65,0.984615385,5.558033246,0.061538462,6,64,5,64,0,64,65,0.984615385,5.558033246,0.061538462,6,
/adult-learner/course-detail/NYP-SI8043_001/wagashi,(direct),64,4,64,6,65,68,0.955882353,10.1531254,0.044117647,9,64,4,64,6,65,68,0.955882353,10.1531254,0.044117647,9,
/adult-learner/course-detail/NYP-WSCV01_008/hawker-noodle-dishes,cet-q1-2025,64,0,64,16,76,71,1.070422535,56.39555123,0.014084507,15,64,0,64,16,76,71,1.070422535,56.39555123,0.014084507,15,
/adult-learner/course-detail/NYP-WSCV02_009/classic-french-cakes,cet-q1-2025,64,0,64,12,75,69,1.086956522,58.96412861,0.028985507,18,64,0,64,12,75,69,1.086956522,58.96412861,0.028985507,18,
/adult-learner/course-detail/NYP-CE1358/design-thinking-workshop,(organic),63,32,63,22,84,77,1.090909091,127.3931419,0.298701299,50,63,32,63,22,84,77,1.090909091,127.3931419,0.298701299,50,
/adult-learner/course-detail/NYP-CE246001/ai-roadmapping-for-companies-and-enterprises,(organic),63,3,63,13,73,72,1.013888889,81.34453999,0.055555556,20,63,3,63,13,73,72,1.013888889,81.34453999,0.055555556,20,
/adult-learner/course-detail/NYP-CH231002/understanding-and-applying-casework-assessment-and-intervention,(organic),63,28,62,11,67,68,0.985294118,97.57673862,0.161764706,38,63,28,62,11,67,68,0.985294118,97.57673862,0.161764706,38,
/adult-learner/course-detail/NYP-CL246001/create-healthy-ice-cream,(direct),63,10,63,2,64,64,1,25.85423861,0,6,63,10,63,2,64,64,1,25.85423861,0,6,
/adult-learner/course-detail/NYP-DXSP05/specialist-diploma-in-digital-media-production,cet-q1-2025,63,0,55,17,68,66,1.03030303,128.8276808,0.136363636,35,63,0,55,17,68,66,1.03030303,128.8276808,0.136363636,35,
/adult-learner/course-detail/NYP-SI4034_007/sirs-alibaba-taobao-university-boost-sales-through-effective-content-marketing-13-content-marketing-synchronous-e-learning,(direct),63,7,63,0,63,63,1,1.71077281,0.031746032,6,63,7,63,0,63,63,1,1.71077281,0.031746032,6,
/adult-learner/course-detail/NYP-WSCV02_009/classic-french-cakes,(organic),63,1,63,18,86,86,1,74.94400335,0.046511628,27,63,1,63,18,86,86,1,74.94400335,0.046511628,27,
/adult-learner/course-detail/NYP-CI231005/the-international-council-of-e-commerce-consultants-certified-cloud-security-engineer-ec-council-ccse,(organic),62,26,62,21,94,91,1.032967033,185.3310437,0.164835165,52,62,26,62,21,94,91,1.032967033,185.3310437,0.164835165,52,
/adult-learner/course-detail/NYP-CK1308/workplace-communication-effective-email-writing,(direct),62,5,62,11,65,64,1.015625,56.44774769,0.0625,9,62,5,62,11,65,64,1.015625,56.44774769,0.0625,9,
/adult-learner/course-detail/NYP-SI4013_013/digital-marketing-to-drive-business-growth-and-roi-classroom-facilitated-asynchronous-e-learning,(direct),62,4,62,3,62,66,0.939393939,2.743212424,0.075757576,4,62,4,62,3,62,66,0.939393939,2.743212424,0.075757576,4,
/adult-learner/course-detail/NYP-SI4034_009/sirs-alibaba-taobao-university-boost-sales-through-effective-content-marketing-33-fans-economy-synchronous-e-learning,(direct),62,11,62,0,62,62,1,1.172462952,0.032258065,4,62,11,62,0,62,62,1,1.172462952,0.032258065,4,
/adult-learner/course-detail/NYP-SI4068_001/ai-content-creation-with-designsai-smarter-faster-easier-classroom-facilitated-practical-training-asynchronous-e-learning,(direct),62,15,62,4,62,63,0.984126984,19.83335043,0.015873016,5,62,15,62,4,62,63,0.984126984,19.83335043,0.015873016,5,
/adult-learner/course-detail/NYP-WSQV01_003/workplace-communication-sf-associate,(direct),62,3,62,4,66,65,1.015384615,6.627400246,0.076923077,9,62,3,62,4,66,65,1.015384615,6.627400246,0.076923077,9,
/adult-learner/course-types/career-transition-conversion-programmes,(not set),62,2,62,29,95,78,1.217948718,50.32637905,0.08974359,11,62,2,62,29,95,78,1.217948718,50.32637905,0.08974359,11,
/adult-learner/course-detail/NYP-BMSP16/specialist-diploma-in-fund-management-and-administration,cet-q1-2025,61,0,61,24,85,76,1.118421053,88.35964393,0.078947368,26,61,0,61,24,85,76,1.118421053,88.35964393,0.078947368,26,
/adult-learner/course-detail/NYP-CB241012/sustainability-reporting-a-practical-guide-and-toolkit-for-small-and-medium-enterprises,(organic),61,7,60,28,66,69,0.956521739,94.18333416,0.115942029,24,61,7,60,28,66,69,0.956521739,94.18333416,0.115942029,24,
/adult-learner/course-detail/NYP-HSAF45/advanced-diploma-in-nursing-nephro-urology-adnu1,(organic),61,3,61,30,72,72,1,170.6240775,0.097222222,37,61,3,61,30,72,72,1,170.6240775,0.097222222,37,
/adult-learner/course-detail/NYP-SI4022_011/driving-sales-performance-on-qoo10-marketing,(direct),61,7,61,0,61,63,0.968253968,1.983662079,0.031746032,4,61,7,61,0,61,63,0.968253968,1.983662079,0.031746032,4,
/adult-learner/course-detail/NYP-SI4022_013/getting-started-on-lazada-onboarding,(direct),61,30,61,1,63,64,0.984375,23.17116511,0.0625,11,61,30,61,1,63,64,0.984375,23.17116511,0.0625,11,
/adult-learner/course-detail/NYP-SI4024_030/casetrust-accreditation-scheme-for-e-commerce-businesses-classroom-facilitated-asynchronous-e-learning,(direct),61,13,61,0,61,62,0.983870968,1.9911585,0.129032258,14,61,13,61,0,61,62,0.983870968,1.9911585,0.129032258,14,
/adult-learner/course-detail/NYP-SI4032_003/redefining-product-brand-and-marketing-ceo-programme-33,(direct),61,5,61,0,61,63,0.968253968,1.101148968,0.015873016,4,61,5,61,0,61,63,0.968253968,1.101148968,0.015873016,4,
/adult-learner/course-detail/NYP-SI4036_002/visual-and-creative-skills-for-digital-marketing-for-online-store-alibaba-entrepreneur-startup-program-23,(direct),61,5,61,0,61,62,0.983870968,1.572720484,0,1,61,5,61,0,61,62,0.983870968,1.572720484,0,1,
/adult-learner/course-detail/NYP-CK1244/workplace-communication-effective-presentation,(direct),60,10,60,10,81,70,1.157142857,50.68237734,0.085714286,25,60,10,60,10,81,70,1.157142857,50.68237734,0.085714286,25,
/adult-learner/course-detail/NYP-SI4024_037/sustainability-everyday-upcycle-fabrics-and-learn-mobile-photography-with-ecommerce-opportunities-classroom-facilitated-asynchronous-e-learning,(organic),60,30,60,19,102,93,1.096774194,153.8893632,0.225806452,60,60,30,60,19,102,93,1.096774194,153.8893632,0.225806452,60,
/adult-learner/course-detail/NYP-SI4025_013/building-an-effective-digital-personal-brand,(direct),60,18,60,0,60,60,1,1.646743817,0.016666667,9,60,18,60,0,60,60,1,1.646743817,0.016666667,9,
/adult-learner/course-detail/NYP-SI4032_002/360-digital-commerce-marketing-ceo-programme-23,(direct),60,4,60,0,60,60,1,1.557008267,0.016666667,5,60,4,60,0,60,60,1,1.557008267,0.016666667,5,
/adult-learner/course-detail/NYP-SI4034_008/sirs-alibaba-taobao-university-boost-sales-through-effective-content-marketing-23-live-streaming-operation-and-short-videos-synchronous-e-learning,(direct),60,14,60,0,60,61,0.983606557,1.597759475,0.016393443,5,60,14,60,0,60,61,0.983606557,1.597759475,0.016393443,5,
/adult-learner/course-detail/NYP-SI4058_002/generative-ai-content-creation-super-sprint-your-sales-and-marketing-performance-classroom-facilitated-practical,(direct),60,11,60,1,62,60,1.033333333,18.47739057,0.05,9,60,11,60,1,62,60,1.033333333,18.47739057,0.05,9,
/adult-learner/course-detail/NYP-SI7025_015/digital-skills-enhance-your-work-and-daily-productivity-classroom-facilitated,cet-q1-2025,60,0,60,19,68,65,1.046153846,73.0480386,0,17,60,0,60,19,68,65,1.046153846,73.0480386,0,17,
/adult-learner/course-detail/NYP-SI8044_001/introduction-to-jelly-art,(direct),60,3,60,1,61,61,1,13.3218463,0,8,60,3,60,1,61,61,1,13.3218463,0,8,
/adult-learner/course-detail/NYP-WSQD02_056/social-media-marketing-sf-manager-synchronous-e-learning,(direct),60,3,60,0,60,61,0.983606557,1.306521803,0,8,60,3,60,0,60,61,0.983606557,1.306521803,0,8,
/adult-learner/course-detail/NYP-WSQD02_065/social-media-marketing-sf-manager,(direct),60,3,60,0,60,60,1,2.249952867,0.016666667,4,60,3,60,0,60,60,1,2.249952867,0.016666667,4,
/adult-learner/course-detail/NYP-CB0558/sc202-essentials-of-internal-export-control-compliance-programme,(referral),59,1,59,24,76,71,1.070422535,90.77981938,0.056338028,31,59,1,59,24,76,71,1.070422535,90.77981938,0.056338028,31,
/adult-learner/course-detail/NYP-CE1231/coding-for-beginners-sync-and-async,(direct),59,5,59,6,61,61,1,16.521107,0.032786885,8,59,5,59,6,61,61,1,16.521107,0.032786885,8,
/adult-learner/course-detail/NYP-CL0392/understanding-food-labels,cet-q1-2025,59,0,59,10,67,62,1.080645161,52.83528781,0.032258065,15,59,0,59,10,67,62,1.080645161,52.83528781,0.032258065,15,
/adult-learner/course-detail/NYP-DXSP06/specialist-diploma-in-digital-content-creation-for-e-commerce,cet-q1-2025,59,1,48,30,74,70,1.057142857,76.41557263,0.271428571,54,59,1,48,30,74,70,1.057142857,76.41557263,0.271428571,54,
/adult-learner/course-detail/NYP-WSCV01_006/prepare-basic-pasta,(direct),59,4,59,4,62,61,1.016393443,29.79382107,0.049180328,15,59,4,59,4,62,61,1.016393443,29.79382107,0.049180328,15,
/adult-learner/find-a-course,cet-q1-2025#digital-marketing,59,0,59,18,111,77,1.441558442,115.1056613,0.090909091,25,59,0,59,18,111,77,1.441558442,115.1056613,0.090909091,25,
/adult-learner/course-detail/NYP-CB0557/sc201-basics-of-strategic-goods-control-seminar,(referral),58,8,58,19,97,81,1.197530864,132.91802,0.061728395,35,58,8,58,19,97,81,1.197530864,132.91802,0.061728395,35,
/adult-learner/course-detail/NYP-CB231020/digital-marketing-strategy-and-campaign-development,(direct),58,3,58,0,58,59,0.983050847,3.389731661,0.016949153,8,58,3,58,0,58,59,0.983050847,3.389731661,0.016949153,8,
/adult-learner/course-detail/NYP-CE1543/software-quality-assurance-essentials,(organic),58,49,58,16,99,98,1.010204082,98.27843197,0.418367347,82,58,49,58,16,99,98,1.010204082,98.27843197,0.418367347,82,
/adult-learner/course-detail/NYP-CI241001/applied-generative-artificial-intelligence-real-world-project-development,cet-q1-2025,58,0,58,19,67,61,1.098360656,63.75886052,0.016393443,20,58,0,58,19,67,61,1.098360656,63.75886052,0.016393443,20,
/adult-learner/course-detail/NYP-CLBP01/work-study-post-diploma-advanced-diploma-in-pharmaceutical-sciences,(referral),58,0,57,11,80,68,1.176470588,115.3168397,0.102941176,36,58,0,57,11,80,68,1.176470588,115.3168397,0.102941176,36,
/adult-learner/course-detail/NYP-HSDP01/diploma-in-health-sciences-paramedicine,(referral),58,23,58,16,68,67,1.014925373,128.4004558,0.134328358,32,58,23,58,16,68,67,1.014925373,128.4004558,0.134328358,32,
/adult-learner/course-detail/NYP-JC1A21/coaching-for-the-workplace,(direct),58,5,58,6,63,62,1.016129032,56.13376734,0.064516129,16,58,5,58,6,63,62,1.016129032,56.13376734,0.064516129,16,
/adult-learner/course-detail/NYP-SI4063_002/tiktok-shop-optimise-your-social-media-marketing-engagement-and-boost-your-sales-classroom-facilitated-asynchronous-e-learning,cet-q1-2025,58,0,58,13,73,64,1.140625,76.23383556,0,21,58,0,58,13,73,64,1.140625,76.23383556,0,21,
/adult-learner/course-detail/NYP-SI7026_003/tapping-into-the-power-of-instagram-for-selling-classroom-facilitated,(direct),58,7,58,3,69,58,1.189655172,13.52881298,0.034482759,7,58,7,58,3,69,58,1.189655172,13.52881298,0.034482759,7,
/adult-learner/course-detail/NYP-WSCV01_001/basic-dim-sum,(organic),58,6,58,15,64,62,1.032258065,66.17865981,0.016129032,17,58,6,58,15,64,62,1.032258065,66.17865981,0.016129032,17,
/adult-learner/course-detail/NYP-CB1577/business-storytelling-to-connect-with-your-online-target-audience,(direct),57,2,57,5,59,60,0.983333333,33.37816998,0,7,57,2,57,5,59,60,0.983333333,33.37816998,0,7,
/adult-learner/course-detail/NYP-CE1510/demystify-generative-artificial-intelligence,(referral),57,47,55,23,86,89,0.966292135,194.1768854,0.224719101,65,57,47,55,23,86,89,0.966292135,194.1768854,0.224719101,65,
/adult-learner/course-detail/NYP-CI231002/data-management-and-analysis,(direct),57,8,57,22,65,58,1.120689655,123.0794478,0.086206897,22,57,8,57,22,65,58,1.120689655,123.0794478,0.086206897,22,
/adult-learner/course-detail/NYP-CL1300/understanding-the-immune-system-and-how-medication-interacts-with-it-synchronous-elearning,(direct),57,12,57,3,70,59,1.186440678,50.68142976,0.050847458,15,57,12,57,3,70,59,1.186440678,50.68142976,0.050847458,15,
/adult-learner/course-detail/NYP-CL240001/certificate-in-ojt-foundational-program,(organic),57,40,55,17,68,62,1.096774194,149.7104335,0.177419355,52,57,40,55,17,68,62,1.096774194,149.7104335,0.177419355,52,
/adult-learner/course-detail/NYP-SI4012_027/digital-strategy-and-the-101-of-search-engine-optimisation-seo-synchronous-e-learning,(direct),57,10,57,1,57,58,0.982758621,1.292109362,0,3,57,10,57,1,57,58,0.982758621,1.292109362,0,3,
/adult-learner/course-detail/NYP-SI8038_001/ang-ku-kueh-delights,(direct),57,3,57,1,57,57,1,5.59973893,0,2,57,3,57,1,57,57,1,5.59973893,0,2,
/adult-learner/course-detail/NYP-SI8039_001/chwee-kuey-and-char-kueh,(direct),57,3,57,2,57,58,0.982758621,4.820360707,0.017241379,4,57,3,57,2,57,58,0.982758621,4.820360707,0.017241379,4,
/adult-learner/course-detail/NYP-SI8042_001/wholesome-confinement-essentials,(direct),57,10,57,1,58,58,1,3.217727897,0.086206897,8,57,10,57,1,58,58,1,3.217727897,0.086206897,8,
/adult-learner/course-detail/NYP-WSCP40_010/baking-and-pastry-101,(direct),57,18,57,4,60,59,1.016949153,13.32978931,0.118644068,20,57,18,57,4,60,59,1.016949153,13.32978931,0.118644068,20,
/adult-learner/course-detail/NYP-CB1336/service-excellence,2025S1-sbm-acet,56,1,56,11,76,60,1.266666667,80.65278935,0,16,56,1,56,11,76,60,1.266666667,80.65278935,0,16,
/adult-learner/course-detail/NYP-CE1146/fundamentals-of-data-analytics,cet-q1-2025,56,0,56,15,65,61,1.06557377,81.78677405,0.016393443,16,56,0,56,15,65,61,1.06557377,81.78677405,0.016393443,16,
/adult-learner/course-detail/NYP-CE241009/sustainability-reporting-learning-journey-deep-dive-into-carbon-management,(direct),56,7,56,3,75,56,1.339285714,11.13048561,0.017857143,8,56,7,56,3,75,56,1.339285714,11.13048561,0.017857143,8,
/adult-learner/course-detail/NYP-CH0527/understand-dementia-just-forgetful-or-dementia,cet-q1-2025,56,0,56,13,65,58,1.120689655,48.23651671,0.034482759,16,56,0,56,13,65,58,1.120689655,48.23651671,0.034482759,16,
/adult-learner/course-detail/NYP-CL240003/short-course-on-cultivated-meat-technologies,(direct),56,3,56,1,57,57,1,1.540903088,0,4,56,3,56,1,57,57,1,1.540903088,0,4,
/adult-learner/course-detail/NYP-ITSPA2/post-diploma-certificate-in-applied-data-science-part-of-specialist-diploma-in-business-and-big-data-analytics,cet-q1-2025,56,0,56,20,68,61,1.114754098,91.47925161,0,12,56,0,56,20,68,61,1.114754098,91.47925161,0,12,
/adult-learner/course-detail/NYP-SI4060_001/accelerate-sales-and-conversions-with-ai-powered-data-analytics-classroom-facilitated-practical-training,(direct),56,6,56,0,56,55,1.018181818,19.6316628,0.036363636,6,56,6,56,0,56,55,1.018181818,19.6316628,0.036363636,6,
/adult-learner/course-detail/NYP-WSCV01_007/prepare-noodle-dishes,(direct),56,5,56,8,58,60,0.966666667,11.49837658,0.05,8,56,5,56,8,58,60,0.966666667,11.49837658,0.05,8,
/adult-learner/course-detail/NYP-WSCV02_008/chocolate-bliss,(direct),56,3,56,5,58,57,1.01754386,66.79321853,0.01754386,12,56,3,56,5,58,57,1.01754386,66.79321853,0.01754386,12,
/adult-learner/course-detail/NYP-CB1295/starting-your-coffee-business,(organic),55,42,54,10,72,65,1.107692308,88.42009883,0.215384615,51,55,42,54,10,72,65,1.107692308,88.42009883,0.215384615,51,
/adult-learner/course-detail/NYP-CE245005/ai-practitioner-preparatory-course,cet-q1-2025,55,0,55,18,70,65,1.076923077,25.39316942,0.092307692,23,55,0,55,18,70,65,1.076923077,25.39316942,0.092307692,23,
/adult-learner/course-detail/NYP-CH0490/diabetes-care-lifestyle-management,(organic),55,14,54,16,61,60,1.016666667,40.93594273,0.1,19,55,14,54,16,61,60,1.016666667,40.93594273,0.1,19,
/adult-learner/course-detail/NYP-CI1326/rpa-for-the-digital-workplace,(organic),55,5,55,19,59,59,1,48.66244722,0.06779661,20,55,5,55,19,59,59,1,48.66244722,0.06779661,20,
/adult-learner/course-detail/NYP-CL0518/creating-your-own-scented-candle,(organic),55,36,55,11,63,61,1.032786885,39.53452667,0.180327869,44,55,36,55,11,63,61,1.032786885,39.53452667,0.180327869,44,
/adult-learner/course-detail/NYP-EGSP18/specialist-diploma-in-biomedical-and-pharmaceutical-engineering,cet-q1-2025,55,0,55,17,66,61,1.081967213,106.6282415,0.032786885,23,55,0,55,17,66,61,1.081967213,106.6282415,0.032786885,23,
/adult-learner/course-detail/NYP-HSAP11/advanced-diploma-in-nursing-management,cet-q1-2025,55,0,54,10,68,62,1.096774194,95.90774905,0.080645161,26,55,0,54,10,68,62,1.096774194,95.90774905,0.080645161,26,
/adult-learner/course-detail/NYP-SI4022_005/drive-sales-performance-on-lazada-marketing-synchronous-e-learning,(direct),55,3,55,0,55,57,0.964912281,1.36902993,0,6,55,3,55,0,55,57,0.964912281,1.36902993,0,6,
/adult-learner/course-detail/NYP-SI4054_002/enhanced-hvmp-heartland-visual-merchandising-programme,(direct),55,8,55,1,56,55,1.018181818,30.70021331,0.054545455,13,55,8,55,1,56,55,1.018181818,30.70021331,0.054545455,13,
/adult-learner/course-detail/NYP-SI7071_003/introduction-to-digital-marketing-classroom-facilitated,(direct),55,4,55,1,56,55,1.018181818,10.51325913,0,2,55,4,55,1,56,55,1.018181818,10.51325913,0,2,
/adult-learner/course-detail/NYP-WSCV01_013/sedaplicious-indonesian-flavours,(direct),55,10,55,5,55,60,0.916666667,38.97371305,0.1,12,55,10,55,5,55,60,0.916666667,38.97371305,0.1,12,
/adult-learner/course-detail/NYP-BMSP15/specialist-diploma-in-supply-chain-management,cet-q1-2025,54,0,54,20,63,59,1.06779661,58.49493156,0.050847458,21,54,0,54,20,63,59,1.06779661,58.49493156,0.050847458,21,
/adult-learner/course-detail/NYP-CE2010/using-python-for-data-analysis,(organic),54,2,54,20,71,74,0.959459459,79.7166035,0.189189189,20,54,2,54,20,71,74,0.959459459,79.7166035,0.189189189,20,
/adult-learner/course-detail/NYP-CE2011/using-python-for-data-analysis-synchronous-e-learning,(organic),54,30,53,17,65,62,1.048387097,111.8967932,0.193548387,38,54,30,53,17,65,62,1.048387097,111.8967932,0.193548387,38,
/adult-learner/course-detail/NYP-CI241006/operational-technology-security-fundamentals,cet-q1-2025,54,0,54,9,62,55,1.127272727,45.86786742,0.018181818,18,54,0,54,9,62,55,1.127272727,45.86786742,0.018181818,18,
/adult-learner/course-detail/NYP-SI4036_005/visual-and-creative-skills-for-digital-marketing-for-online-store-alibaba-entrepreneur-startup-program-23-synchronous-e-learning,(direct),54,3,54,0,54,56,0.964285714,1.230084982,0,5,54,3,54,0,54,56,0.964285714,1.230084982,0,5,
/adult-learner/course-detail/NYP-SI7071_002/sf-series-personal-online-branding-classroom-facilitated,(direct),54,4,54,1,54,54,1,5.94167537,0.018518519,6,54,4,54,1,54,54,1,5.94167537,0.018518519,6,
/adult-learner/course-detail/NYP-SI7073_004/generative-ai-get-informed-entertained-and-inspired-with-microsoft-copilot-classroom-facilitated,cet-q1-2025,54,0,54,11,63,60,1.05,72.1038935,0.033333333,21,54,0,54,11,63,60,1.05,72.1038935,0.033333333,21,
/adult-learner/course-detail/NYP-SI8032_003/critical-thinking-and-problem-solving,cet-q1-2025,54,0,54,4,57,55,1.036363636,46.02767587,0,6,54,0,54,4,57,55,1.036363636,46.02767587,0,6,
/adult-learner/course-detail/NYP-WSCY03_801/sctp-higher-certificate-in-food-services-culinary-arts-part-time,(organic),54,13,54,30,67,65,1.030769231,115.8393534,0.092307692,30,54,13,54,30,67,65,1.030769231,115.8393534,0.092307692,30,
/adult-learner/course-detail/NYP-CE241007/sustainable-futures-exploring-finnish-sustainability-through-innovation-and-social-responsibility,(direct),53,11,53,10,66,59,1.118644068,87.96842651,0.118644068,15,53,11,53,10,66,59,1.118644068,87.96842651,0.118644068,15,
/adult-learner/course-detail/NYP-CK1308/workplace-communication-effective-email-writing,cet-q1-2025,53,0,53,16,57,55,1.036363636,44.61391465,0.036363636,16,53,0,53,16,57,55,1.036363636,44.61391465,0.036363636,16,
/adult-learner/course-detail/NYP-HSSP18/specialist-diploma-in-nursing-gerontology,cet-q1-2025,53,0,53,17,75,63,1.19047619,92.36340941,0.015873016,21,53,0,53,17,75,63,1.19047619,92.36340941,0.015873016,21,
/adult-learner/course-detail/NYP-ITEP02/work-study-post-diploma-specialist-diploma-in-agile-solutioning-and-devsecops,cet-q1-2025,53,0,53,18,73,61,1.196721311,50.9565503,0.049180328,15,53,0,53,18,73,61,1.196721311,50.9565503,0.049180328,15,
/adult-learner/course-detail/NYP-SI4024_026/home-based-business,(direct),53,7,53,2,53,53,1,6.642363019,0,3,53,7,53,2,53,53,1,6.642363019,0,3,
/adult-learner/course-detail/NYP-SI7025_002/fundamentals-to-starting-an-online-business-classroom-facilitated,(organic),53,24,53,12,66,63,1.047619048,79.24935929,0.222222222,47,53,24,53,12,66,63,1.047619048,79.24935929,0.222222222,47,
/adult-learner/course-types/recommended/business,oh2025,53,0,48,33,76,67,1.134328358,118.7450585,0.208955224,40,53,0,48,33,76,67,1.134328358,118.7450585,0.208955224,40,
/adult-learner/course-types/work-study-certificates,(referral),53,10,53,23,88,74,1.189189189,133.4952948,0.121621622,18,53,10,53,23,88,74,1.189189189,133.4952948,0.121621622,18,
/adult-learner/course-detail/NYP-CB1216/financial-analytics-with-python,2025S1-sbm-acet,52,0,52,4,59,53,1.113207547,88.82108949,0.018867925,20,52,0,52,4,59,53,1.113207547,88.82108949,0.018867925,20,
/adult-learner/course-detail/NYP-EGEP04/work-study-post-diploma-specialist-diploma-in-biomedical-and-pharmaceutical-engineering,cet-q1-2025,52,0,52,19,68,61,1.114754098,42.33622721,0.081967213,23,52,0,52,19,68,61,1.114754098,42.33622721,0.081967213,23,
/adult-learner/course-detail/NYP-SI4063_002/tiktok-shop-optimise-your-social-media-marketing-engagement-and-boost-your-sales-classroom-facilitated-asynchronous-e-learning,(organic),52,7,52,12,58,57,1.01754386,120.8659959,0.070175439,20,52,7,52,12,58,57,1.01754386,120.8659959,0.070175439,20,
/adult-learner/course-detail/NYP-WSCV01_010/prepare-basic-sushi,(organic),52,6,52,17,65,59,1.101694915,99.28941119,0.06779661,21,52,6,52,17,65,59,1.101694915,99.28941119,0.06779661,21,
/adult-learner/course-detail/NYP-BMEP01/work-study-post-diploma-specialist-diploma-in-human-capital-management,(organic),51,2,51,21,62,55,1.127272727,60.16216511,0.090909091,28,51,2,51,21,62,55,1.127272727,60.16216511,0.090909091,28,
/adult-learner/course-detail/NYP-CI231004/design-thinking-for-innovation,cet-q1-2025,51,0,51,12,62,54,1.148148148,46.53919561,0.018518519,23,51,0,51,12,62,54,1.148148148,46.53919561,0.018518519,23,
/adult-learner/course-detail/NYP-CI246001/generative-ai-work,(organic),51,1,51,10,54,53,1.018867925,79.92089494,0.018867925,18,51,1,51,10,54,53,1.018867925,79.92089494,0.018867925,18,
/adult-learner/course-detail/NYP-DXSP07/specialist-diploma-in-user-experience-design-and-management,cet-q1-2025,51,0,40,19,58,55,1.054545455,47.10614465,0.163636364,35,51,0,40,19,58,55,1.054545455,47.10614465,0.163636364,35,
/adult-learner/course-detail/NYP-EG203W/apply-advanced-manufacturing-technology-and-process,(direct),51,4,51,7,53,55,0.963636364,16.24721791,0.018181818,7,51,4,51,7,53,55,0.963636364,16.24721791,0.018181818,7,
/adult-learner/course-detail/NYP-JC1A21/coaching-for-the-workplace,(organic),51,28,51,15,80,75,1.066666667,136.6681202,0.253333333,51,51,28,51,15,80,75,1.066666667,136.6681202,0.253333333,51,
/adult-learner/course-detail/NYP-SI4024_042/sustainability-everyday-grow-green-and-learn-mobile-photography-with-ecommerce-tips-classroom-facilitated-asynchronous-e-learning,(direct),51,10,51,6,53,52,1.019230769,9.366771038,0.076923077,15,51,10,51,6,53,52,1.019230769,9.366771038,0.076923077,15,
/adult-learner/course-detail/NYP-SI7073_001/mobile-photography-inspiring-the-human-connection-classroom-facilitated,(direct),51,6,51,14,67,64,1.046875,248.929061,0.0625,20,51,6,51,14,67,64,1.046875,248.929061,0.0625,20,
/adult-learner/course-detail/NYP-WSCV01_009/basic-french-cuisine,(direct),51,5,51,2,52,52,1,8.177176192,0.038461538,6,51,5,51,2,52,52,1,8.177176192,0.038461538,6,
/adult-learner/course-detail/NYP-WSCY04_801/sctp-higher-certificate-in-food-services-pastry-and-baking-part-time,(organic),51,4,51,16,55,53,1.037735849,75.14206791,0.018867925,11,51,4,51,16,55,53,1.037735849,75.14206791,0.018867925,11,
/adult-learner/course-detail/NYP-BMDP04/diploma-in-business-practice-customer-relationship-and-service-management,(referral),50,8,46,19,69,61,1.131147541,191.8136236,0.180327869,35,50,8,46,19,69,61,1.131147541,191.8136236,0.180327869,35,
/adult-learner/course-detail/NYP-CB1336/service-excellence,(organic),50,5,50,17,60,54,1.111111111,104.549719,0.092592593,23,50,5,50,17,60,54,1.111111111,104.549719,0.092592593,23,
/adult-learner/course-detail/NYP-CB2001/becoming-a-change-agent-in-a-volatile-world,(direct),50,7,50,5,50,51,0.980392157,33.73691392,0.019607843,3,50,7,50,5,50,51,0.980392157,33.73691392,0.019607843,3,
/adult-learner/course-detail/NYP-CB234002/digitalisation-for-tourism-skillsfuture-for-digital-workplace-20,2025S1-sbm-acet,50,0,50,4,55,50,1.1,51.49972756,0,29,50,0,50,4,55,50,1.1,51.49972756,0,29,
/adult-learner/course-detail/NYP-EGEP06/work-study-post-diploma-specialist-diploma-in-robotics-and-automation-systems-design,(referral),50,0,50,14,75,70,1.071428571,81.2820904,0.1,32,50,0,50,14,75,70,1.071428571,81.2820904,0.1,32,
/adult-learner/course-detail/NYP-HSAF42/advanced-diploma-in-nursing-medical-surgical-adms1,cet-q1-2025,50,0,50,10,62,56,1.107142857,67.67541813,0.089285714,35,50,0,50,10,62,56,1.107142857,67.67541813,0.089285714,35,
/adult-learner/course-detail/NYP-HSSP16/specialist-diploma-in-nursing-endoscopy,(direct),50,16,50,6,70,55,1.272727273,86.28348942,0.2,21,50,16,50,6,70,55,1.272727273,86.28348942,0.2,21,
/adult-learner/course-detail/NYP-JC1A22/learning-needs-and-skills-gap-analysis,cet-q1-2025,50,0,50,12,68,65,1.046153846,19.13321725,0.2,23,50,0,50,12,68,65,1.046153846,19.13321725,0.2,23,
/adult-learner/course-detail/NYP-SI7055_001/business-intelligence-to-improve-revenue,(direct),50,6,50,2,50,52,0.961538462,13.82856487,0.019230769,6,50,6,50,2,50,52,0.961538462,13.82856487,0.019230769,6,
/adult-learner/course-detail/NYP-SI7074_001/generative-ai-get-informed-entertained-and-inspired-with-microsoft-copilot-classroom-facilitated,(organic),50,0,50,19,63,60,1.05,85.25164328,0.066666667,19,50,0,50,19,63,60,1.05,85.25164328,0.066666667,19,
/adult-learner/course-types/work-study-certificates,2025S1-sbm-acet,50,0,49,14,63,53,1.188679245,66.12900915,0.037735849,14,50,0,49,14,63,53,1.188679245,66.12900915,0.037735849,14,
/adult-learner/course-detail/NYP-CE234001/digital-transformation-enablers-for-manufacturing-skillsfuture-for-digital-workplace-20,(organic),49,0,49,15,54,54,1,57.23884281,0.037037037,17,49,0,49,15,54,54,1,57.23884281,0.037037037,17,
/adult-learner/course-detail/NYP-CI1236/computational-thinking-and-coding,(organic),49,5,49,17,63,62,1.016129032,73.39883608,0.080645161,23,49,5,49,17,63,62,1.016129032,73.39883608,0.080645161,23,
/adult-learner/course-detail/NYP-SI4060_004/accelerate-sales-and-conversions-with-ai-powered-data-analytics-classroom-facilitated-practical-training-asynchronous-e-learning,cet-q1-2025,49,0,49,9,59,55,1.072727273,46.78961536,0.036363636,18,49,0,49,9,59,55,1.072727273,46.78961536,0.036363636,18,
/adult-learner/course-detail/NYP-SI7025_015/digital-skills-enhance-your-work-and-daily-productivity-classroom-facilitated,(organic),49,1,49,20,52,52,1,109.2108908,0.038461538,17,49,1,49,20,52,52,1,109.2108908,0.038461538,17,
/adult-learner/course-detail/NYP-WSCY03_801/sctp-higher-certificate-in-food-services-culinary-arts-part-time,cet-q1-2025,49,0,49,6,50,51,0.980392157,28.4321311,0.019607843,7,49,0,49,6,50,51,0.980392157,28.4321311,0.019607843,7,
/adult-learner/skillsfuture-credit,2024S2-sbm-acet,49,0,38,19,74,54,1.37037037,58.12507367,0.240740741,29,49,0,38,19,74,54,1.37037037,58.12507367,0.240740741,29,
/adult-learner/course-detail/NYP-BMEP01/work-study-post-diploma-specialist-diploma-in-human-capital-management,(direct),48,4,48,8,50,51,0.980392157,29.95070876,0.058823529,9,48,4,48,8,50,51,0.980392157,29.95070876,0.058823529,9,
/adult-learner/course-detail/NYP-BMSPA8/post-diploma-certificate-in-fund-management-part-of-specialist-diploma-in-fund-management-and-administration,(organic),48,3,48,17,51,52,0.980769231,86.32514058,0.076923077,18,48,3,48,17,51,52,0.980769231,86.32514058,0.076923077,18,
/adult-learner/course-detail/NYP-CE2008/simple-ways-for-beginners-to-learn-coding,(organic),48,24,48,14,59,51,1.156862745,155.5198994,0.176470588,32,48,24,48,14,59,51,1.156862745,155.5198994,0.176470588,32,
/adult-learner/course-detail/NYP-CLSP06/specialist-diploma-in-nutrition-science,(not set),48,40,48,8,66,55,1.2,108.1646464,0.218181818,47,48,40,48,8,66,55,1.2,108.1646464,0.218181818,47,
/adult-learner/course-detail/NYP-EGSP22/specialist-diploma-in-sustainable-materials-management,cet-q1-2025,48,0,48,11,61,54,1.12962963,75.95744891,0,16,48,0,48,11,61,54,1.12962963,75.95744891,0,16,
/adult-learner/course-detail/NYP-SI4013_012/master-google-ads-to-turbo-charge-leads-and-sales-classroom-facilitated-asynchronous-e-learning,(direct),48,1,48,3,48,51,0.941176471,7.955671216,0,7,48,1,48,3,48,51,0.941176471,7.955671216,0,7,
/adult-learner/course-detail/NYP-WSCC11_804/wsq-certificate-in-food-services-pastry-and-baking,(organic),48,39,48,7,62,54,1.148148148,73.37918496,0.259259259,34,48,39,48,7,62,54,1.148148148,73.37918496,0.259259259,34,
/adult-learner/course-detail/NYP-WSCV01_015/savoury-vietnamese-delights,cet-q1-2025,48,0,48,8,57,50,1.14,48.9042481,0,15,48,0,48,8,57,50,1.14,48.9042481,0,15,
/adult-learner/course-detail/NYP-WSCV01_016/savoury-korean-delights,cet-q1-2025#personal-development,48,0,48,12,64,53,1.20754717,62.98267343,0.018867925,20,48,0,48,12,64,53,1.20754717,62.98267343,0.018867925,20,
/adult-learner/course-types/career-transition-conversion-programmes,2025S1-sbm-acet,48,0,48,14,68,53,1.283018868,64.2228066,0,4,48,0,48,14,68,53,1.283018868,64.2228066,0,4,
/adult-learner/course-detail/NYP-BMSPA1/post-diploma-certificate-in-applied-analytics-and-digitalisation-in-hr-part-of-specialist-diploma-in-hr-analytics-and-digitalisation,(organic),47,2,47,23,54,56,0.964285714,127.3302373,0.071428571,18,47,2,47,23,54,56,0.964285714,127.3302373,0.071428571,18,
/adult-learner/course-detail/NYP-CI241005/scaled-agile-framework-safe-scrum-master-synchronous-and-asynchronous-e-learning,(organic),47,9,47,19,57,59,0.966101695,66.38328829,0.13559322,24,47,9,47,19,57,59,0.966101695,66.38328829,0.13559322,24,
/adult-learner/course-detail/NYP-HSAF31/advanced-diploma-in-nursing-nephro-urology,(direct),47,14,47,16,82,73,1.123287671,76.48667379,0.191780822,47,47,14,47,16,82,73,1.123287671,76.48667379,0.191780822,47,
/adult-learner/course-detail/NYP-SI4064_006/live-streaming-boost-your-e-commerce-sales-classroom-facilitated-asynchronous-e-learning,(direct),47,3,47,1,48,47,1.021276596,5.128338213,0.021276596,5,47,3,47,1,48,47,1.021276596,5.128338213,0.021276596,5,
/adult-learner/course-detail/NYP-SI7073_005/generative-ai-smarter-faster-easier-content-creation-on-designsai-classroom-facilitated,(organic),47,2,47,24,64,62,1.032258065,201.7647485,0.096774194,17,47,2,47,24,64,62,1.032258065,201.7647485,0.096774194,17,
/adult-learner/course-type-quiz,(organic),47,4,47,16,48,48,1,51.62011202,0.020833333,11,47,4,47,16,48,48,1,51.62011202,0.020833333,11,
/adult-learner/funding/incentives,(referral),47,4,46,14,71,66,1.075757576,143.1602972,0.106060606,22,47,4,46,14,71,66,1.075757576,143.1602972,0.106060606,22,
/adult-learner/course-detail/NYP-CE241002/microsoft-excel-for-workplace,(organic),46,11,46,12,52,51,1.019607843,91.51192837,0.098039216,21,46,11,46,12,52,51,1.019607843,91.51192837,0.098039216,21,
/adult-learner/course-detail/NYP-CI1279/data-visualisation-practicum,(organic),46,2,46,19,62,60,1.033333333,85.09838358,0.083333333,16,46,2,46,19,62,60,1.033333333,85.09838358,0.083333333,16,
/adult-learner/course-detail/NYP-DXSP09/specialist-diploma-in-spatial-design,cet-q1-2025,46,0,43,21,58,52,1.115384615,103.9879897,0.115384615,28,46,0,43,21,58,52,1.115384615,103.9879897,0.115384615,28,
/adult-learner/course-detail/NYP-EGSP19/specialist-diploma-in-robotics-and-automation-systems-design,cet-q1-2025,46,0,46,16,54,48,1.125,107.1208714,0.020833333,20,46,0,46,16,54,48,1.125,107.1208714,0.020833333,20,
/adult-learner/course-detail/NYP-EGSPA5/post-diploma-certificate-in-materials-sustainability-and-governance-part-of-specialist-diploma-in-sustainable-materials-management,cet-q1-2025,46,0,46,12,51,50,1.02,34.68982196,0.02,9,46,0,46,12,51,50,1.02,34.68982196,0.02,9,
/adult-learner/course-detail/NYP-HSSP09/specialist-diploma-in-nursing-diabetes-management-and-education,(direct),46,2,45,14,64,55,1.163636364,63.32579247,0.127272727,26,46,2,45,14,64,55,1.163636364,63.32579247,0.127272727,26,
/adult-learner/course-detail/NYP-WSQV03_014/financial-analysis-sf-manager,cet-q1-2025,46,0,46,10,55,50,1.1,52.07196746,0.04,8,46,0,46,10,55,50,1.1,52.07196746,0.04,8,
/adult-learner/course-types/recommended/artificial-intelligence,cet-q1-2025,46,0,44,22,65,52,1.25,191.1284725,0.134615385,23,46,0,44,22,65,52,1.25,191.1284725,0.134615385,23,
/adult-learner/course-detail/NYP-BMSPA8/post-diploma-certificate-in-fund-management-part-of-specialist-diploma-in-fund-management-and-administration,cet-q1-2025,45,0,45,14,48,49,0.979591837,77.18111869,0.06122449,15,45,0,45,14,48,49,0.979591837,77.18111869,0.06122449,15,
/adult-learner/course-detail/NYP-CB234003/digitalisation-for-transportation-skillsfuture-for-digital-workplace-20-online,(direct),45,3,45,9,61,49,1.244897959,19.69486545,0.040816327,10,45,3,45,9,61,49,1.244897959,19.69486545,0.040816327,10,
/adult-learner/course-detail/NYP-CI241006/operational-technology-security-fundamentals,cet-q1-2025#cybersecurity,45,0,45,12,50,49,1.020408163,22.854128,0.020408163,16,45,0,45,12,50,49,1.020408163,22.854128,0.020408163,16,
/adult-learner/course-detail/NYP-CX1331/storytelling-using-smartphone-photography,cet-q1-2025#personal-development,45,0,45,6,51,47,1.085106383,98.57034619,0.021276596,15,45,0,45,6,51,47,1.085106383,98.57034619,0.021276596,15,
/adult-learner/course-detail/NYP-DXEP09/work-study-post-diploma-specialist-diploma-in-spatial-design,(referral),45,1,45,13,57,50,1.14,141.9907946,0.04,9,45,1,45,13,57,50,1.14,141.9907946,0.04,9,
/adult-learner/course-detail/NYP-SI4062_003/tiktok-shop-optimise-your-social-media-marketing-engagement-and-boost-your-sales-classroom-facilitated-asynchronous-e-learning,(direct),45,1,45,0,45,45,1,1.685589022,0.022222222,6,45,1,45,0,45,45,1,1.685589022,0.022222222,6,
/adult-learner/course-detail/NYP-WSCV04_003/croissant,(direct),45,4,45,5,47,46,1.02173913,29.30468133,0.02173913,9,45,4,45,5,47,46,1.02173913,29.30468133,0.02173913,9,
/adult-learner/course-detail/NYP-BMLP02/work-study-certificate-leading-to-diploma-in-business-practice-accounting,cet-q1-2025,44,0,44,15,57,51,1.117647059,47.242833,0.098039216,18,44,0,44,15,57,51,1.117647059,47.242833,0.098039216,18,
/adult-learner/course-detail/NYP-BMSPA4/post-diploma-certificate-in-materials-management-part-of-specialist-diploma-in-supply-chain-management,(organic),44,3,44,19,55,61,0.901639344,43.35249046,0.262295082,13,44,3,44,19,55,61,0.901639344,43.35249046,0.262295082,13,
/adult-learner/course-detail/NYP-CL0392/understanding-food-labels,(organic),44,11,44,19,56,50,1.12,75.692036,0.1,21,44,11,44,19,56,50,1.12,75.692036,0.1,21,
/adult-learner/course-detail/NYP-CL1082/overview-of-sustainable-and-renewable-energy-technologies-for-a-smart-city,cet-q1-2025,44,0,44,9,44,44,1,52.61616364,0,14,44,0,44,9,44,44,1,52.61616364,0,14,
/adult-learner/course-detail/NYP-CL1301/right-food-with-right-medicine-for-diabetes-and-heart-patients-synchronous-elearning,(direct),44,23,43,4,71,46,1.543478261,95.95476567,0.130434783,28,44,23,43,4,71,46,1.543478261,95.95476567,0.130434783,28,
/adult-learner/course-detail/NYP-EGSP21/specialist-diploma-in-carbon-management-for-sustainability-reporting,cet-q1-2025,44,0,44,12,56,47,1.191489362,89.2709074,0,14,44,0,44,12,56,47,1.191489362,89.2709074,0,14,
/adult-learner/course-detail/NYP-HSAF26/advanced-diploma-in-nursing-neuroscience,cet-q1-2025,44,0,44,10,51,47,1.085106383,29.15892021,0.042553191,18,44,0,44,10,51,47,1.085106383,29.15892021,0.042553191,18,
/adult-learner/course-detail/NYP-WSCV01_014/traditional-rice-dumplings,cet-q1-2025,44,0,44,10,62,52,1.192307692,64.71384856,0.057692308,20,44,0,44,10,62,52,1.192307692,64.71384856,0.057692308,20,
/adult-learner/course-detail/NYP-WSCV04_001/artisan-breads,cet-q1-2025,44,0,44,11,54,52,1.038461538,41.40768962,0.019230769,14,44,0,44,11,54,52,1.038461538,41.40768962,0.019230769,14,
/adult-learner/course-detail/NYP-WSQV03_008/service-leadership-sf-manager,(direct),44,5,44,2,45,44,1.022727273,23.05632193,0.068181818,7,44,5,44,2,45,44,1.022727273,23.05632193,0.068181818,7,
/adult-learner/course-detail/NYP-CB1572/reading-signs-and-moving-minds-personality-analysis-for-innovative-negotiation-and-conflict-management,cet-q1-2025,43,0,43,8,48,45,1.066666667,72.41332664,0.044444444,12,43,0,43,8,48,45,1.066666667,72.41332664,0.044444444,12,
/adult-learner/course-detail/NYP-CB231023/sustainability-in-sourcing-and-procurement-strategies,2025S1-sbm-acet,43,0,43,7,49,46,1.065217391,49.84657926,0,22,43,0,43,7,49,46,1.065217391,49.84657926,0,22,
/adult-learner/course-detail/NYP-CB231024/warehouse-and-inventory-management,cet-q1-2025,43,0,43,16,62,56,1.107142857,75.48346534,0.125,19,43,0,43,16,62,56,1.107142857,75.48346534,0.125,19,
/adult-learner/course-detail/NYP-CE2007/introduction-to-design-thinking,(organic),43,20,43,13,62,56,1.107142857,116.8001313,0.178571429,29,43,20,43,13,62,56,1.107142857,116.8001313,0.178571429,29,
/adult-learner/course-detail/NYP-CH1348/phlebotomy-short-course,(organic),43,0,43,17,51,44,1.159090909,90.7102787,0,17,43,0,43,17,51,44,1.159090909,90.7102787,0,17,
/adult-learner/course-detail/NYP-CX1331/storytelling-using-smartphone-photography,(organic),43,22,42,8,59,57,1.035087719,57.65638246,0.192982456,33,43,22,42,8,59,57,1.035087719,57.65638246,0.192982456,33,
/adult-learner/course-detail/NYP-HSDP01/diploma-in-health-sciences-paramedicine,oh2025,43,0,43,12,53,47,1.127659574,101.7487178,0.042553191,20,43,0,43,12,53,47,1.127659574,101.7487178,0.042553191,20,
/adult-learner/course-detail/NYP-SI7073_004/generative-ai-get-informed-entertained-and-inspired-with-microsoft-copilot-classroom-facilitated,(organic),43,13,43,10,52,50,1.04,83.47384906,0.2,24,43,13,43,10,52,50,1.04,83.47384906,0.2,24,
/adult-learner/course-detail/NYP-WSCP39_002/hawker-culinary-fundamentals,(organic),43,22,43,6,56,49,1.142857143,111.0079371,0.12244898,30,43,22,43,6,56,49,1.142857143,111.0079371,0.12244898,30,
/adult-learner/course-detail/NYP-WSQV02_001/adapt-to-change-sf-supervisor,(direct),43,6,43,4,44,44,1,11.32193973,0,3,43,6,43,4,44,44,1,11.32193973,0,3,
/adult-learner/course-detail/NYP-CE1151/introduction-to-deep-learning,cet-q1-2025,42,0,42,12,42,44,0.954545455,27.01414261,0.045454545,13,42,0,42,12,42,44,0.954545455,27.01414261,0.045454545,13,
/adult-learner/course-detail/NYP-CE241002/microsoft-excel-for-workplace,cet-q1-2025,42,0,42,17,51,47,1.085106383,50.29894068,0.063829787,10,42,0,42,17,51,47,1.085106383,50.29894068,0.063829787,10,
/adult-learner/course-detail/NYP-CX1107/aerial-drone-photography,(organic),42,23,42,9,52,49,1.06122449,93.65162249,0.142857143,31,42,23,42,9,52,49,1.06122449,93.65162249,0.142857143,31,
/adult-learner/course-detail/NYP-SI7073_001/mobile-photography-inspiring-the-human-connection-classroom-facilitated,(organic),42,0,42,12,52,47,1.106382979,68.27899902,0.063829787,16,42,0,42,12,52,47,1.106382979,68.27899902,0.063829787,16,
/adult-learner/course-detail/NYP-SI7073_002/mobile-photography-turning-products-into-visual-stories-classroom-facilitated,(direct),42,5,42,9,59,47,1.255319149,64.45492274,0.063829787,13,42,5,42,9,59,47,1.255319149,64.45492274,0.063829787,13,
/adult-learner/course-detail/NYP-WSCV01_005/advanced-cantonese-cuisine,(direct),42,6,42,5,42,43,0.976744186,34.79735642,0.069767442,6,42,6,42,5,42,43,0.976744186,34.79735642,0.069767442,6,
/adult-learner/course-detail/NYP-WSCV02_005/bagel-and-doughnut-creations,(organic),42,8,42,10,48,44,1.090909091,118.4104922,0.022727273,15,42,8,42,10,48,44,1.090909091,118.4104922,0.022727273,15,
/adult-learner/course-detail/NYP-WSCV04_002/caf-style-breads,(direct),42,5,42,4,42,42,1,31.21160488,0.023809524,6,42,5,42,4,42,42,1,31.21160488,0.023809524,6,
/adult-learner/course-detail/NYP-WSCY15_801/sctp-culinary-kitchen-operations-specialist-full-time-ta-eligible,(direct),42,4,42,5,48,47,1.021276596,39.12253057,0.021276596,12,42,4,42,5,48,47,1.021276596,39.12253057,0.021276596,12,
/adult-learner/course-detail/NYP-WSQV03_014/financial-analysis-sf-manager,(organic),42,2,42,16,49,49,1,72.55995649,0.020408163,18,42,2,42,16,49,49,1,72.55995649,0.020408163,18,
/adult-learner/skillsfuture-level-up,2024S2-sbm-acet,42,0,35,16,63,50,1.26,79.22258606,0.14,18,42,0,35,16,63,50,1.26,79.22258606,0.14,18,
/adult-learner/skillsfuture-level-up,cet-q1-2025#personal-development,42,0,31,24,63,56,1.125,117.2338384,0.357142857,30,42,0,31,24,63,56,1.125,117.2338384,0.357142857,30,
/adult-learner/course-detail/NYP-CB241004/risk-management-in-sport-bizsafe-level-2,(referral),41,40,41,4,48,47,1.021276596,38.997785,0.29787234,44,41,40,41,4,48,47,1.021276596,38.997785,0.29787234,44,
/adult-learner/course-detail/NYP-CB241006/hospitality-industry-analytics,(organic),41,4,41,18,48,45,1.066666667,95.21282053,0.066666667,12,41,4,41,18,48,45,1.066666667,95.21282053,0.066666667,12,
/adult-learner/course-detail/NYP-CI1326/rpa-for-the-digital-workplace,cet-q1-2025,41,0,41,6,47,47,1,27.90567219,0.106382979,13,41,0,41,6,47,47,1,27.90567219,0.106382979,13,
/adult-learner/course-detail/NYP-HSAF44/advanced-diploma-in-nursing-midwifery-admw1,cet-q1-2025,41,0,41,5,46,41,1.12195122,36.30150927,0,11,41,0,41,5,46,41,1.12195122,36.30150927,0,11,
/adult-learner/course-detail/NYP-WSCY01_801/sctp-certificate-in-food-services-culinary-arts-part-time,(organic),41,0,41,19,46,45,1.022222222,60.24488213,0,20,41,0,41,19,46,45,1.022222222,60.24488213,0,20,
/adult-learner/course-types/recommended/care-economy,(organic),41,8,41,9,49,42,1.166666667,42.20231876,0.023809524,7,41,8,41,9,49,42,1.166666667,42.20231876,0.023809524,7,
/adult-learner/course-types/work-study-post-diplomas,2025S1-sbm-acet,41,0,41,23,56,49,1.142857143,198.9270292,0.040816327,10,41,0,41,23,56,49,1.142857143,198.9270292,0.040816327,10,
/adult-learner/course-detail/NYP-CB1579/ai-for-business-communication,(referral),40,28,40,11,53,49,1.081632653,175.1981347,0.142857143,36,40,28,40,11,53,49,1.081632653,175.1981347,0.142857143,36,
/adult-learner/course-detail/NYP-CE231017/9-day-precision-engineering-assessment-and-reskilling-lab-pearl-conventional-machining,(organic),40,2,40,14,50,45,1.111111111,121.1801628,0.066666667,12,40,2,40,14,50,45,1.111111111,121.1801628,0.066666667,12,
/adult-learner/course-detail/NYP-CK1308/workplace-communication-effective-email-writing,(organic),40,21,40,13,47,49,0.959183673,139.2583572,0.163265306,32,40,21,40,13,47,49,0.959183673,139.2583572,0.163265306,32,
/adult-learner/course-detail/NYP-WSCV04_001/artisan-breads,(organic),40,3,40,11,45,40,1.125,60.10762905,0.025,8,40,3,40,11,45,40,1.125,60.10762905,0.025,8,
/adult-learner/course-types/recommended/digital-economy,(organic),40,3,40,13,55,52,1.057692308,91.64595154,0.115384615,8,40,3,40,13,55,52,1.057692308,91.64595154,0.115384615,8,
/adult-learner/course-types/short-courses,2024S2-sbm-acet,40,0,40,8,53,45,1.177777778,152.6729523,0.044444444,21,40,0,40,8,53,45,1.177777778,152.6729523,0.044444444,21,
/adult-learner/course-detail/NYP-CB231013/sustainability-at-our-core-equipping-you-to-drive-impact,(organic),39,18,39,18,51,50,1.02,180.7593366,0.3,32,39,18,39,18,51,50,1.02,180.7593366,0.3,32,
/adult-learner/course-detail/NYP-CH231003/suicide-risk-assessment-and-management,cet-q1-2025,39,0,39,13,48,41,1.170731707,45.30987641,0.024390244,11,39,0,39,13,48,41,1.170731707,45.30987641,0.024390244,11,
/adult-learner/course-detail/NYP-CI1369/from-data-to-visualisation,cet-q1-2025,39,0,39,11,46,43,1.069767442,60.07479521,0.069767442,15,39,0,39,11,46,43,1.069767442,60.07479521,0.069767442,15,
/adult-learner/course-detail/NYP-CLBP01/work-study-post-diploma-advanced-diploma-in-pharmaceutical-sciences,cet-q1-2025,39,0,39,12,43,40,1.075,112.4035927,0,11,39,0,39,12,43,40,1.075,112.4035927,0,11,
/adult-learner/course-detail/NYP-EGEP02/work-study-post-diploma-specialist-diploma-in-converged-infocomm-infrastructure,cet-q1-2025,39,0,39,18,56,49,1.142857143,131.5324687,0.102040816,18,39,0,39,18,56,49,1.142857143,131.5324687,0.102040816,18,
/adult-learner/course-detail/NYP-EGSPA2/post-diploma-certificate-in-gxp-of-quality-assurance-and-compliance-qac-part-of-specialist-diploma-in-biomedical-and-pharmaceutical-engineering,cet-q1-2025,39,0,39,4,43,42,1.023809524,69.52112283,0.071428571,14,39,0,39,4,43,42,1.023809524,69.52112283,0.071428571,14,
/adult-learner/course-detail/NYP-HSCP07/certificate-in-bridging-studies-for-enrolled-nurse,cet-q1-2025,39,0,38,14,46,48,0.958333333,81.78416229,0.083333333,29,39,0,38,14,46,48,0.958333333,81.78416229,0.083333333,29,
/adult-learner/course-detail/NYP-SI4046_002/jumpstart-your-online-business-part-2,(direct),39,5,39,0,39,40,0.975,1.439563375,0.05,3,39,5,39,0,39,40,0.975,1.439563375,0.05,3,
/adult-learner/course-detail/NYP-SI4060_003/supercharge-sales-with-automated-omnichannel-integration-classroom-facilitated-practical-training,(direct),39,17,39,0,39,39,1,4.339092538,0.076923077,8,39,17,39,0,39,39,1,4.339092538,0.076923077,8,
/adult-learner/course-detail/NYP-WSCV02_007/macaron,(direct),39,7,39,3,40,40,1,28.3011324,0.1,9,39,7,39,3,40,40,1,28.3011324,0.1,9,
/adult-learner/course-detail/NYP-WSCV07_001/food-safety-course-level-4,(direct),39,9,39,7,51,50,1.02,76.2358149,0.2,22,39,9,39,7,51,50,1.02,76.2358149,0.2,22,
/adult-learner/skillsfuture-credit,2024s2-sbm-shortcourses,39,0,26,26,87,54,1.611111111,96.50259576,0.277777778,42,39,0,26,26,87,54,1.611111111,96.50259576,0.277777778,42,
/adult-learner/course-detail/NYP-BMDP05/diploma-in-business-practice-accounting,(referral),38,7,34,16,42,49,0.857142857,110.6274615,0.163265306,28,38,7,34,16,42,49,0.857142857,110.6274615,0.163265306,28,
/adult-learner/course-detail/NYP-BMLP01/work-study-certificate-leading-to-diploma-in-business-practice-hospitality-and-tourism-management,cet-q1-2025,38,0,38,14,49,44,1.113636364,28.24555284,0.090909091,11,38,0,38,14,49,44,1.113636364,28.24555284,0.090909091,11,
/adult-learner/course-detail/NYP-CI245023/the-art-of-effective-prompting-for-productivity,(direct),38,2,38,1,40,39,1.025641026,50.88759385,0,4,38,2,38,1,40,39,1.025641026,50.88759385,0,4,
/adult-learner/course-detail/NYP-CL0901/tcm-life-skills-in-sub-health-management-of-common-conditions,cet-q1-2025,38,0,38,6,42,41,1.024390244,99.14883151,0.024390244,9,38,0,38,6,42,41,1.024390244,99.14883151,0.024390244,9,
/adult-learner/course-detail/NYP-CL1299/sanitisation-technology-and-the-management-of-infectious-disease-threat-synchronous-elearning,(direct),38,2,38,2,38,41,0.926829268,15.7701912,0,6,38,2,38,2,38,41,0.926829268,15.7701912,0,6,
/adult-learner/course-detail/NYP-EGSP15/specialist-diploma-in-cloud-security-and-iot-cloud-services,cet-q1-2025,38,0,38,9,50,46,1.086956522,90.5399612,0.108695652,18,38,0,38,9,50,46,1.086956522,90.5399612,0.108695652,18,
/adult-learner/course-detail/NYP-HSAF35/advanced-diploma-in-nursing-palliative-care,cet-q1-2025,38,0,38,11,55,43,1.279069767,78.57618567,0.023255814,11,38,0,38,11,55,43,1.279069767,78.57618567,0.023255814,11,
/adult-learner/course-detail/NYP-JC1A19/workplace-learning-blueprint-development,(organic),38,21,38,11,49,49,1,101.691948,0.183673469,31,38,21,38,11,49,49,1,101.691948,0.183673469,31,
/adult-learner/course-detail/NYP-SI4052_002/casetrust-accreditation-scheme-for-e-commerce-business-individual-training-2-classroom-facilitated-practical-training,(direct),38,4,38,1,38,40,0.95,1.932317525,0.125,9,38,4,38,1,38,40,0.95,1.932317525,0.125,9,
/adult-learner/course-detail/NYP-WSCP44_001/pwm-food-services-food-waste-disposal-and-reduction,cet-q1-2025,38,0,38,3,42,38,1.105263158,79.71789239,0,11,38,0,38,3,42,38,1.105263158,79.71789239,0,11,
/adult-learner/course-types/post-diploma-programmes/engineering,(referral),38,1,38,21,62,48,1.291666667,71.7664071,0.083333333,15,38,1,38,21,62,48,1.291666667,71.7664071,0.083333333,15,
/adult-learner/course-detail/NYP-CB1572/reading-signs-and-moving-minds-personality-analysis-for-innovative-negotiation-and-conflict-management,(organic),37,17,36,14,55,52,1.057692308,136.0020588,0.192307692,35,37,17,36,14,55,52,1.057692308,136.0020588,0.192307692,35,
/adult-learner/course-detail/NYP-CK1244/workplace-communication-effective-presentation,(organic),37,19,37,18,46,49,0.93877551,148.6675857,0.224489796,28,37,19,37,18,46,49,0.93877551,148.6675857,0.224489796,28,
/adult-learner/course-detail/NYP-SI7025_014/sf-series-personal-online-branding-classroom-facilitated,cet-q1-2025,37,0,37,11,44,40,1.1,85.10245695,0.05,10,37,0,37,11,44,40,1.1,85.10245695,0.05,10,
/adult-learner/course-detail/NYP-WSCP32_009/food-safety-course-level-1,(organic),37,18,37,12,47,41,1.146341463,117.3934297,0.097560976,28,37,18,37,12,47,41,1.146341463,117.3934297,0.097560976,28,
/adult-learner/course-detail/NYP-BMDP06/diploma-in-business-practice-supply-chain-management,(referral),36,4,32,11,45,43,1.046511628,134.3516514,0.23255814,17,36,4,32,11,45,43,1.046511628,134.3516514,0.23255814,17,
/adult-learner/course-detail/NYP-CB1037/hr-analytics,(organic),36,10,36,16,39,37,1.054054054,118.146806,0.108108108,20,36,10,36,16,39,37,1.054054054,118.146806,0.108108108,20,
/adult-learner/course-detail/NYP-CB1295/starting-your-coffee-business,2025S1-sbm-acet,36,0,36,5,41,37,1.108108108,54.51481227,0.081081081,14,36,0,36,5,41,37,1.108108108,54.51481227,0.081081081,14,
/adult-learner/course-detail/NYP-CB241006/hospitality-industry-analytics,cet-q1-2025,36,0,36,5,40,39,1.025641026,15.96663567,0.025641026,14,36,0,36,5,40,39,1.025641026,15.96663567,0.025641026,14,
/adult-learner/course-detail/NYP-CH0527/understand-dementia-just-forgetful-or-dementia,(organic),36,8,36,9,40,39,1.025641026,77.00209036,0,13,36,8,36,9,40,39,1.025641026,77.00209036,0,13,
/adult-learner/course-detail/NYP-SI4058_002/generative-ai-content-creation-super-sprint-your-sales-and-marketing-performance-classroom-facilitated-practical,(organic),36,3,36,11,41,39,1.051282051,146.2821154,0.128205128,12,36,3,36,11,41,39,1.051282051,146.2821154,0.128205128,12,
/adult-learner/course-detail/NYP-WSCV01_016/savoury-korean-delights,(organic),36,2,36,9,37,37,1,30.84000924,0.027027027,11,36,2,36,9,37,37,1,30.84000924,0.027027027,11,
/adult-learner/course-detail/NYP-WSCV02_001/healthy-vegan-and-gluten-free-creations,(organic),36,5,36,15,44,41,1.073170732,54.81674405,0.048780488,12,36,5,36,15,44,41,1.073170732,54.81674405,0.048780488,12,
/adult-learner/course-detail/NYP-WSCV04_003/croissant,cet-q1-2025,36,0,36,7,41,38,1.078947368,77.10984166,0.026315789,12,36,0,36,7,41,38,1.078947368,77.10984166,0.026315789,12,
/adult-learner/course-types/post-diploma-programmes/health-social-sciences,(referral),36,3,36,15,50,44,1.136363636,45.27863,0,4,36,3,36,15,50,44,1.136363636,45.27863,0,4,
/adult-learner/course-types/recommended/business,cet-q1-2025,36,0,36,14,46,36,1.277777778,182.5155163,0.027777778,16,36,0,36,14,46,36,1.277777778,182.5155163,0.027777778,16,
/adult-learner/course-detail/NYP-CB231025/storytelling-for-social-media-101,cet-q1-2025,35,0,35,9,41,36,1.138888889,65.15177603,0,5,35,0,35,9,41,36,1.138888889,65.15177603,0,5,
/adult-learner/course-detail/NYP-CL0897/tcm-and-your-immune-system-boosting-your-immunity-with-ideas-from-east-and-west,(not set),35,29,35,4,46,45,1.022222222,29.08906644,0.466666667,40,35,29,35,4,46,45,1.022222222,29.08906644,0.466666667,40,
/adult-learner/course-detail/NYP-CL241001/reducing-ghg-emissions-through-energy-management-and-audit,cet-q1-2025,35,0,35,6,41,39,1.051282051,51.26857623,0.051282051,13,35,0,35,6,41,39,1.051282051,51.26857623,0.051282051,13,
/adult-learner/course-detail/NYP-DXSP01/specialist-diploma-in-smart-project-and-facilities-management,(referral),35,14,25,7,32,42,0.761904762,95.1793094,0.380952381,23,35,14,25,7,32,42,0.761904762,95.1793094,0.380952381,23,
/adult-learner/course-detail/NYP-HSVF01/diploma-conversion-in-paramedic-science,(organic),35,0,35,24,57,48,1.1875,115.9071098,0.083333333,28,35,0,35,24,57,48,1.1875,115.9071098,0.083333333,28,
/adult-learner/course-detail/NYP-SI4059_003/cybersecurity-workshop-critical-protection-for-your-business-practical-asynchronous-e-learning,cet-q1-2025,35,0,35,10,42,38,1.105263158,49.15321795,0,14,35,0,35,10,42,38,1.105263158,49.15321795,0,14,
/adult-learner/course-detail/NYP-SI4064_005/social-and-influencer-marketing-drive-conversions-and-optimise-returns-classroom-facilitated,(direct),35,3,35,1,35,36,0.972222222,7.228921333,0.027777778,3,35,3,35,1,35,36,0.972222222,7.228921333,0.027777778,3,
/adult-learner/course-detail/NYP-BMSPA7/post-diploma-certificate-in-sport-management-part-of-specialist-diploma-in-sport-management-and-marketing,(organic),34,2,34,15,39,41,0.951219512,36.59452146,0.073170732,10,34,2,34,15,39,41,0.951219512,36.59452146,0.073170732,10,
/adult-learner/course-detail/NYP-CB1333/consumer-behaviour,2025S1-sbm-acet,34,0,34,8,40,35,1.142857143,66.0839952,0,19,34,0,34,8,40,35,1.142857143,66.0839952,0,19,
/adult-learner/course-detail/NYP-CB1579/ai-for-business-communication,2025S1-sbm-acet,34,0,34,15,47,41,1.146341463,37.68291424,0.048780488,18,34,0,34,15,47,41,1.146341463,37.68291424,0.048780488,18,
/adult-learner/course-detail/NYP-CB231019/digital-marketing-analytics,cet-q1-2025,34,0,34,7,36,38,0.947368421,20.02986774,0.078947368,15,34,0,34,7,36,38,0.947368421,20.02986774,0.078947368,15,
/adult-learner/course-detail/NYP-CB234002/digitalisation-for-tourism-skillsfuture-for-digital-workplace-20,(organic),34,5,34,15,38,37,1.027027027,65.08978097,0.054054054,15,34,5,34,15,38,37,1.027027027,65.08978097,0.054054054,15,
/adult-learner/course-detail/NYP-CB243001/sctp-certificate-in-digital-marketing-and-content-curation,(referral),34,6,34,19,54,52,1.038461538,156.9600236,0.173076923,30,34,6,34,19,54,52,1.038461538,156.9600236,0.173076923,30,
/adult-learner/course-detail/NYP-CE234001/digital-transformation-enablers-for-manufacturing-skillsfuture-for-digital-workplace-20,cet-q1-2025,34,0,34,5,36,34,1.058823529,93.91426303,0,6,34,0,34,5,36,34,1.058823529,93.91426303,0,6,
/adult-learner/course-detail/NYP-CK241004/business-chinese-for-the-workplace,(organic),34,28,33,3,43,36,1.194444444,58.48079614,0.416666667,27,34,28,33,3,43,36,1.194444444,58.48079614,0.416666667,27,
/adult-learner/course-detail/NYP-CLSP05/specialist-diploma-in-energy-and-environmental-management-for-process-industry,cet-q1-2025,34,0,34,7,41,36,1.138888889,120.5525109,0,14,34,0,34,7,41,36,1.138888889,120.5525109,0,14,
/adult-learner/course-detail/NYP-CX241001/digital-photography-for-working-professionals,cet-q1-2025,34,0,34,8,36,38,0.947368421,32.7466355,0.078947368,10,34,0,34,8,36,38,0.947368421,32.7466355,0.078947368,10,
/adult-learner/course-detail/NYP-ITSPA3/post-diploma-certificate-in-enterprise-big-data-management-part-of-specialist-diploma-in-business-and-big-data-analytics,cet-q1-2025,34,0,34,9,38,35,1.085714286,26.10854963,0,9,34,0,34,9,38,35,1.085714286,26.10854963,0,9,
/adult-learner/course-detail/NYP-SI4024_029/design-thinking-for-innovation-and-business-growth-classroom-facilitated-asynchronous-e-learning,(direct),34,8,34,0,34,34,1,2.247446235,0.176470588,12,34,8,34,0,34,34,1,2.247446235,0.176470588,12,
/adult-learner/course-detail/NYP-SI4064_007/youtube-content-creation-develop-your-unique-brand-that-stands-out-and-drives-engagement-classroom-facilitated-asynchronous-e-learning,(organic),34,3,34,19,44,46,0.956521739,33.13050759,0.195652174,17,34,3,34,19,44,46,0.956521739,33.13050759,0.195652174,17,
/adult-learner/course-detail/NYP-WSCD11_006/financial-planning-and-analysis,(organic),34,16,33,11,40,38,1.052631579,117.3442931,0.263157895,21,34,16,33,11,40,38,1.052631579,117.3442931,0.263157895,21,
/adult-learner/course-detail/NYP-WSCV02_010/decorative-cakes,(direct),34,2,34,3,38,37,1.027027027,7.993865405,0.054054054,9,34,2,34,3,38,37,1.027027027,7.993865405,0.054054054,9,
/adult-learner/course-types/recommended/business,(referral),34,16,33,13,44,42,1.047619048,104.9501015,0.404761905,28,34,16,33,13,44,42,1.047619048,104.9501015,0.404761905,28,
/adult-learner/course-types/recommended/design-media,(organic),34,19,34,11,55,46,1.195652174,194.0033671,0.195652174,26,34,19,34,11,55,46,1.195652174,194.0033671,0.195652174,26,
/adult-learner/course-detail/NYP-BMSP19/specialist-diploma-in-human-capital-management,cet-q1-2025,33,0,33,7,41,34,1.205882353,60.53849603,0,8,33,0,33,7,41,34,1.205882353,60.53849603,0,8,
/adult-learner/course-detail/NYP-BMSPA1/post-diploma-certificate-in-applied-analytics-and-digitalisation-in-hr-part-of-specialist-diploma-in-hr-analytics-and-digitalisation,cet-q1-2025,33,0,33,8,36,34,1.058823529,36.22317379,0,8,33,0,33,8,36,34,1.058823529,36.22317379,0,8,
/adult-learner/course-detail/NYP-CB231011/trade-association-101-abridged-ta-101a,(organic),33,20,33,11,41,44,0.931818182,98.5028998,0.340909091,32,33,20,33,11,41,44,0.931818182,98.5028998,0.340909091,32,
/adult-learner/course-detail/NYP-CE1151/introduction-to-deep-learning,(organic),33,0,33,12,35,35,1,57.83177423,0.028571429,16,33,0,33,12,35,35,1,57.83177423,0.028571429,16,
/adult-learner/course-detail/NYP-CE241008/train-the-trainer-series-gmp-and-quality-compliance-audit-at-workplace,(organic),33,5,33,11,37,38,0.973684211,104.5290826,0.131578947,9,33,5,33,11,37,38,0.973684211,104.5290826,0.131578947,9,
/adult-learner/course-detail/NYP-CH0529/living-well-designing-an-elderly-and-dementia-inclusive-smart-environment,(organic),33,19,33,11,39,40,0.975,66.66236643,0.275,24,33,19,33,11,39,40,0.975,66.66236643,0.275,24,
/adult-learner/course-detail/NYP-CH1186/dental-care-for-people-with-special-needs,(organic),33,14,33,11,46,43,1.069767442,75.78357677,0.209302326,33,33,14,33,11,46,43,1.069767442,75.78357677,0.209302326,33,
/adult-learner/course-detail/NYP-CH2013/stress-and-crises-in-relationships-for-working-adults,cet-q1-2025,33,0,33,6,36,35,1.028571429,23.90230914,0.028571429,8,33,0,33,6,36,35,1.028571429,23.90230914,0.028571429,8,
/adult-learner/course-detail/NYP-CI231001/the-international-council-of-e-commerce-consultants-ec-council-certified-threat-intelligence-analyst-ctia,(organic),33,20,33,14,71,68,1.044117647,211.9005347,0.205882353,43,33,20,33,14,71,68,1.044117647,211.9005347,0.205882353,43,
/adult-learner/course-detail/NYP-HSAF48/advanced-diploma-in-nursing-orthopaedics-adod1,cet-q1-2025,33,0,33,6,42,36,1.166666667,47.17522656,0,11,33,0,33,6,42,36,1.166666667,47.17522656,0,11,
/adult-learner/course-detail/NYP-WSCC10_012/fabrication-of-meat-and-poultry,(organic),33,18,33,11,46,43,1.069767442,134.995317,0.11627907,30,33,18,33,11,46,43,1.069767442,134.995317,0.11627907,30,
/adult-learner/course-detail/NYP-WSCV02_004/japanese-sweet-breads,cet-q1-2025,33,0,32,6,38,37,1.027027027,61.00371111,0.108108108,10,33,0,32,6,38,37,1.027027027,61.00371111,0.108108108,10,
/adult-learner/course-detail/NYP-WSCV04_002/caf-style-breads,cet-q1-2025,33,0,33,8,44,41,1.073170732,91.62234137,0.097560976,11,33,0,33,8,44,41,1.073170732,91.62234137,0.097560976,11,
/adult-learner/funding/incentives,(not set),33,1,33,17,45,37,1.216216216,86.07216738,0.027027027,14,33,1,33,17,45,37,1.216216216,86.07216738,0.027027027,14,
/adult-learner/course-detail/NYP-ASSPA1/post-diploma-certificate-in-nutrition-research-and-analytical-methods-part-of-specialist-diploma-in-nutrition-science,(organic),32,7,32,11,33,32,1.03125,113.3067768,0.03125,13,32,7,32,11,33,32,1.03125,113.3067768,0.03125,13,
/adult-learner/course-detail/NYP-CB1334/digital-marketing,2025S1-sbm-acet,32,0,32,4,33,32,1.03125,65.38287075,0,15,32,0,32,4,33,32,1.03125,65.38287075,0,15,
/adult-learner/course-detail/NYP-CB231022/international-trade-and-freight-management,cet-q1-2025,32,0,32,6,32,32,1,69.93547794,0,3,32,0,32,6,32,32,1,69.93547794,0,3,
/adult-learner/course-detail/NYP-CB234003/digitalisation-for-transportation-skillsfuture-for-digital-workplace-20-online,(organic),32,4,32,10,38,34,1.117647059,87.72578568,0.088235294,8,32,4,32,10,38,34,1.117647059,87.72578568,0.088235294,8,
/adult-learner/course-detail/NYP-CL0897/tcm-and-your-immune-system-boosting-your-immunity-with-ideas-from-east-and-west,(referral),32,20,32,3,39,32,1.21875,77.50545647,0.15625,26,32,20,32,3,39,32,1.21875,77.50545647,0.15625,26,
/adult-learner/course-detail/NYP-CX245004/digital-content-and-visual-design-with-generative-ai,(direct),32,3,32,10,36,36,1,27.13442719,0.055555556,6,32,3,32,10,36,36,1,27.13442719,0.055555556,6,
/adult-learner/course-detail/NYP-DXEP06/work-study-post-diploma-specialist-dip-in-digital-content-creation-for-e-commerce,cet-q1-2025,32,0,32,12,48,48,1,57.23495021,0.1875,12,32,0,32,12,48,48,1,57.23495021,0.1875,12,
/adult-learner/course-detail/NYP-WSCV04_003/croissant,(organic),32,7,32,11,34,36,0.944444444,86.19452808,0.027777778,12,32,7,32,11,34,36,0.944444444,86.19452808,0.027777778,12,
/adult-learner/course-detail/NYP-WSQC06_001/pwm-retail-customer-experience-management-sf-senior-associate-classroom-facilitated,(organic),32,4,32,10,38,35,1.085714286,94.56537531,0.085714286,16,32,4,32,10,38,35,1.085714286,94.56537531,0.085714286,16,
/adult-learner/course-detail/NYP-WSQV03_003/workplace-communications-sf-manager,(direct),32,2,32,7,32,33,0.96969697,18.23233839,0.060606061,7,32,2,32,7,32,33,0.96969697,18.23233839,0.060606061,7,
/adult-learner/course-types/post-diploma-programmes/information-technology,(referral),32,2,32,20,59,53,1.113207547,67.30887657,0.094339623,10,32,2,32,20,59,53,1.113207547,67.30887657,0.094339623,10,
/adult-learner/funding/financial-matters-assistance,cet-q1-2025,32,0,31,12,51,39,1.307692308,99.953385,0.051282051,20,32,0,31,12,51,39,1.307692308,99.953385,0.051282051,20,
/adult-learner/course-detail/NYP-AS006Z/good-dispensing-practice-part-of-pdc2-of-advanced-diploma-in-pharmaceutical-sciences,(organic),31,18,31,11,38,35,1.085714286,55.96744377,0.114285714,22,31,18,31,11,38,35,1.085714286,55.96744377,0.114285714,22,
/adult-learner/course-detail/NYP-CE231017/9-day-precision-engineering-assessment-and-reskilling-lab-pearl-conventional-machining,cet-q1-2025,31,0,31,7,33,33,1,62.94724582,0,3,31,0,31,7,33,33,1,62.94724582,0,3,
/adult-learner/course-detail/NYP-CE241007/sustainable-futures-exploring-finnish-sustainability-through-innovation-and-social-responsibility,(organic),31,12,31,12,41,38,1.078947368,135.2584051,0.131578947,23,31,12,31,12,41,38,1.078947368,135.2584051,0.131578947,23,
/adult-learner/course-detail/NYP-CI231003/robotic-process-automation,(direct),31,6,31,18,51,41,1.243902439,149.8836487,0.097560976,22,31,6,31,18,51,41,1.243902439,149.8836487,0.097560976,22,
/adult-learner/course-detail/NYP-CI234001/digital-transformation-skillsfuture-for-digital-workplace-20,(organic),31,27,31,6,42,40,1.05,121.1562453,0.325,30,31,27,31,6,42,40,1.05,121.1562453,0.325,30,
/adult-learner/course-detail/NYP-CI245019/ms-project-training,(direct),31,4,31,0,31,31,1,1.590730935,0,4,31,4,31,0,31,31,1,1.590730935,0,4,
/adult-learner/course-detail/NYP-CL0518/creating-your-own-scented-candle,cet-q1-2025,31,0,31,5,36,33,1.090909091,54.97083576,0.03030303,11,31,0,31,5,36,33,1.090909091,54.97083576,0.03030303,11,
/adult-learner/course-detail/NYP-CX1288/service-experience-design-4-day-mini-series,(organic),31,8,31,11,35,33,1.060606061,66.79001427,0.090909091,20,31,8,31,11,35,33,1.060606061,66.79001427,0.090909091,20,
/adult-learner/course-detail/NYP-DXSP04/specialist-diploma-in-augmented-reality-and-virtual-reality,cet-q1-2025,31,2,21,11,35,32,1.09375,40.39362559,0.34375,25,31,2,21,11,35,32,1.09375,40.39362559,0.34375,25,
/adult-learner/course-detail/NYP-EG204W/apply-pedagogy-methodology-for-the-workplace-part-1,(direct),31,4,31,6,31,34,0.911764706,8.567950912,0.058823529,6,31,4,31,6,31,34,0.911764706,8.567950912,0.058823529,6,
/adult-learner/course-detail/NYP-EGSP13/specialist-diploma-in-cloud-computing-and-intelligent-services-management,cet-q1-2025,31,0,31,12,38,38,1,180.4216882,0.052631579,19,31,0,31,12,38,38,1,180.4216882,0.052631579,19,
/adult-learner/course-detail/NYP-EGSPA3/post-diploma-certificate-in-carbon-management-for-a-sustainable-economy-part-of-specialist-diploma-in-carbon-management-for-sustainability-reporting,cet-q1-2025,31,0,31,8,37,33,1.121212121,43.33956303,0.03030303,10,31,0,31,8,37,33,1.121212121,43.33956303,0.03030303,10,
/adult-learner/course-detail/NYP-SI4024_028/create-value-to-drive-fantabulous-outcome-through-brixplay,(direct),31,3,31,0,31,31,1,1.790906677,0.096774194,8,31,3,31,0,31,31,1,1.790906677,0.096774194,8,
/adult-learner/course-detail/NYP-SI4069_002/digital-commerce-and-marketing-digital-transformation-of-your-business-to-maximise-success-classroom-facilitated-practical-training-asynchronous-e-learning,(direct),31,2,31,0,31,31,1,3.565738097,0,4,31,2,31,0,31,31,1,3.565738097,0,4,
/adult-learner/course-types/part-time-diplomas-certificates,OH25,31,0,31,22,52,38,1.368421053,214.3604222,0.026315789,5,31,0,31,22,52,38,1.368421053,214.3604222,0.026315789,5,
/adult-learner/course-types/post-diploma-programmes/applied-science,(referral),31,0,31,19,47,39,1.205128205,66.6182741,0.025641026,7,31,0,31,19,47,39,1.205128205,66.6182741,0.025641026,7,
/adult-learner/course-detail/NYP-BMSP13/specialist-diploma-in-human-resource-management,(referral),30,17,25,9,42,44,0.954545455,276.9307633,0.318181818,28,30,17,25,9,42,44,0.954545455,276.9307633,0.318181818,28,
/adult-learner/course-detail/NYP-CB1578/event-branding-and-social-media-marketing,cet-q1-2025,30,0,29,6,38,33,1.151515152,95.65273215,0.090909091,11,30,0,29,6,38,33,1.151515152,95.65273215,0.090909091,11,
/adult-learner/course-detail/NYP-CE231006/smart-sensing-and-iot-applications-making-it-work,(organic),30,11,30,13,40,43,0.930232558,52.97683974,0.302325581,22,30,11,30,13,40,43,0.930232558,52.97683974,0.302325581,22,
/adult-learner/course-detail/NYP-CE241004/open-sound-control-based-synchronization-of-immersive-audio-systems,cet-q1-2025,30,0,30,5,34,32,1.0625,69.81232744,0.03125,6,30,0,30,5,34,32,1.0625,69.81232744,0.03125,6,
/adult-learner/course-detail/NYP-CI1081/data-analytics-for-workplace,cet-q1-2025,30,0,30,8,31,31,1,52.1820729,0.032258065,7,30,0,30,8,31,31,1,52.1820729,0.032258065,7,
/adult-learner/course-detail/NYP-EGSP09/specialist-diploma-in-cloud-data-centre-technology-and-management,cet-q1-2025,30,0,30,9,39,35,1.114285714,116.1589292,0.057142857,14,30,0,30,9,39,35,1.114285714,116.1589292,0.057142857,14,
/adult-learner/course-detail/NYP-EGSP18/specialist-diploma-in-biomedical-and-pharmaceutical-engineering,(referral),30,17,30,8,43,37,1.162162162,155.5527009,0.513513514,28,30,17,30,8,43,37,1.162162162,155.5527009,0.513513514,28,
/adult-learner/course-detail/NYP-JC1A20/mentoring-for-the-workplace,(organic),30,9,30,10,34,35,0.971428571,64.5538872,0.171428571,14,30,9,30,10,34,35,0.971428571,64.5538872,0.171428571,14,
/adult-learner/course-detail/NYP-SI4025_022/start-your-business-at-no-cost-using-affiliate-marketing-classroom-facilitated-asynchronous-e-learning,(organic),30,0,30,10,37,34,1.088235294,142.6929726,0.029411765,7,30,0,30,10,37,34,1.088235294,142.6929726,0.029411765,7,
/adult-learner/course-types/post-diploma-programmes,oh2025,30,0,30,11,41,30,1.366666667,33.80459997,0,4,30,0,30,11,41,30,1.366666667,33.80459997,0,4,
/adult-learner/course-types/post-diploma-programmes/business-management,2025S1-sbm-acet,30,0,30,13,45,40,1.125,98.7397705,0.05,6,30,0,30,13,45,40,1.125,98.7397705,0.05,6,
/adult-learner/course-types/recommended/applied-science,(organic),30,15,30,12,39,32,1.21875,185.866429,0.15625,17,30,15,30,12,39,32,1.21875,185.866429,0.15625,17,
/adult-learner/course-detail/NYP-ASSP01/specialist-diploma-in-environmental-management-and-applied-water-technology,(not set),29,23,29,5,46,37,1.243243243,133.0007401,0.108108108,31,29,23,29,5,46,37,1.243243243,133.0007401,0.108108108,31,
/adult-learner/course-detail/NYP-CB2003/build-creative-winning-business-strategies,(organic),29,1,29,9,33,33,1,85.34394055,0.090909091,11,29,1,29,9,33,33,1,85.34394055,0.090909091,11,
/adult-learner/course-detail/NYP-CE2010/using-python-for-data-analysis,cet-q1-2025,29,0,29,6,39,32,1.21875,110.4529978,0,7,29,0,29,6,39,32,1.21875,110.4529978,0,7,
/adult-learner/course-detail/NYP-CE241003/smart-connected-system-design-and-implementation,(organic),29,7,29,14,30,37,0.810810811,117.0555409,0.216216216,18,29,7,29,14,30,37,0.810810811,117.0555409,0.216216216,18,
/adult-learner/course-detail/NYP-CH0490/diabetes-care-lifestyle-management,cet-q1-2025,29,0,29,5,32,30,1.066666667,86.72435803,0.033333333,8,29,0,29,5,32,30,1.066666667,86.72435803,0.033333333,8,
/adult-learner/course-detail/NYP-CI1292/cyber-defence-fundamentals,(organic),29,18,29,8,40,42,0.952380952,61.06117569,0.285714286,23,29,18,29,8,40,42,0.952380952,61.06117569,0.285714286,23,
/adult-learner/course-detail/NYP-CL231002M01/carbon-accounting-and-management,cet-q1-2025#sustainability,29,0,29,5,34,34,1,42.15436547,0.147058824,19,29,0,29,5,34,34,1,42.15436547,0.147058824,19,
/adult-learner/course-detail/NYP-CL231003M01/pharmacy-technician-entry-to-practice-framework-pt-etp-train-the-trainer-workshop,cet-q1-2025,29,0,29,11,43,38,1.131578947,107.7678009,0.052631579,12,29,0,29,11,43,38,1.131578947,107.7678009,0.052631579,12,
/adult-learner/course-detail/NYP-CX1331/storytelling-using-smartphone-photography,(referral),29,24,29,5,36,34,1.058823529,138.2110176,0.147058824,25,29,24,29,5,36,34,1.058823529,138.2110176,0.147058824,25,
/adult-learner/course-detail/NYP-CX1331/storytelling-using-smartphone-photography,cet-q1-2025,29,0,29,12,33,32,1.03125,39.75076547,0,8,29,0,29,12,33,32,1.03125,39.75076547,0,8,
/adult-learner/course-detail/NYP-DXEP07/work-study-post-diploma-programme-specialist-diploma-in-user-experience-design-and-management,cet-q1-2025,29,0,29,16,42,38,1.105263158,54.64932468,0.131578947,11,29,0,29,16,42,38,1.105263158,54.64932468,0.131578947,11,
/adult-learner/course-detail/NYP-DXSP09/specialist-diploma-in-spatial-design,(referral),29,13,20,3,24,30,0.8,54.39727557,0.5,14,29,13,20,3,24,30,0.8,54.39727557,0.5,14,
/adult-learner/course-detail/NYP-ITSP09/specialist-diploma-in-business-and-big-data-analytics,(referral),29,18,29,12,41,41,1,137.2680317,0.243902439,24,29,18,29,12,41,41,1,137.2680317,0.243902439,24,
/adult-learner/course-detail/NYP-SI4032_801/alibaba-ceo-master-programme,(organic),29,26,28,7,39,37,1.054054054,81.40616827,0.324324324,31,29,26,28,7,39,37,1.054054054,81.40616827,0.324324324,31,
/adult-learner/course-detail/NYP-SI4060_004/accelerate-sales-and-conversions-with-ai-powered-data-analytics-classroom-facilitated-practical-training-asynchronous-e-learning,(organic),29,2,29,8,34,30,1.133333333,155.5221678,0,7,29,2,29,8,34,30,1.133333333,155.5221678,0,7,
/adult-learner/course-detail/NYP-SI4061_001/kickstart-conversation-commerce-through-whatsapp-marketing-campaign-classroom-facilitated-practical-training,(direct),29,4,29,0,29,29,1,3.601893483,0,1,29,4,29,0,29,29,1,3.601893483,0,1,
/adult-learner/course-detail/NYP-SI4064_007/youtube-content-creation-develop-your-unique-brand-that-stands-out-and-drives-engagement-classroom-facilitated-asynchronous-e-learning,cet-q1-2025,29,0,29,7,32,31,1.032258065,75.45906455,0.032258065,10,29,0,29,7,32,31,1.032258065,75.45906455,0.032258065,10,
/adult-learner/course-types/post-diploma-programmes/engineering/stories/inspiring-alumnus-Tan-Aik-Khoon,(organic),29,23,29,7,36,36,1,112.7099461,0.388888889,28,29,23,29,7,36,36,1,112.7099461,0.388888889,28,
/adult-learner/course-types/short-courses,oh2025,29,0,28,15,43,35,1.228571429,91.13252214,0.057142857,8,29,0,28,15,43,35,1.228571429,91.13252214,0.057142857,8,
/adult-learner/course-detail/NYP-BMDP07/diploma-in-business-practice-hospitality-and-tourism-management,(referral),28,2,22,8,28,36,0.777777778,73.71525853,0.277777778,15,28,2,22,8,28,36,0.777777778,73.71525853,0.277777778,15,
/adult-learner/course-detail/NYP-CI231001/the-international-council-of-e-commerce-consultants-ec-council-certified-threat-intelligence-analyst-ctia,cet-q1-2025,28,0,28,7,30,30,1,42.17134743,0.033333333,12,28,0,28,7,30,30,1,42.17134743,0.033333333,12,
/adult-learner/course-detail/NYP-DXSP03/specialist-diploma-in-service-experience-design-and-innovation,(referral),28,9,23,7,26,31,0.838709677,41.25061303,0.225806452,12,28,9,23,7,26,31,0.838709677,41.25061303,0.225806452,12,
/adult-learner/course-detail/NYP-EGDP06/diploma-in-engineering-electronic-and-digital-engineering,(referral),28,3,28,11,43,36,1.194444444,125.8913392,0.027777778,17,28,3,28,11,43,36,1.194444444,125.8913392,0.027777778,17,
/adult-learner/course-detail/NYP-JC1A20/mentoring-for-the-workplace,cet-q1-2025,28,0,28,12,31,31,1,72.40023887,0.064516129,9,28,0,28,12,31,31,1,72.40023887,0.064516129,9,
/adult-learner/course-detail/NYP-JC1A32/leading-the-future-of-workplace-learning-insights-from-the-national-workplace-learning-certification,(organic),28,4,28,11,29,32,0.90625,66.57638284,0.09375,9,28,4,28,11,29,32,0.90625,66.57638284,0.09375,9,
/adult-learner/course-detail/NYP-SI4059_002/generative-ai-content-creation-super-sprint-your-sales-and-marketing-performance-practical,(organic),28,5,28,6,34,32,1.0625,106.6584808,0.09375,18,28,5,28,6,34,32,1.0625,106.6584808,0.09375,18,
/adult-learner/course-detail/NYP-WSCV01_002/advanced-baked-and-fried-dim-sum,cet-q1-2025,28,0,28,5,37,33,1.121212121,108.3379406,0.03030303,8,28,0,28,5,37,33,1.121212121,108.3379406,0.03030303,8,
/adult-learner/course-detail/NYP-WSCV01_008/hawker-noodle-dishes,(organic),28,1,28,9,32,30,1.066666667,40.34437927,0.033333333,8,28,1,28,9,32,30,1.066666667,40.34437927,0.033333333,8,
/adult-learner/course-detail/NYP-WSCV02_003/classic-french-pastry,(organic),28,8,28,6,33,31,1.064516129,134.2558202,0.064516129,13,28,8,28,6,33,31,1.064516129,134.2558202,0.064516129,13,
/adult-learner/course-detail/NYP-WSCV02_005/bagel-and-doughnut-creations,cet-q1-2025,28,0,28,6,39,30,1.3,99.5840902,0,9,28,0,28,6,39,30,1.3,99.5840902,0,9,
/adult-learner/course-detail/NYP-WSCV02_006/decorative-cupcakes,cet-q1-2025,28,0,28,6,32,30,1.066666667,53.5290329,0,8,28,0,28,6,32,30,1.066666667,53.5290329,0,8,
/adult-learner/course-detail/NYP-BMDP05/diploma-in-business-practice-accounting,(not set),27,1,27,14,53,40,1.325,218.9156087,0.125,21,27,1,27,14,53,40,1.325,218.9156087,0.125,21,
/adult-learner/course-detail/NYP-BMSPA7/post-diploma-certificate-in-sport-management-part-of-specialist-diploma-in-sport-management-and-marketing,cet-q1-2025,27,0,27,8,38,34,1.117647059,64.35510571,0,14,27,0,27,8,38,34,1.117647059,64.35510571,0,14,
/adult-learner/course-detail/NYP-CB241011/sustainability-at-our-core-uncovering-esg-investing,(organic),27,10,27,12,34,36,0.944444444,137.5642869,0.222222222,20,27,10,27,12,34,36,0.944444444,137.5642869,0.222222222,20,
/adult-learner/course-detail/NYP-CB241012/sustainability-reporting-a-practical-guide-and-toolkit-for-small-and-medium-enterprises,2025S1-sbm-acet,27,0,27,8,31,29,1.068965517,26.44686817,0,13,27,0,27,8,31,29,1.068965517,26.44686817,0,13,
/adult-learner/course-detail/NYP-CB241012/sustainability-reporting-a-practical-guide-and-toolkit-for-small-and-medium-enterprises,cet-q1-2025,27,0,27,6,30,29,1.034482759,47.16628521,0.068965517,9,27,0,27,6,30,29,1.034482759,47.16628521,0.068965517,9,
/adult-learner/course-detail/NYP-CE231001/building-artificial-intelligence-ai-applications-from-end-to-end-classroom-and-synchronous-e-learning,cet-q1-2025#personal-development,27,0,27,10,34,29,1.172413793,35.33215876,0,15,27,0,27,10,34,29,1.172413793,35.33215876,0,15,
/adult-learner/course-detail/NYP-CH1348/phlebotomy-short-course,cet-q1-2025,27,0,27,4,31,29,1.068965517,85.70990828,0.034482759,11,27,0,27,4,31,29,1.068965517,85.70990828,0.034482759,11,
/adult-learner/course-detail/NYP-CI1236/computational-thinking-and-coding,cet-q1-2025,27,0,27,3,34,28,1.214285714,36.45636543,0,5,27,0,27,3,34,28,1.214285714,36.45636543,0,5,
/adult-learner/course-detail/NYP-CL1245/create-healthy-ice-cream-based-on-food-science-knowledge-in-food-pilot-plant,cet-q1-2025,27,0,27,5,33,29,1.137931034,103.0427286,0.068965517,12,27,0,27,5,33,29,1.137931034,103.0427286,0.068965517,12,
/adult-learner/course-detail/NYP-CLLP01/work-study-certificate-leading-to-diploma-in-applied-science-food-technology,cet-q1-2025,27,0,27,8,28,28,1,52.12111846,0,11,27,0,27,8,28,28,1,52.12111846,0,11,
/adult-learner/course-detail/NYP-CLSP07/specialist-diploma-in-clinical-research-management,cet-q1-2025,27,0,27,5,31,30,1.033333333,59.4607521,0,7,27,0,27,5,31,30,1.033333333,59.4607521,0,7,
/adult-learner/course-detail/NYP-EGSP23/specialist-diploma-in-iot-for-sustainable-solutioning,cet-q1-2025,27,0,27,7,38,34,1.117647059,49.46298312,0.088235294,10,27,0,27,7,38,34,1.117647059,49.46298312,0.088235294,10,
/adult-learner/course-detail/NYP-JC1A31/assessing-and-reviewing-workplace-learning,(organic),27,6,27,10,31,29,1.068965517,113.3806737,0.172413793,13,27,6,27,10,31,29,1.068965517,113.3806737,0.172413793,13,
/adult-learner/course-detail/NYP-SI4024_040/ecommerce-sell-on-carousell-classroom-facilitated-asynchronous-e-learning,cet-q1-2025,27,0,27,9,30,29,1.034482759,47.23814155,0.034482759,8,27,0,27,9,30,29,1.034482759,47.23814155,0.034482759,8,
/adult-learner/course-detail/NYP-SI4025_010/how-to-become-a-youtuber-and-get-paid-classroom-facilitated-asynchronous-e-learning,(direct),27,4,27,2,27,29,0.931034483,2.118008586,0,4,27,4,27,2,27,29,0.931034483,2.118008586,0,4,
/adult-learner/course-detail/NYP-SI4054_002/enhanced-hvmp-heartland-visual-merchandising-programme,(organic),27,23,27,7,31,33,0.939393939,161.746784,0.363636364,27,27,23,27,7,31,33,0.939393939,161.746784,0.363636364,27,
/adult-learner/course-detail/NYP-SI4059_003/cybersecurity-workshop-critical-protection-for-your-business-practical-asynchronous-e-learning,cet-q1-2025#cybersecurity,27,0,27,2,31,27,1.148148148,25.83400767,0,9,27,0,27,2,31,27,1.148148148,25.83400767,0,9,
/adult-learner/course-detail/NYP-WSCV01_004/basic-cantonese-cuisine,(organic),27,3,27,8,28,29,0.965517241,72.61176952,0.034482759,9,27,3,27,8,28,29,0.965517241,72.61176952,0.034482759,9,
/adult-learner/course-detail/NYP-WSCV01_006/prepare-basic-pasta,(organic),27,2,27,4,30,29,1.034482759,128.9887074,0.034482759,7,27,2,27,4,30,29,1.034482759,128.9887074,0.034482759,7,
/adult-learner/course-detail/NYP-WSQV03_008/service-leadership-sf-manager,(organic),27,0,27,8,31,28,1.107142857,102.5719825,0,8,27,0,27,8,31,28,1.107142857,102.5719825,0,8,
/adult-learner/course-detail/NYP-ASSPA4/post-diploma-certificate-in-environmental-management-for-process-industry-part-of-specialist-diploma-in-energy-and-environmental-management-for-process-industry,(organic),26,5,25,12,33,32,1.03125,88.75594681,0.125,16,26,5,25,12,33,32,1.03125,88.75594681,0.125,16,
/adult-learner/course-detail/NYP-BMDP06/diploma-in-business-practice-supply-chain-management,(not set),26,1,26,15,28,29,0.965517241,77.29772624,0.034482759,16,26,1,26,15,28,29,0.965517241,77.29772624,0.034482759,16,
/adult-learner/course-detail/NYP-CB1573/introduction-to-sustainability-for-hospitality-businesses,(organic),26,11,26,8,30,31,0.967741935,84.02238726,0.225806452,16,26,11,26,8,30,31,0.967741935,84.02238726,0.225806452,16,
/adult-learner/course-detail/NYP-CE231003/apply-generative-artificial-intelligence-for-your-industry,cet-q1-2025,26,0,26,13,40,32,1.25,72.00585925,0.09375,13,26,0,26,13,40,32,1.25,72.00585925,0.09375,13,
/adult-learner/course-detail/NYP-CH2013/stress-and-crises-in-relationships-for-working-adults,(organic),26,1,26,10,31,28,1.107142857,97.66644021,0.035714286,10,26,1,26,10,31,28,1.107142857,97.66644021,0.035714286,10,
/adult-learner/course-detail/NYP-CI1291/secure-software-development-and-testing,(organic),26,19,26,8,34,36,0.944444444,107.6403351,0.333333333,30,26,19,26,8,34,36,0.944444444,107.6403351,0.333333333,30,
/adult-learner/course-detail/NYP-CL1082/overview-of-sustainable-and-renewable-energy-technologies-for-a-smart-city,(not set),26,24,26,3,31,28,1.107142857,66.81897564,0.071428571,26,26,24,26,3,31,28,1.107142857,66.81897564,0.071428571,26,
/adult-learner/course-detail/NYP-DXEP05/work-study-post-diploma-specialist-diploma-in-digital-media-production,cet-q1-2025,26,0,26,11,40,34,1.176470588,54.68834612,0.088235294,10,26,0,26,11,40,34,1.176470588,54.68834612,0.088235294,10,
/adult-learner/course-detail/NYP-DXSP03/specialist-diploma-in-service-experience-design-and-innovation,1.20218E+17,26,0,22,18,40,36,1.111111111,83.5507335,0.388888889,34,26,0,22,18,40,36,1.111111111,83.5507335,0.388888889,34,
/adult-learner/course-detail/NYP-DXSP07/specialist-diploma-in-user-experience-design-and-management,(referral),26,10,20,9,26,29,0.896551724,78.90138941,0.379310345,19,26,10,20,9,26,29,0.896551724,78.90138941,0.379310345,19,
/adult-learner/course-detail/NYP-ITDP04/diploma-in-infocomm-and-digital-media-it-network-and-system-administration-dinsa2,(referral),26,1,26,6,40,33,1.212121212,147.8693613,0.090909091,9,26,1,26,6,40,33,1.212121212,147.8693613,0.090909091,9,
/adult-learner/course-detail/NYP-JC1A33/building-a-culture-of-learning-best-practices-and-actionable-strategies-for-managers,(organic),26,4,26,14,30,31,0.967741935,56.24397555,0.096774194,11,26,4,26,14,30,31,0.967741935,56.24397555,0.096774194,11,
/adult-learner/course-detail/NYP-SI4025_005/level-up-customer-engagement-through-live-streaming,(direct),26,2,26,0,26,26,1,1.490735308,0,1,26,2,26,0,26,26,1,1.490735308,0,1,
/adult-learner/course-detail/NYP-SI4025_017/digital-entrepreneurship-in-the-era-of-cross-border-e-commerce-mastering-selling-strategies-on-amazoncom-classroom-facilitated,(direct),26,6,26,2,30,31,0.967741935,9.080094839,0.161290323,8,26,6,26,2,30,31,0.967741935,9.080094839,0.161290323,8,
/adult-learner/course-detail/NYP-SI4025_020/youtube-content-creation-develop-your-unique-brand-that-stands-out-and-drives-engagement-classroom-facilitated-asynchronous-e-learning,(direct),26,1,26,7,32,32,1,52.17279356,0.03125,9,26,1,26,7,32,32,1,52.17279356,0.03125,9,
/adult-learner/course-detail/NYP-SI7025_013/introduction-to-digital-marketing-classroom-facilitated,cet-q1-2025,26,0,26,7,32,28,1.142857143,26.80919696,0.035714286,6,26,0,26,7,32,28,1.142857143,26.80919696,0.035714286,6,
/adult-learner/course-detail/NYP-WSCY15_801/sctp-culinary-kitchen-operations-specialist-full-time-ta-eligible,(organic),26,4,26,9,29,29,1,44.90901103,0.034482759,8,26,4,26,9,29,29,1,44.90901103,0.034482759,8,
/adult-learner/course-detail/NYP-WSQV03_008/service-leadership-sf-manager,cet-q1-2025,26,0,26,7,28,26,1.076923077,24.95588254,0,5,26,0,26,7,28,26,1.076923077,24.95588254,0,5,
/adult-learner/course-types/post-diploma-programmes/business-management,(referral),26,0,26,16,46,40,1.15,79.496258,0,8,26,0,26,16,46,40,1.15,79.496258,0,8,
/adult-learner/course-types/work-study-certificates,(not set),26,1,25,11,28,28,1,33.04059071,0.071428571,10,26,1,25,11,28,28,1,33.04059071,0.071428571,10,
/adult-learner/course-detail/NYP-BMEP01/work-study-post-diploma-specialist-diploma-human-capital-management,cet-q1-2025,25,0,25,10,28,25,1.12,34.76318844,0,5,25,0,25,10,28,25,1.12,34.76318844,0,5,
/adult-learner/course-detail/NYP-BMSP18/specialist-diploma-in-sport-management-and-marketing,cet-q1-2025,25,0,25,9,39,34,1.147058824,84.21042394,0.088235294,14,25,0,25,9,39,34,1.147058824,84.21042394,0.088235294,14,
/adult-learner/course-detail/NYP-BMSP21/specialist-diploma-in-hr-analytics-and-digitalisation,(referral),25,6,23,13,27,32,0.84375,158.616855,0.1875,15,25,6,23,13,27,32,0.84375,158.616855,0.1875,15,
/adult-learner/course-detail/NYP-CB243001/sctp-certificate-in-digital-marketing-and-content-curation,2025S1-sbm-acet,25,0,25,8,28,28,1,104.7317574,0.035714286,9,25,0,25,8,28,28,1,104.7317574,0.035714286,9,
/adult-learner/course-detail/NYP-CE1231/coding-for-beginners-sync-and-async,(organic),25,0,25,3,28,30,0.933333333,39.77919533,0.166666667,7,25,0,25,3,28,30,0.933333333,39.77919533,0.166666667,7,
/adult-learner/course-detail/NYP-CH231002/understanding-and-applying-casework-assessment-and-intervention,cet-q1-2025,25,0,25,9,28,26,1.076923077,40.48384031,0,5,25,0,25,9,28,26,1.076923077,40.48384031,0,5,
/adult-learner/course-detail/NYP-CL0524/the-science-of-aging-gracefully-diet-exercise-and-skin-care,cet-q1-2025,25,0,25,2,31,30,1.033333333,61.633805,0.166666667,15,25,0,25,2,31,30,1.033333333,61.633805,0.166666667,15,
/adult-learner/course-detail/NYP-DXSP05/specialist-diploma-in-digital-media-production,(referral),25,9,18,9,24,30,0.8,119.2832257,0.333333333,11,25,9,18,9,24,30,0.8,119.2832257,0.333333333,11,
/adult-learner/course-detail/NYP-DXSP06/specialist-diploma-in-digital-content-creation-for-e-commerce,(referral),25,10,17,7,29,42,0.69047619,67.29348452,0.571428571,26,25,10,17,7,29,42,0.69047619,67.29348452,0.571428571,26,
/adult-learner/course-detail/NYP-HSAF39/advanced-diploma-in-nursing-critical-care-adcc1,cet-q1-2025,25,0,25,3,32,28,1.142857143,57.15934989,0.035714286,12,25,0,25,3,32,28,1.142857143,57.15934989,0.035714286,12,
/adult-learner/course-detail/NYP-SI4025_022/start-your-business-at-no-cost-using-affiliate-marketing-classroom-facilitated-asynchronous-e-learning,cet-q1-2025,25,0,25,7,31,27,1.148148148,50.42144341,0.037037037,9,25,0,25,7,31,27,1.148148148,50.42144341,0.037037037,9,
/adult-learner/course-detail/NYP-SI4053_001/kickstart-conversation-commerce-through-whatsapp-marketing-campaign-classroom-facilitated-practical-training,(direct),25,3,25,0,25,25,1,0.7920536,0.08,3,25,3,25,0,25,25,1,0.7920536,0.08,3,
/adult-learner/course-detail/NYP-SI4058_005/generative-ai-content-creation-super-sprint-sales-and-marketing-performance-classroom-facilitated-practical-training-asynchronous-e-learning,cet-q1-2025,25,0,25,8,27,25,1.08,60.27242296,0,11,25,0,25,8,27,25,1.08,60.27242296,0,11,
/adult-learner/course-detail/NYP-SI7070_001/navigating-ai-and-sustainability-in-the-future-of-business,(organic),25,18,25,7,31,31,1,80.08853913,0.225806452,23,25,18,25,7,31,31,1,80.08853913,0.225806452,23,
/adult-learner/course-detail/NYP-WSCP51_001/pwm-food-services-food-safety-course-level-1,(direct),25,2,25,8,26,26,1,25.83525854,0.038461538,4,25,2,25,8,26,26,1,25.83525854,0.038461538,4,
/adult-learner/course-detail/NYP-WSCV02_003/classic-french-pastry,cet-q1-2025,25,0,25,4,27,26,1.038461538,36.38010038,0.038461538,7,25,0,25,4,27,26,1.038461538,36.38010038,0.038461538,7,
/adult-learner/course-detail/NYP-WSCV05_001/food-and-wine-pairing,(organic),25,4,25,7,28,28,1,86.63105143,0.107142857,9,25,4,25,7,28,28,1,86.63105143,0.107142857,9,
/adult-learner/course-types/post-diploma-programmes/information-technology,(not set),25,1,24,9,32,33,0.96969697,29.82962379,0.151515152,5,25,1,24,9,32,33,0.96969697,29.82962379,0.151515152,5,
/adult-learner/course-types/recommended/green-economy,cet-q1-2025#sustainability,25,0,25,3,44,28,1.571428571,69.1192035,0.071428571,14,25,0,25,3,44,28,1.571428571,69.1192035,0.071428571,14,
/adult-learner/course-detail/NYP-ASSPA2/post-diploma-certificate-in-public-health-communication-part-of-specialist-diploma-in-nutrition-science,(organic),24,0,24,13,27,25,1.08,46.03262812,0,6,24,0,24,13,27,25,1.08,46.03262812,0,6,
/adult-learner/course-detail/NYP-BMDP05/diploma-in-business-practice-accounting,2024S2-sbm-acet,24,0,24,6,31,27,1.148148148,116.0345411,0.074074074,13,24,0,24,6,31,27,1.148148148,116.0345411,0.074074074,13,
/adult-learner/course-detail/NYP-CB1336/service-excellence,cet-q1-2025,24,0,24,6,27,24,1.125,49.12575708,0,6,24,0,24,6,27,24,1.125,49.12575708,0,6,
/adult-learner/course-detail/NYP-CB1572/reading-signs-and-moving-minds-personality-analysis-for-innovative-negotiation-and-conflict-management,cet-q1-2025#personal-development,24,0,24,1,28,25,1.12,34.33396216,0,8,24,0,24,1,28,25,1.12,34.33396216,0,8,
/adult-learner/course-detail/NYP-CI241005/scaled-agile-framework-safe-scrum-master-synchronous-and-asynchronous-e-learning,cet-q1-2025,24,0,24,6,24,25,0.96,58.96064368,0,6,24,0,24,6,24,25,0.96,58.96064368,0,6,
/adult-learner/course-detail/NYP-CK1308/workplace-communication-effective-email-writing,(referral),24,18,24,3,31,27,1.148148148,258.3149361,0.111111111,23,24,18,24,3,31,27,1.148148148,258.3149361,0.111111111,23,
/adult-learner/course-detail/NYP-CK241004/business-chinese-for-the-workplace,(direct),24,3,24,3,24,24,1,27.90784446,0.083333333,3,24,3,24,3,24,24,1,27.90784446,0.083333333,3,
/adult-learner/course-detail/NYP-CL1300/understanding-the-immune-system-and-how-medication-interacts-with-it,cet-q1-2025,24,0,24,6,29,24,1.208333333,158.0847729,0,3,24,0,24,6,29,24,1.208333333,158.0847729,0,3,
/adult-learner/course-detail/NYP-CL231002M01/carbon-accounting-and-management,(referral),24,17,24,3,28,27,1.037037037,68.25812774,0.111111111,21,24,17,24,3,28,27,1.037037037,68.25812774,0.111111111,21,
/adult-learner/course-detail/NYP-CL240006/food-microbiology-with-environmental-insights,(organic),24,10,24,9,26,30,0.866666667,42.67603907,0.166666667,14,24,10,24,9,26,30,0.866666667,42.67603907,0.166666667,14,
/adult-learner/course-detail/NYP-CLDP01/diploma-in-applied-science-food-technology,oh2025,24,0,24,9,37,30,1.233333333,90.54399433,0.033333333,18,24,0,24,9,37,30,1.233333333,90.54399433,0.033333333,18,
/adult-learner/course-detail/NYP-DXSP02/specialist-diploma-in-visual-effects,1.20218E+17,24,0,17,14,32,30,1.066666667,87.3885769,0.533333333,29,24,0,17,14,32,30,1.066666667,87.3885769,0.533333333,29,
/adult-learner/course-detail/NYP-DXSP04/specialist-diploma-in-augmented-reality-and-virtual-reality,(referral),24,11,14,4,16,25,0.64,13.37710564,0.56,10,24,11,14,4,16,25,0.64,13.37710564,0.56,10,
/adult-learner/course-detail/NYP-EGDP06/diploma-in-engineering-electronic-and-digital-engineering,(not set),24,1,24,9,50,37,1.351351351,145.7744549,0.054054054,20,24,1,24,9,50,37,1.351351351,145.7744549,0.054054054,20,
/adult-learner/course-detail/NYP-SI4024_026/home-based-business,(organic),24,8,23,1,27,25,1.08,72.34898428,0.12,11,24,8,23,1,27,25,1.08,72.34898428,0.12,11,
/adult-learner/course-detail/NYP-SI4024_036/tiktok-shop-optimise-your-social-media-marketing-engagement-and-boost-your-sales-classroom-facilitated-asynchronous-e-learning,(direct),24,3,24,3,26,27,0.962962963,10.57138281,0,3,24,3,24,3,26,27,0.962962963,10.57138281,0,3,
/adult-learner/course-detail/NYP-SI7073_001/mobile-photography-inspiring-the-human-connection-classroom-facilitated,cet-q1-2025#personal-development,24,0,24,7,29,24,1.208333333,36.76336783,0,16,24,0,24,7,29,24,1.208333333,36.76336783,0,16,
/adult-learner/course-detail/NYP-WSCP62_001/critical-thinking-and-problem-solving-part-of-sctp,(direct),24,2,24,2,27,26,1.038461538,72.76552004,0,6,24,2,24,2,27,26,1.038461538,72.76552004,0,6,
/adult-learner/course-detail/NYP-WSCV01_004/basic-cantonese-cuisine,cet-q1-2025,24,0,24,4,32,28,1.142857143,98.65289,0,8,24,0,24,4,32,28,1.142857143,98.65289,0,8,
/adult-learner/course-detail/NYP-WSCV01_012/zi-char-favourites,(direct),24,1,24,10,26,26,1,57.20860527,0.153846154,11,24,1,24,10,26,26,1,57.20860527,0.153846154,11,
/adult-learner/course-detail/NYP-WSQA04_007/service-coaching-sf-supervisor,(direct),24,1,24,0,24,24,1,3.552430417,0,4,24,1,24,0,24,24,1,3.552430417,0,4,
/adult-learner/course-detail/NYP-WSQV01_005/productivity-improvement-sf-associate,(organic),24,0,24,14,33,27,1.222222222,59.21965933,0.037037037,5,24,0,24,14,33,27,1.222222222,59.21965933,0.037037037,5,
/adult-learner/course-types/post-diploma-programmes/health-social-sciences,(not set),24,0,24,5,32,24,1.333333333,83.986505,0,4,24,0,24,5,32,24,1.333333333,83.986505,0,4,
/adult-learner/course-types/work-study-certificates,oh2025,24,0,24,15,31,28,1.107142857,61.49737043,0.142857143,5,24,0,24,15,31,28,1.107142857,61.49737043,0.142857143,5,
/adult-learner/course-types/work-study-post-diplomas,oh2025,24,0,24,14,34,30,1.133333333,198.9483914,0.066666667,8,24,0,24,14,34,30,1.133333333,198.9483914,0.066666667,8,
/adult-learner/find-a-course,cil3-roadshow,24,23,24,4,73,44,1.659090909,130.1906268,0.386363636,33,24,23,24,4,73,44,1.659090909,130.1906268,0.386363636,33,
/adult-learner/course-detail/NYP-AS005Z/patient-education-part-of-the-pdc1-advanced-diploma-in-pharmaceutical-sciences,(organic),23,0,23,7,25,23,1.086956522,48.52891243,0,9,23,0,23,7,25,23,1.086956522,48.52891243,0,9,
/adult-learner/course-detail/NYP-BMDP06/diploma-in-business-practice-supply-chain-management,2024S2-sbm-acet,23,0,23,7,60,49,1.224489796,73.33615827,0.306122449,41,23,0,23,7,60,49,1.224489796,73.33615827,0.306122449,41,
/adult-learner/course-detail/NYP-CE1539/edgeai-system-for-industry-40-applications-and-beyond,cet-q1-2025,23,0,23,7,25,25,1,56.51149624,0.04,5,23,0,23,7,25,25,1,56.51149624,0.04,5,
/adult-learner/course-detail/NYP-CE231006/smart-sensing-and-iot-applications-making-it-work,cet-q1-2025,23,0,23,5,27,23,1.173913043,96.65298748,0,3,23,0,23,5,27,23,1.173913043,96.65298748,0,3,
/adult-learner/course-detail/NYP-CI241003/leading-scaled-agile-framework-safe-synchronous-and-asynchronous-e-learning,(organic),23,9,23,10,30,32,0.9375,46.73246706,0.25,12,23,9,23,10,30,32,0.9375,46.73246706,0.25,12,
/adult-learner/course-detail/NYP-CL1300/understanding-the-immune-system-and-how-medication-interacts-with-it,(organic),23,0,23,9,28,25,1.12,118.7821092,0,4,23,0,23,9,28,25,1.12,118.7821092,0,4,
/adult-learner/course-detail/NYP-CL240007/science-behind-sourdough-bread,(direct),23,1,23,4,24,24,1,41.25824067,0,3,23,1,23,4,24,24,1,41.25824067,0,3,
/adult-learner/course-detail/NYP-DXSP06/specialist-diploma-in-digital-content-creation-for-e-commerce,(not set),23,21,23,1,23,24,0.958333333,29.78048608,0.791666667,21,23,21,23,1,23,24,0.958333333,29.78048608,0.791666667,21,
/adult-learner/course-detail/NYP-HSAF45/advanced-diploma-in-nursing-nephro-urology-adnu1,cet-q1-2025,23,0,23,3,25,24,1.041666667,58.11227562,0.041666667,5,23,0,23,3,25,24,1.041666667,58.11227562,0.041666667,5,
/adult-learner/course-detail/NYP-HSDP01/diploma-in-health-sciences-paramedicine,(not set),23,1,23,8,42,32,1.3125,89.80269478,0.125,13,23,1,23,8,42,32,1.3125,89.80269478,0.125,13,
/adult-learner/course-detail/NYP-JC1D06/best-in-class-workplace-learning-strategies-learning-and-adapting-from-japan,(organic),23,1,23,10,27,30,0.9,45.92397847,0.133333333,6,23,1,23,10,27,30,0.9,45.92397847,0.133333333,6,
/adult-learner/course-detail/NYP-NYP-CB1264/advanced-hr-analytics-using-data-modelling-to-improve-human-capital-performance,(organic),23,11,23,11,29,29,1,91.80910262,0.137931034,20,23,11,23,11,29,29,1,91.80910262,0.137931034,20,
/adult-learner/course-detail/NYP-SI4024-033/set-up-your-sustainability-e-commerce-business-classroom-facilitated-asynchronous-e-learning,(direct),23,4,23,1,23,23,1,2.598345304,0.130434783,4,23,4,23,1,23,23,1,2.598345304,0.130434783,4,
/adult-learner/course-detail/NYP-SI4024_021/sell-and-earn-on-tiktok-classroom-facilitated-asynchronous-e-learning,(direct),23,1,23,1,23,25,0.92,5.00781716,0,2,23,1,23,1,23,25,0.92,5.00781716,0,2,
/adult-learner/course-detail/NYP-SI4063_001/sell-and-earn-on-tiktok-classroom-facilitated-asynchronous-e-learning,(direct),23,10,23,0,23,23,1,9.19011913,0,4,23,10,23,0,23,23,1,9.19011913,0,4,
/adult-learner/course-detail/NYP-SI4064_002/how-to-become-a-youtuber-and-get-paid-classroom-facilitated-asynchronous-e-learning,(direct),23,10,23,0,23,24,0.958333333,4.503854625,0.208333333,6,23,10,23,0,23,24,0.958333333,4.503854625,0.208333333,6,
/adult-learner/course-detail/NYP-SI7073_002/mobile-photography-turning-products-into-visual-stories-classroom-facilitated,(organic),23,0,23,7,26,25,1.04,82.78388396,0.04,7,23,0,23,7,26,25,1.04,82.78388396,0.04,7,
/adult-learner/course-detail/NYP-SI7073_002/mobile-photography-turning-products-into-visual-stories-classroom-facilitated,cet-q1-2025,23,0,23,6,27,24,1.125,37.66837646,0.041666667,7,23,0,23,6,27,24,1.125,37.66837646,0.041666667,7,
/adult-learner/course-detail/NYP-WSCP51_001/pwm-food-services-food-safety-course-level-1,cet-q1-2025,23,0,23,4,26,25,1.04,44.28513592,0.04,12,23,0,23,4,26,25,1.04,44.28513592,0.04,12,
/adult-learner/course-detail/NYP-WSCV01_012/zi-char-favourites,cet-q1-2025,23,0,23,6,28,24,1.166666667,40.85679292,0.041666667,9,23,0,23,6,28,24,1.166666667,40.85679292,0.041666667,9,
/adult-learner/course-detail/NYP-WSCV02_001/healthy-vegan-and-gluten-free-creations,cet-q1-2025,23,0,23,8,26,26,1,47.73032388,0.038461538,5,23,0,23,8,26,26,1,47.73032388,0.038461538,5,
/adult-learner/course-detail/NYP-WSQV01_003/workplace-communication-sf-associate,(organic),23,1,23,7,25,24,1.041666667,113.7944279,0,4,23,1,23,7,25,24,1.041666667,113.7944279,0,4,
/adult-learner/course-detail/NYP-WSQV01_003/workplace-communication-sf-associate,cet-q1-2025,23,0,23,5,24,25,0.96,51.20728072,0.04,5,23,0,23,5,24,25,0.96,51.20728072,0.04,5,
/adult-learner/course-detail/NYP-WSQV01_005/productivity-improvement-sf-associate,cet-q1-2025,23,0,23,4,24,24,1,40.66905275,0,5,23,0,23,4,24,24,1,40.66905275,0,5,
/adult-learner/find-a-course,2024s2-sbm-shortcourses,23,0,23,23,65,30,2.166666667,242.921611,0,17,23,0,23,23,65,30,2.166666667,242.921611,0,17,
/adult-learner/course-detail/NYP-BMDP04/diploma-in-business-practice-customer-relationship-and-service-management,(not set),22,0,22,9,31,31,1,91.75527539,0.032258065,13,22,0,22,9,31,31,1,91.75527539,0.032258065,13,
/adult-learner/course-detail/NYP-BMSP13/specialist-diploma-in-human-resource-management,(not set),22,0,22,13,37,37,1,74.30261578,0.189189189,24,22,0,22,13,37,37,1,74.30261578,0.189189189,24,
/adult-learner/course-detail/NYP-BMSP13/specialist-diploma-in-human-resource-management,2024S2-sbm-acet,22,0,21,18,33,34,0.970588235,236.7904342,0.117647059,14,22,0,21,18,33,34,0.970588235,236.7904342,0.117647059,14,
/adult-learner/course-detail/NYP-CB1216/financial-analytics-with-python,(organic),22,8,22,9,28,26,1.076923077,66.37332969,0.076923077,15,22,8,22,9,28,26,1.076923077,66.37332969,0.076923077,15,
/adult-learner/course-detail/NYP-CB1573/introduction-to-sustainability-for-hospitality-businesses,2025S1-sbm-acet,22,0,22,6,25,22,1.136363636,37.01564691,0,10,22,0,22,6,25,22,1.136363636,37.01564691,0,10,
/adult-learner/course-detail/NYP-CB231003/introduction-to-business-analytics-making-data-driven-decisions-for-business-executives,2025S1-sbm-acet,22,0,22,4,30,23,1.304347826,139.376209,0.043478261,7,22,0,22,4,30,23,1.304347826,139.376209,0.043478261,7,
/adult-learner/course-detail/NYP-CE1150/introduction-to-data-analytics-using-excel,(direct),22,7,22,11,37,33,1.121212121,100.6684372,0.242424242,18,22,7,22,11,37,33,1.121212121,100.6684372,0.242424242,18,
/adult-learner/course-detail/NYP-CE2008/simple-ways-for-beginners-to-learn-coding,(direct),22,0,22,10,25,23,1.086956522,92.88404152,0.043478261,10,22,0,22,10,25,23,1.086956522,92.88404152,0.043478261,10,
/adult-learner/course-detail/NYP-CE231002/sustainability-101-for-the-green-economy,cet-q1-2025,22,0,22,6,25,23,1.086956522,49.76717717,0,7,22,0,22,6,25,23,1.086956522,49.76717717,0,7,
/adult-learner/course-detail/NYP-CE231015/9-day-precision-engineering-assessment-and-reskilling-lab-pearl-cnc-turning,(organic),22,3,22,7,26,22,1.181818182,78.26044686,0,5,22,3,22,7,26,22,1.181818182,78.26044686,0,5,
/adult-learner/course-detail/NYP-CH1348/phlebotomy-short-course,(direct),22,1,22,9,33,34,0.970588235,77.90261215,0.352941176,15,22,1,22,9,33,34,0.970588235,77.90261215,0.352941176,15,
/adult-learner/course-detail/NYP-DXSP02/specialist-diploma-in-visual-effects,(referral),22,8,14,5,17,25,0.68,48.94286224,0.48,11,22,8,14,5,17,25,0.68,48.94286224,0.48,11,
/adult-learner/course-detail/NYP-EG203W/apply-advanced-manufacturing-technology-and-process,(organic),22,8,22,5,32,28,1.142857143,133.9302236,0.178571429,15,22,8,22,5,32,28,1.142857143,133.9302236,0.178571429,15,
/adult-learner/course-detail/NYP-EGDP06/diploma-in-engineering-electronic-and-digital-engineering,oh2025,22,0,22,7,38,32,1.1875,68.73483741,0.03125,14,22,0,22,7,38,32,1.1875,68.73483741,0.03125,14,
/adult-learner/course-detail/NYP-EGEP06/work-study-post-diploma-specialist-diploma-in-robotics-and-automation-systems-design,cet-q1-2025,22,0,22,5,26,23,1.130434783,87.02394591,0.043478261,5,22,0,22,5,26,23,1.130434783,87.02394591,0.043478261,5,
/adult-learner/course-detail/NYP-HSAF40/advanced-diploma-in-nursing-emergency-adem1,cet-q1-2025,22,0,22,7,32,28,1.142857143,49.7755225,0.107142857,17,22,0,22,7,32,28,1.142857143,49.7755225,0.107142857,17,
/adult-learner/course-detail/NYP-HSSP09/specialist-diploma-in-nursing-diabetes-management-and-education,cet-q1-2025,22,0,22,6,27,25,1.08,88.32187828,0,10,22,0,22,6,27,25,1.08,88.32187828,0,10,
/adult-learner/course-detail/NYP-SI7025_013/introduction-to-digital-marketing-classroom-facilitated,(organic),22,3,22,6,25,23,1.086956522,91.03367513,0.086956522,7,22,3,22,6,25,23,1.086956522,91.03367513,0.086956522,7,
/adult-learner/course-detail/NYP-WSCD10_001/wines-of-the-new-world,(direct),22,4,22,1,24,25,0.96,11.62618724,0,2,22,4,22,1,24,25,0.96,11.62618724,0,2,
/adult-learner/course-detail/NYP-WSCD11_006/financial-planning-and-analysis,(direct),22,2,22,9,28,23,1.217391304,27.08311048,0.086956522,6,22,2,22,9,28,23,1.217391304,27.08311048,0.086956522,6,
/adult-learner/course-detail/NYP-WSCP52_001/pwm-food-services-food-safety-course-level-3,(organic),22,6,22,9,41,40,1.025,56.03676315,0.45,29,22,6,22,9,41,40,1.025,56.03676315,0.45,29,
/adult-learner/course-detail/NYP-WSCP56_001/receive-and-store-products-part-of-sctp,(direct),22,3,22,1,25,24,1.041666667,7.761989083,0.041666667,5,22,3,22,1,25,24,1.041666667,7.761989083,0.041666667,5,
/adult-learner/course-detail/NYP-WSCV01_006/prepare-basic-pasta,cet-q1-2025,22,0,22,5,24,24,1,28.02839475,0.041666667,4,22,0,22,5,24,24,1,28.02839475,0.041666667,4,
/adult-learner/course-detail/NYP-WSCV04_002/caf-style-breads,(organic),22,0,22,5,23,22,1.045454545,52.89912773,0,2,22,0,22,5,23,22,1.045454545,52.89912773,0,2,
/adult-learner/course-detail/NYP-WSQV03_012/productivity-improvement-sf-manager,(direct),22,3,22,2,23,23,1,5.201909304,0,5,22,3,22,2,23,23,1,5.201909304,0,5,
/adult-learner/course-types/post-diploma-programmes/applied-science,oh2025,22,0,22,3,25,22,1.136363636,53.95696305,0,12,22,0,22,3,25,22,1.136363636,53.95696305,0,12,
/adult-learner/course-types/recommended/business,2024s2-sbm-shortcourses,22,0,21,20,74,43,1.720930233,150.0179294,0.209302326,23,22,0,21,20,74,43,1.720930233,150.0179294,0.209302326,23,
/adult-learner/course-types/short-courses,cet-q1-2025#personal-development,22,0,22,4,45,29,1.551724138,62.85007462,0.172413793,11,22,0,22,4,45,29,1.551724138,62.85007462,0.172413793,11,
/adult-learner/course-detail/NYP-ASSPA3/post-diploma-certificate-in-energy-management-for-process-industry-part-of-specialist-diploma-in-energy-and-environmental-management-for-process-industry,cet-q1-2025,21,0,21,2,22,22,1,63.76602532,0.045454545,7,21,0,21,2,22,22,1,63.76602532,0.045454545,7,
/adult-learner/course-detail/NYP-BMDP05/diploma-in-business-practice-accounting,oh2025,21,0,21,9,46,39,1.179487179,135.9282111,0.179487179,27,21,0,21,9,46,39,1.179487179,135.9282111,0.179487179,27,
/adult-learner/course-detail/NYP-CB1335/sales-closing-techniques,(organic),21,13,21,4,24,24,1,54.61719942,0.291666667,17,21,13,21,4,24,24,1,54.61719942,0.291666667,17,
/adult-learner/course-detail/NYP-CB2001/becoming-a-change-agent-in-a-volatile-world,(organic),21,2,21,11,30,28,1.071428571,230.3847221,0.178571429,12,21,2,21,11,30,28,1.071428571,230.3847221,0.178571429,12,
/adult-learner/course-detail/NYP-CB234001/digitalisation-for-transportation-skillsfuture-for-digital-workplace-20,(organic),21,0,21,10,21,23,0.913043478,34.13780561,0.043478261,5,21,0,21,10,21,23,0.913043478,34.13780561,0.043478261,5,
/adult-learner/course-detail/NYP-CE1283/data-analysis-with-python,(organic),21,1,21,7,23,23,1,25.49178661,0.086956522,9,21,1,21,7,23,23,1,25.49178661,0.086956522,9,
/adult-learner/course-detail/NYP-CI245009/full-stack-application-development,(direct),21,2,21,2,21,23,0.913043478,5.457959739,0.130434783,8,21,2,21,2,21,23,0.913043478,5.457959739,0.130434783,8,
/adult-learner/course-detail/NYP-CL0524/the-science-of-aging-gracefully-diet-exercise-and-skin-care,(direct),21,2,21,8,34,26,1.307692308,66.77544696,0.038461538,8,21,2,21,8,34,26,1.307692308,66.77544696,0.038461538,8,
/adult-learner/course-detail/NYP-CL0899/tcm-life-skills-in-sub-health-management-fundamental-approaches,(organic),21,13,21,4,23,23,1,146.5977242,0.130434783,11,21,13,21,4,23,23,1,146.5977242,0.130434783,11,
/adult-learner/course-detail/NYP-CL1245/create-healthy-ice-cream-based-on-food-science-knowledge-in-food-pilot-plant,(referral),21,20,21,2,30,24,1.25,65.21955042,0.333333333,24,21,20,21,2,30,24,1.25,65.21955042,0.333333333,24,
/adult-learner/course-detail/NYP-CL1249/good-manufacturing-practices-gmp-what-you-need-to-know,(referral),21,19,20,4,23,26,0.884615385,78.32202023,0.269230769,23,21,19,20,4,23,26,0.884615385,78.32202023,0.269230769,23,
/adult-learner/course-detail/NYP-CL1301/right-food-with-right-medicine-for-diabetes-and-heart-patients,(organic),21,6,21,2,22,21,1.047619048,103.100505,0.047619048,15,21,6,21,2,22,21,1.047619048,103.100505,0.047619048,15,
/adult-learner/course-detail/NYP-CL231003M01/pharmacy-technician-entry-to-practice-framework-pt-etp-train-the-trainer-workshop,(organic),21,4,21,7,23,24,0.958333333,88.57102663,0.166666667,12,21,4,21,7,23,24,0.958333333,88.57102663,0.166666667,12,
/adult-learner/course-detail/NYP-CLDP01/diploma-in-applied-science-food-technology,(not set),21,3,21,9,27,22,1.227272727,119.8559046,0,10,21,3,21,9,27,22,1.227272727,119.8559046,0,10,
/adult-learner/course-detail/NYP-HSDP01/diploma-in-health-sciences-paramedicine,2025S1-sbm-acet,21,0,21,12,21,21,1,58.67718976,0,8,21,0,21,12,21,21,1,58.67718976,0,8,
/adult-learner/course-detail/NYP-JC1D06/best-in-class-workplace-learning-strategies-learning-and-adapting-from-japan,cet-q1-2025,21,0,21,5,21,21,1,42.19709981,0,3,21,0,21,5,21,21,1,42.19709981,0,3,
/adult-learner/course-detail/NYP-SI4024-034/set-up-your-sustainability-e-commerce-business-classroom-facilitated-asynchronous-e-learning,(direct),21,9,21,0,21,22,0.954545455,37.2926075,0.181818182,10,21,9,21,0,21,22,0.954545455,37.2926075,0.181818182,10,
/adult-learner/course-detail/NYP-SI4024_037/sustainability-everyday-upcycle-fabrics-and-learn-mobile-photography-with-ecommerce-opportunities-classroom-facilitated-asynchronous-e-learning,cet-q1-2025,21,0,21,6,22,22,1,75.96095486,0.045454545,9,21,0,21,6,22,22,1,75.96095486,0.045454545,9,
/adult-learner/course-detail/NYP-SI4024_038/mastering-the-art-of-making-a-powerful-sales-pitch-classroom-facilitated-asynchronous-e-learning,cet-q1-2025,21,0,21,3,26,22,1.181818182,51.908358,0.045454545,6,21,0,21,3,26,22,1.181818182,51.908358,0.045454545,6,
/adult-learner/course-detail/NYP-SI4025_009/start-your-business-at-no-cost-using-affiliate-marketing-classroom-facilitated-asynchronous-e-learning,(direct),21,10,21,1,21,22,0.954545455,13.56305859,0.090909091,2,21,10,21,1,21,22,0.954545455,13.56305859,0.090909091,2,
/adult-learner/course-detail/NYP-SI4031_005/getting-started-on-shopee-onboarding,(organic),21,16,21,3,24,24,1,78.55729421,0.25,19,21,16,21,3,24,24,1,78.55729421,0.25,19,
/adult-learner/course-detail/NYP-SI4068_001/ai-content-creation-with-designsai-smarter-faster-easier-classroom-facilitated-practical-training-asynchronous-e-learning,(organic),21,0,21,6,23,24,0.958333333,107.1052546,0.083333333,5,21,0,21,6,23,24,0.958333333,107.1052546,0.083333333,5,
/adult-learner/course-detail/NYP-SI8044_001/introduction-to-jelly-art,(organic),21,7,21,8,26,25,1.04,54.91072916,0.24,16,21,7,21,8,26,25,1.04,54.91072916,0.24,16,
/adult-learner/course-detail/NYP-WSCP38_002/hawker-business-fundamentals,(organic),21,13,21,5,34,32,1.0625,42.26082919,0.28125,19,21,13,21,5,34,32,1.0625,42.26082919,0.28125,19,
/adult-learner/course-detail/NYP-WSCP44_001/pwm-food-services-food-waste-disposal-and-reduction,(organic),21,2,21,8,22,22,1,146.7578394,0,4,21,2,21,8,22,22,1,146.7578394,0,4,
/adult-learner/course-detail/NYP-WSCP52_001/pwm-food-services-food-safety-course-level-3,cet-q1-2025,21,0,21,5,25,23,1.086956522,60.30864517,0,5,21,0,21,5,25,23,1.086956522,60.30864517,0,5,
/adult-learner/course-detail/NYP-WSCV02_004/japanese-sweet-breads,(organic),21,3,21,6,22,21,1.047619048,46.61872771,0,3,21,3,21,6,22,21,1.047619048,46.61872771,0,3,
/adult-learner/course-types/recommended/business,OH25,21,0,16,14,32,23,1.391304348,127.5533161,0.347826087,17,21,0,16,14,32,23,1.391304348,127.5533161,0.347826087,17,
/adult-learner/course-types/recommended/green-economy,(not set),21,1,21,7,25,22,1.136363636,60.42610032,0,5,21,1,21,7,25,22,1.136363636,60.42610032,0,5,
/adult-learner/funding/bursary-part-time-diploma,(referral),21,2,21,10,26,25,1.04,36.86227852,0.08,14,21,2,21,10,26,25,1.04,36.86227852,0.08,14,
/adult-learner/funding/bursary-part-time-diploma,cet-q1-2025,21,0,20,9,23,23,1,32.75912826,0.130434783,10,21,0,20,9,23,23,1,32.75912826,0.130434783,10,
/adult-learner/course-detail/NYP-AS003Z/quality-improvement-and-assurance-part-of-pdc3-of-advanced-diploma-in-pharmaceutical-sciences,cet-q1-2025,20,0,20,1,24,20,1.2,45.45378195,0,5,20,0,20,1,24,20,1.2,45.45378195,0,5,
/adult-learner/course-detail/NYP-AS010Z/automated-medication-systems-part-of-pdc4-of-advanced-diploma-in-pharmaceutical-sciences,(organic),20,4,19,7,22,21,1.047619048,104.9833004,0.238095238,12,20,4,19,7,22,21,1.047619048,104.9833004,0.238095238,12,
/adult-learner/course-detail/NYP-BMDP04/diploma-in-business-practice-customer-relationship-and-service-management,2024S2-sbm-acet,20,0,20,8,29,25,1.16,89.77374972,0.08,17,20,0,20,8,29,25,1.16,89.77374972,0.08,17,
/adult-learner/course-detail/NYP-BMSP21/specialist-diploma-in-hr-analytics-and-digitalisation,2024S2-sbm-acet,20,3,20,15,28,25,1.12,57.26764108,0.08,14,20,3,20,15,28,25,1.12,57.26764108,0.08,14,
/adult-learner/course-detail/NYP-CB231012/crafting-your-digital-stories,(organic),20,4,19,4,24,21,1.142857143,90.25323381,0.095238095,9,20,4,19,4,24,21,1.142857143,90.25323381,0.095238095,9,
/adult-learner/course-detail/NYP-CB243001/sctp-certificate-in-digital-marketing-and-content-curation,(not set),20,0,20,6,25,24,1.041666667,159.9559319,0.041666667,7,20,0,20,6,25,24,1.041666667,159.9559319,0.041666667,7,
/adult-learner/course-detail/NYP-CE1539/edgeai-system-for-industry-40-applications-and-beyond,(organic),20,5,20,10,21,24,0.875,76.92175567,0.125,10,20,5,20,10,21,24,0.875,76.92175567,0.125,10,
/adult-learner/course-detail/NYP-CI1368/data-science-for-power-users,(organic),20,9,20,5,28,22,1.272727273,143.5995752,0.136363636,16,20,9,20,5,28,22,1.272727273,143.5995752,0.136363636,16,
/adult-learner/course-detail/NYP-CL240007/science-behind-sourdough-bread,(organic),20,7,20,4,22,22,1,34.441912,0.181818182,11,20,7,20,4,22,22,1,34.441912,0.181818182,11,
/adult-learner/course-detail/NYP-CX241003/storytelling-using-generative-artificial-intelligence,cet-q1-2025#personal-development,20,0,20,5,21,20,1.05,53.80428925,0,9,20,0,20,5,21,20,1.05,53.80428925,0,9,
/adult-learner/course-detail/NYP-DXEP09/work-study-post-diploma-specialist-diploma-in-spatial-design,cet-q1-2025,20,0,20,6,30,20,1.5,156.083348,0,6,20,0,20,6,30,20,1.5,156.083348,0,6,
/adult-learner/course-detail/NYP-DXSP03/specialist-diploma-in-service-experience-design-and-innovation,1.20218E+17,20,0,16,14,30,28,1.071428571,140.8145956,0.5,26,20,0,16,14,30,28,1.071428571,140.8145956,0.5,26,
/adult-learner/course-detail/NYP-HSAF43/advanced-diploma-in-nursing-mental-health-admh1,cet-q1-2025,20,0,20,2,20,21,0.952380952,86.14180905,0.047619048,11,20,0,20,2,20,21,0.952380952,86.14180905,0.047619048,11,
/adult-learner/course-detail/NYP-ITSP13/specialist-diploma-in-cybersecurity-pcm,(not set),20,1,20,8,34,28,1.214285714,131.720197,0.107142857,16,20,1,20,8,34,28,1.214285714,131.720197,0.107142857,16,
/adult-learner/course-detail/NYP-JC1A33/building-a-culture-of-learning-best-practices-and-actionable-strategies-for-managers,cet-q1-2025#personal-development,20,0,20,1,22,20,1.1,25.44439295,0,5,20,0,20,1,22,20,1.1,25.44439295,0,5,
/adult-learner/course-detail/NYP-JC1D04/best-in-class-workplace-learning-strategies-learning-and-adapting-from-germany,(organic),20,1,20,5,21,20,1.05,51.71630755,0,4,20,1,20,5,21,20,1.05,51.71630755,0,4,
/adult-learner/course-detail/NYP-SI4024_042/sustainability-everyday-grow-green-and-learn-mobile-photography-with-ecommerce-tips-classroom-facilitated-asynchronous-e-learning,(organic),20,6,20,3,21,20,1.05,65.94943675,0,5,20,6,20,3,21,20,1.05,65.94943675,0,5,
/adult-learner/course-detail/NYP-SI4059_003/cybersecurity-workshop-critical-protection-for-your-business-practical-asynchronous-e-learning,(organic),20,3,20,5,23,22,1.045454545,48.00161368,0.045454545,8,20,3,20,5,23,22,1.045454545,48.00161368,0.045454545,8,
/adult-learner/course-detail/NYP-SI4066_001/tiktok-influencer-and-content-marketing-strategies-to-drive-sales-classroom-facilitated-asynchronous-e-learning,(direct),20,4,20,3,22,23,0.956521739,32.63910274,0.043478261,3,20,4,20,3,22,23,0.956521739,32.63910274,0.043478261,3,
/adult-learner/course-detail/NYP-WSCC10_016/demonstrate-basic-knife-skills,(organic),20,6,20,4,21,22,0.954545455,27.67341986,0.136363636,12,20,6,20,4,21,22,0.954545455,27.67341986,0.136363636,12,
/adult-learner/course-detail/NYP-WSCD11_801/diploma-in-food-services,(organic),20,8,20,8,30,28,1.071428571,52.69891454,0.214285714,19,20,8,20,8,30,28,1.071428571,52.69891454,0.214285714,19,
/adult-learner/course-detail/NYP-WSCV01_012/zi-char-favourites,(organic),20,3,20,8,23,22,1.045454545,108.2402116,0.090909091,12,20,3,20,8,23,22,1.045454545,108.2402116,0.090909091,12,
/adult-learner/course-detail/NYP-WSQV03_003/workplace-communications-sf-manager,(organic),20,0,20,7,24,21,1.142857143,54.16706071,0,3,20,0,20,7,24,21,1.142857143,54.16706071,0,3,
/adult-learner/course-detail/NYP-AS001Z/resource-planning-part-of-pdc3-of-advanced-diploma-in-pharmaceutical-sciences,(organic),19,1,19,9,22,20,1.1,114.6235456,0.05,6,19,1,19,9,22,20,1.1,114.6235456,0.05,6,
/adult-learner/course-detail/NYP-AS001Z/resource-planning-part-of-pdc3-of-advanced-diploma-in-pharmaceutical-sciences,cet-q1-2025,19,0,19,2,20,19,1.052631579,33.33657011,0,5,19,0,19,2,20,19,1.052631579,33.33657011,0,5,
/adult-learner/course-detail/NYP-AS002Z/staff-training-and-development-part-of-pdc3-of-advanced-diploma-in-pharmaceutical-sciences,(organic),19,2,19,11,21,20,1.05,59.9189251,0,2,19,2,19,11,21,20,1.05,59.9189251,0,2,
/adult-learner/course-detail/NYP-AS004Z/medication-management-part-of-the-pdc1-advanced-diploma-in-pharmaceutical-sciences,(organic),19,6,18,6,27,19,1.421052632,315.2178124,0.157894737,11,19,6,18,6,27,19,1.421052632,315.2178124,0.157894737,11,
/adult-learner/course-detail/NYP-BMSP15/specialist-diploma-in-supply-chain-management,(referral),19,6,15,7,23,30,0.766666667,249.2057418,0.3,16,19,6,15,7,23,30,0.766666667,249.2057418,0.3,16,
/adult-learner/course-detail/NYP-CB1250/design-thinking-for-an-innovative-workplace,(organic),19,9,19,9,23,21,1.095238095,150.5650068,0.142857143,12,19,9,19,9,23,21,1.095238095,150.5650068,0.142857143,12,
/adult-learner/course-detail/NYP-CE1145/cyber-security-from-scratch-synchronous-elearning,cet-q1-2025,19,0,19,3,21,19,1.105263158,23.58076321,0,11,19,0,19,3,21,19,1.105263158,23.58076321,0,11,
/adult-learner/course-detail/NYP-CE1150/introduction-to-data-analytics-using-excel,(organic),19,3,19,8,21,21,1,72.75161362,0.047619048,8,19,3,19,8,21,21,1,72.75161362,0.047619048,8,
/adult-learner/course-detail/NYP-CE231001/building-artificial-intelligence-ai-applications-from-end-to-end-classroom-and-synchronous-e-learning,(not set),19,0,19,6,24,21,1.142857143,100.209783,0,7,19,0,19,6,24,21,1.142857143,100.209783,0,7,
/adult-learner/course-detail/NYP-CE241003/smart-connected-system-design-and-implementation,cet-q1-2025,19,0,19,9,22,21,1.047619048,49.91347843,0,4,19,0,19,9,22,21,1.047619048,49.91347843,0,4,
/adult-learner/course-detail/NYP-CK1308/workplace-communication-effective-email-writing,cet-q1-2025#personal-development,19,0,19,1,32,20,1.6,23.00485605,0.05,3,19,0,19,1,32,20,1.6,23.00485605,0.05,3,
/adult-learner/course-detail/NYP-CL231003M01/pharmacy-technician-entry-to-practice-framework-pt-etp-train-the-trainer-workshop,(direct),19,0,19,11,27,26,1.038461538,50.45830212,0.153846154,12,19,0,19,11,27,26,1.038461538,50.45830212,0.153846154,12,
/adult-learner/course-detail/NYP-CL241001/reducing-ghg-emissions-through-energy-management-and-audit,(not set),19,15,19,4,22,20,1.1,64.1319383,0.15,18,19,15,19,4,22,20,1.1,64.1319383,0.15,18,
/adult-learner/course-detail/NYP-DXSP05/specialist-diploma-in-digital-media-production,1.20218E+17,19,0,13,8,23,21,1.095238095,277.8589715,0.142857143,20,19,0,13,8,23,21,1.095238095,277.8589715,0.142857143,20,
/adult-learner/course-detail/NYP-EG107W/apply-computer-aided-design-cad-techniques,(organic),19,7,19,10,23,24,0.958333333,81.62476258,0.083333333,14,19,7,19,10,23,24,0.958333333,81.62476258,0.083333333,14,
/adult-learner/course-detail/NYP-EGDP07/diploma-in-engineering-public-transport-operations,2025S1-sbm-acet,19,0,19,7,34,23,1.47826087,59.87855083,0.043478261,9,19,0,19,7,34,23,1.47826087,59.87855083,0.043478261,9,
/adult-learner/course-detail/NYP-HSAF49/advanced-diploma-in-nursing-paediatrics-adpd1,cet-q1-2025,19,0,19,5,22,22,1,40.63583836,0.090909091,11,19,0,19,5,22,22,1,40.63583836,0.090909091,11,
/adult-learner/course-detail/NYP-HSAF51/advanced-diploma-in-nursing-perianaesthesia-adpa1,cet-q1-2025,19,0,18,8,26,23,1.130434783,45.83997826,0.173913043,14,19,0,18,8,26,23,1.130434783,45.83997826,0.173913043,14,
/adult-learner/course-detail/NYP-SI4025_010/how-to-become-a-youtuber-and-get-paid-classroom-facilitated-asynchronous-e-learning,(organic),19,8,19,3,19,19,1,160.3431421,0.157894737,13,19,8,19,3,19,19,1,160.3431421,0.157894737,13,
/adult-learner/course-detail/NYP-SI4047_004/social-commerce-boost-awareness-and-engagement-to-drive-your-business-growth-part-2-classroom-facilitated-practical-training-asynchronous-e-learning,(organic),19,1,19,9,26,25,1.04,95.28886724,0,4,19,1,19,9,26,25,1.04,95.28886724,0,4,
/adult-learner/course-detail/NYP-SI4053_002/kickstart-conversation-commerce-through-whatsapp-marketing-campaign-synchronous-e-learning-practical-training,(direct),19,2,19,0,19,19,1,1.643245158,0,1,19,2,19,0,19,19,1,1.643245158,0,1,
/adult-learner/course-detail/NYP-SI4059_004/generative-ai-content-creation-workshop-super-sprint-sales-and-marketing-performance-practical-asynchronous-e-learning,cet-q1-2025,19,0,19,10,27,24,1.125,66.42395117,0.041666667,7,19,0,19,10,27,24,1.125,66.42395117,0.041666667,7,
/adult-learner/course-detail/NYP-WSCA05_001/food-safety-course-level-3,cet-q1-2025,19,0,19,4,25,20,1.25,88.20317615,0,5,19,0,19,4,25,20,1.25,88.20317615,0,5,
/adult-learner/course-detail/NYP-WSCP51_002/food-safety-course-level-1-part-of-sctp,(direct),19,5,19,1,20,20,1,3.85699585,0.1,3,19,5,19,1,20,20,1,3.85699585,0.1,3,
/adult-learner/course-detail/NYP-WSCV01_002/advanced-baked-and-fried-dim-sum,(organic),19,2,19,5,19,19,1,57.07985895,0.052631579,5,19,2,19,5,19,19,1,57.07985895,0.052631579,5,
/adult-learner/course-detail/NYP-WSCV01_003/advanced-steamed-dim-sum,cet-q1-2025,19,0,19,4,28,24,1.166666667,21.41602029,0.041666667,5,19,0,19,4,28,24,1.166666667,21.41602029,0.041666667,5,
/adult-learner/course-detail/NYP-WSCV01_013/sedaplicious-indonesian-flavours,cet-q1-2025,19,0,19,5,19,19,1,24.03913068,0,4,19,0,19,5,19,19,1,24.03913068,0,4,
/adult-learner/course-detail/NYP-WSCV02_008/chocolate-bliss,(organic),19,0,19,5,25,21,1.19047619,47.37458833,0,8,19,0,19,5,25,21,1.19047619,47.37458833,0,8,
/adult-learner/course-detail/NYP-WSCV05_001/food-and-wine-pairing,cet-q1-2025,19,0,19,1,20,19,1.052631579,51.41392726,0,5,19,0,19,1,20,19,1.052631579,51.41392726,0,5,
/adult-learner/course-types/post-diploma-programmes/health-social-sciences,2025S1-sbm-acet,19,0,19,7,21,20,1.05,14.50266,0,2,19,0,19,7,21,20,1.05,14.50266,0,2,
/adult-learner/course-types/recommended/artificial-intelligence,(referral),19,10,19,9,27,21,1.285714286,179.3634723,0.095238095,4,19,10,19,9,27,21,1.285714286,179.3634723,0.095238095,4,
/adult-learner/course-types/recommended/green-economy,2025S1-sbm-acet,19,0,19,13,25,19,1.315789474,79.59910705,0,4,19,0,19,13,25,19,1.315789474,79.59910705,0,4,
/adult-learner/course-detail/NYP-CB1333/consumer-behaviour,(organic),18,11,18,6,29,25,1.16,166.0044569,0.24,16,18,11,18,6,29,25,1.16,166.0044569,0.24,16,
/adult-learner/course-detail/NYP-CB231015/1-day-search-engine-optimisation-fundamentals,(organic),18,9,18,4,22,23,0.956521739,100.8661977,0.347826087,15,18,9,18,4,22,23,0.956521739,100.8661977,0.347826087,15,
/adult-learner/course-detail/NYP-CB241011/sustainability-at-our-core-uncovering-esg-investing,2025S1-sbm-acet,18,0,18,4,20,19,1.052631579,15.86075663,0,6,18,0,18,4,20,19,1.052631579,15.86075663,0,6,
/adult-learner/course-detail/NYP-CE1145/cyber-security-from-scratch-synchronous-elearning,(organic),18,7,18,4,20,20,1,35.7532044,0.05,12,18,7,18,4,20,20,1,35.7532044,0.05,12,
/adult-learner/course-detail/NYP-CE1239/robotic-process-automation-rpa-for-beginners,cet-q1-2025#personal-development,18,0,18,7,23,20,1.15,30.90833805,0,7,18,0,18,7,23,20,1.15,30.90833805,0,7,
/adult-learner/course-detail/NYP-CE231001/building-artificial-intelligence-ai-applications-from-end-to-end-classroom-and-synchronous-e-learning,(referral),18,2,18,8,21,23,0.913043478,67.52027148,0.086956522,7,18,2,18,8,21,23,0.913043478,67.52027148,0.086956522,7,
/adult-learner/course-detail/NYP-CI1279/data-visualisation-practicum,cet-q1-2025,18,0,18,4,23,22,1.045454545,47.79245959,0.136363636,6,18,0,18,4,23,22,1.045454545,47.79245959,0.136363636,6,
/adult-learner/course-detail/NYP-CL230002/introduction-to-peranakan-cuisine,(referral),18,16,18,0,18,19,0.947368421,27.01012763,0.315789474,18,18,16,18,0,18,19,0.947368421,27.01012763,0.315789474,18,
/adult-learner/course-detail/NYP-CL240003/short-course-on-cultivated-meat-technologies,(organic),18,8,18,3,27,22,1.227272727,63.92460009,0.181818182,17,18,8,18,3,27,22,1.227272727,63.92460009,0.181818182,17,
/adult-learner/course-detail/NYP-CX1258/bim-revit-for-architecture-level-1,cet-q1-2025,18,0,18,7,30,21,1.428571429,143.3618995,0.047619048,10,18,0,18,7,30,21,1.428571429,143.3618995,0.047619048,10,
/adult-learner/course-detail/NYP-CX245004/digital-content-and-visual-design-with-generative-ai,cet-q1-2025,18,0,18,7,20,19,1.052631579,87.09758663,0,2,18,0,18,7,20,19,1.052631579,87.09758663,0,2,
/adult-learner/course-detail/NYP-HSSP14/specialist-diploma-in-clinical-education,(referral),18,5,18,7,23,18,1.277777778,181.9823253,0.055555556,7,18,5,18,7,23,18,1.277777778,181.9823253,0.055555556,7,
/adult-learner/course-detail/NYP-JC1A33/building-a-culture-of-learning-best-practices-and-actionable-strategies-for-managers,cet-q1-2025,18,0,18,3,18,18,1,55.75465083,0,1,18,0,18,3,18,18,1,55.75465083,0,1,
/adult-learner/course-detail/NYP-SI4025_021/cross-border-e-commerce-mastering-selling-strategies-on-amazoncom-classroom-facilitated-asynchronous-e-learning,(organic),18,9,17,5,22,20,1.1,232.764601,0.1,12,18,9,17,5,22,20,1.1,232.764601,0.1,12,
/adult-learner/course-detail/NYP-SI4062_001/sell-and-earn-on-tiktok-classroom-facilitated-asynchronous-e-learning,(direct),18,1,18,0,18,20,0.9,1.83596045,0.1,3,18,1,18,0,18,20,0.9,1.83596045,0.1,3,
/adult-learner/course-detail/NYP-SI7071_003/introduction-to-digital-marketing-classroom-facilitated,(organic),18,0,18,7,25,22,1.136363636,40.89679168,0,6,18,0,18,7,25,22,1.136363636,40.89679168,0,6,
/adult-learner/course-detail/NYP-SI8042_001/wholesome-confinement-essentials,(organic),18,8,18,5,19,19,1,151.4834709,0.052631579,10,18,8,18,5,19,19,1,151.4834709,0.052631579,10,
/adult-learner/course-detail/NYP-WSCD11_005/develop-customer-service-excellence,(organic),18,6,18,10,19,20,0.95,47.8993914,0.3,14,18,6,18,10,19,20,0.95,47.8993914,0.3,14,
/adult-learner/course-detail/NYP-WSCV01_007/prepare-noodle-dishes,cet-q1-2025,18,0,18,3,19,19,1,64.85516079,0.052631579,6,18,0,18,3,19,19,1,64.85516079,0.052631579,6,
/adult-learner/course-detail/NYP-WSCV02_006/decorative-cupcakes,(organic),18,1,18,8,21,21,1,32.8008739,0.095238095,7,18,1,18,8,21,21,1,32.8008739,0.095238095,7,
/adult-learner/course-detail/NYP-WSCY16_801/sctp-pastry-and-baking-specialist-full-time-ta-eligible,(direct),18,1,18,2,18,19,0.947368421,34.54606821,0.105263158,5,18,1,18,2,18,19,0.947368421,34.54606821,0.105263158,5,
/adult-learner/course-detail/NYP-WSQV03_003/workplace-communications-sf-manager,cet-q1-2025,18,0,18,3,23,19,1.210526316,110.7001691,0,5,18,0,18,3,23,19,1.210526316,110.7001691,0,5,
/adult-learner/course-types/post-diploma-programmes/business-management,(not set),18,0,18,9,29,24,1.208333333,32.66321712,0,6,18,0,18,9,29,24,1.208333333,32.66321712,0,6,
/adult-learner/course-types/post-diploma-programmes/design-media,(referral),18,0,18,11,35,30,1.166666667,42.42874333,0.1,7,18,0,18,11,35,30,1.166666667,42.42874333,0.1,7,
/adult-learner/find-a-course,1.20218E+17,18,0,18,5,27,19,1.421052632,79.27315732,0,4,18,0,18,5,27,19,1.421052632,79.27315732,0,4,
/adult-learner,1.20218E+17,17,0,17,4,21,18,1.166666667,31.68700428,0,4,17,0,17,4,21,18,1.166666667,31.68700428,0,4,
/adult-learner/course-detail/NYP-ASSPA2/post-diploma-certificate-in-public-health-communication-part-of-specialist-diploma-in-nutrition-science,cet-q1-2025,17,0,17,2,18,17,1.058823529,15.10359482,0,2,17,0,17,2,18,17,1.058823529,15.10359482,0,2,
/adult-learner/course-detail/NYP-BMDP07/diploma-in-business-practice-hospitality-and-tourism-management,2024S2-sbm-acet,17,2,17,5,22,20,1.1,121.7877947,0,13,17,2,17,5,22,20,1.1,121.7877947,0,13,
/adult-learner/course-detail/NYP-BMSPA4/post-diploma-certificate-in-materials-management-part-of-specialist-diploma-in-supply-chain-management,cet-q1-2025,17,0,17,6,20,18,1.111111111,90.32025072,0.055555556,5,17,0,17,6,20,18,1.111111111,90.32025072,0.055555556,5,
/adult-learner/course-detail/NYP-CB1277/introduction-to-the-coffee-business,(direct),17,2,17,7,20,19,1.052631579,54.79499605,0.052631579,4,17,2,17,7,20,19,1.052631579,54.79499605,0.052631579,4,
/adult-learner/course-detail/NYP-CB1310/digital-video-production,2025S1-sbm-acet,17,0,17,4,17,17,1,30.72465282,0,10,17,0,17,4,17,17,1,30.72465282,0,10,
/adult-learner/course-detail/NYP-CB231022/international-trade-and-freight-management,(referral),17,5,17,8,20,19,1.052631579,65.333095,0.157894737,9,17,5,17,8,20,19,1.052631579,65.333095,0.157894737,9,
/adult-learner/course-detail/NYP-CE241005/medical-device-electrical-safety-testing-iec60601iec62353-and-functional-analysis,cet-q1-2025,17,0,17,4,17,17,1,35.81040482,0,2,17,0,17,4,17,17,1,35.81040482,0,2,
/adult-learner/course-detail/NYP-CI5834/data-analytics-workshop,(direct),17,0,17,8,17,17,1,58.03807718,0,2,17,0,17,8,17,17,1,58.03807718,0,2,
/adult-learner/course-detail/NYP-CL0899/tcm-life-skills-in-sub-health-management-fundamental-approaches,(direct),17,2,17,6,22,18,1.222222222,46.06391211,0.166666667,8,17,2,17,6,22,18,1.222222222,46.06391211,0.166666667,8,
/adult-learner/course-detail/NYP-CX1287/harnessing-design-thinking-for-innovation,cet-q1-2025,17,0,17,6,20,17,1.176470588,63.58727806,0,2,17,0,17,6,20,17,1.176470588,63.58727806,0,2,
/adult-learner/course-detail/NYP-DXSP01/specialist-diploma-in-smart-project-and-facilities-management,2025S1-sbm-acet,17,0,9,7,20,19,1.052631579,167.8407151,0.368421053,16,17,0,9,7,20,19,1.052631579,167.8407151,0.368421053,16,
/adult-learner/course-detail/NYP-DXSP05/specialist-diploma-in-digital-media-production,1.20218E+17,17,0,8,5,23,22,1.045454545,139.1497063,0.590909091,21,17,0,8,5,23,22,1.045454545,139.1497063,0.590909091,21,
/adult-learner/course-detail/NYP-EGSP09/specialist-diploma-in-cloud-data-centre-technology-and-management,(referral),17,3,17,8,18,18,1,333.9299067,0.055555556,13,17,3,17,8,18,18,1,333.9299067,0.055555556,13,
/adult-learner/course-detail/NYP-HSAF21/advanced-diploma-in-nursing-midwifery,cet-q1-2025,17,0,17,2,23,21,1.095238095,44.87653462,0.095238095,11,17,0,17,2,23,21,1.095238095,44.87653462,0.095238095,11,
/adult-learner/course-detail/NYP-HSCP07/certificate-in-bridging-studies-for-enrolled-nurse,(referral),17,9,17,5,24,22,1.090909091,115.1348198,0.272727273,17,17,9,17,5,24,22,1.090909091,115.1348198,0.272727273,17,
/adult-learner/course-detail/NYP-HSSP16/specialist-diploma-in-nursing-endoscopy,cet-q1-2025,17,0,17,2,19,18,1.055555556,37.32700433,0,4,17,0,17,2,19,18,1.055555556,37.32700433,0,4,
/adult-learner/course-detail/NYP-HSVF01/diploma-conversion-in-paramedic-science,(direct),17,0,17,11,28,24,1.166666667,54.90244092,0.083333333,17,17,0,17,11,28,24,1.166666667,54.90244092,0.083333333,17,
/adult-learner/course-detail/NYP-ITSP13/specialist-diploma-in-cybersecurity-pcm,cet-q1-2025#cybersecurity,17,0,17,3,21,19,1.105263158,36.40794563,0,11,17,0,17,3,21,19,1.105263158,36.40794563,0,11,
/adult-learner/course-detail/NYP-SI4025_008/drive-conversions-and-optimise-returns-with-social-and-influencer-marketing,(direct),17,5,17,0,17,17,1,1.580889353,0.058823529,3,17,5,17,0,17,17,1,1.580889353,0.058823529,3,
/adult-learner/course-detail/NYP-SI4047_002/boost-your-business-with-social-commerce-part-2,(direct),17,0,17,0,17,17,1,1.979344765,0,0,17,0,17,0,17,17,1,1.979344765,0,0,
/adult-learner/course-detail/NYP-SI4060_001/accelerate-sales-and-conversions-with-ai-powered-data-analytics-classroom-facilitated-practical-training,(organic),17,2,17,9,25,24,1.041666667,78.51763683,0.166666667,13,17,2,17,9,25,24,1.041666667,78.51763683,0.166666667,13,
/adult-learner/course-detail/NYP-SI4064_001/drive-conversions-and-optimise-returns-with-social-and-influencer-marketing,(direct),17,7,17,0,19,18,1.055555556,4.826732167,0.333333333,8,17,7,17,0,19,18,1.055555556,4.826732167,0.333333333,8,
/adult-learner/course-detail/NYP-WSCD11_008/develop-marketing-campaigns,(direct),17,1,17,4,20,21,0.952380952,7.187890571,0.095238095,0,17,1,17,4,20,21,0.952380952,7.187890571,0.095238095,0,
/adult-learner/course-types/recommended/business,(not set),17,2,15,13,30,22,1.363636364,149.6902648,0.272727273,13,17,2,15,13,30,22,1.363636364,149.6902648,0.272727273,13,
/adult-learner,1.20218E+17,16,0,16,3,24,17,1.411764706,111.5159791,0.058823529,4,16,0,16,3,24,17,1.411764706,111.5159791,0.058823529,4,
/adult-learner,2024s2-sbm-shortcourses,16,0,14,14,36,27,1.333333333,180.5521342,0.333333333,14,16,0,14,14,36,27,1.333333333,180.5521342,0.333333333,14,
/adult-learner/course-detail/NYP-BMDP04/diploma-in-business-practice-customer-relationship-and-service-management,oh2025,16,0,16,10,19,17,1.117647059,36.18156047,0.058823529,10,16,0,16,10,19,17,1.117647059,36.18156047,0.058823529,10,
/adult-learner/course-detail/NYP-BMSP16/specialist-diploma-in-fund-management-and-administration,(referral),16,9,15,6,26,30,0.866666667,162.5626922,0.433333333,19,16,9,15,6,26,30,0.866666667,162.5626922,0.433333333,19,
/adult-learner/course-detail/NYP-CB231010/1-day-hands-on-pay-per-click-search-advertising,(organic),16,8,15,6,21,19,1.105263158,261.6648906,0.157894737,12,16,8,15,6,21,19,1.105263158,261.6648906,0.157894737,12,
/adult-learner/course-detail/NYP-CB241010/sustainability-at-our-core-essentials-of-climate-risk,(organic),16,2,16,8,17,17,1,25.22201294,0,5,16,2,16,8,17,17,1,25.22201294,0,5,
/adult-learner/course-detail/NYP-CE1231/coding-for-beginners,(referral),16,15,16,1,16,17,0.941176471,67.78689012,0.235294118,16,16,15,16,1,16,17,0.941176471,67.78689012,0.235294118,16,
/adult-learner/course-detail/NYP-CE2008/simple-ways-for-beginners-to-learn-coding,cet-q1-2025,16,0,16,2,16,16,1,32.44304463,0,6,16,0,16,2,16,16,1,32.44304463,0,6,
/adult-learner/course-detail/NYP-CE241005/medical-device-electrical-safety-testing-iec60601iec62353-and-functional-analysis,(organic),16,5,16,4,20,17,1.176470588,116.8793938,0.176470588,10,16,5,16,4,20,17,1.176470588,116.8793938,0.176470588,10,
/adult-learner/course-detail/NYP-CI231001/the-international-council-of-e-commerce-consultants-ec-council-certified-threat-intelligence-analyst-ctia,cet-q1-2025#cybersecurity,16,0,16,5,26,18,1.444444444,32.47651161,0,8,16,0,16,5,26,18,1.444444444,32.47651161,0,8,
/adult-learner/course-detail/NYP-CL1367/audit-management-i-synchronous-and-asynchronous,(organic),16,8,16,5,17,18,0.944444444,32.75284783,0.277777778,7,16,8,16,5,17,18,0.944444444,32.75284783,0.277777778,7,
/adult-learner/course-detail/NYP-CX241001/digital-photography-for-working-professionals,cet-q1-2025#personal-development,16,0,16,2,22,16,1.375,32.70235219,0,10,16,0,16,2,22,16,1.375,32.70235219,0,10,
/adult-learner/course-detail/NYP-CX241003/storytelling-using-generative-artificial-intelligence,(referral),16,5,16,9,17,21,0.80952381,70.22343157,0.380952381,7,16,5,16,9,17,21,0.80952381,70.22343157,0.380952381,7,
/adult-learner/course-detail/NYP-DXSP01/specialist-diploma-in-smart-project-and-facilities-management,1.20218E+17,16,0,10,9,20,17,1.176470588,94.919338,0.352941176,16,16,0,10,9,20,17,1.176470588,94.919338,0.352941176,16,
/adult-learner/course-detail/NYP-DXSP07/specialist-diploma-in-user-experience-design-and-management,1.20218E+17,16,1,9,7,18,18,1,86.80662922,0.666666667,14,16,1,9,7,18,18,1,86.80662922,0.666666667,14,
/adult-learner/course-detail/NYP-EGDP07/diploma-in-engineering-public-transport-operations,(referral),16,1,16,10,21,21,1,118.2491789,0.047619048,9,16,1,16,10,21,21,1,118.2491789,0.047619048,9,
/adult-learner/course-detail/NYP-HSAF29/advanced-diploma-in-nursing-medical-surgical,(direct),16,1,16,6,17,18,0.944444444,61.16330344,0.166666667,6,16,1,16,6,17,18,0.944444444,61.16330344,0.166666667,6,
/adult-learner/course-detail/NYP-ITDP04/diploma-in-infocomm-and-digital-media-it-network-and-system-administration-dinsa2,(not set),16,0,16,5,24,18,1.333333333,256.4291364,0,6,16,0,16,5,24,18,1.333333333,256.4291364,0,6,
/adult-learner/course-detail/NYP-ITDP04/diploma-in-infocomm-and-digital-media-it-network-and-system-administration-dinsa2,oh2025,16,0,16,10,38,29,1.310344828,286.0471666,0,10,16,0,16,10,38,29,1.310344828,286.0471666,0,10,
/adult-learner/course-detail/NYP-ITSP09/specialist-diploma-in-business-and-big-data-analytics,(not set),16,0,15,12,21,24,0.875,134.2371682,0.208333333,15,16,0,15,12,21,24,0.875,134.2371682,0.208333333,15,
/adult-learner/course-detail/NYP-SI4024_027/insights-to-social-and-influencer-marketing,(direct),16,2,16,0,16,16,1,2.835888875,0.0625,3,16,2,16,0,16,16,1,2.835888875,0.0625,3,
/adult-learner/course-detail/NYP-SI4024_035/mastering-the-art-of-making-a-powerful-sales-pitch-classroom-facilitated,(direct),16,3,16,0,16,17,0.941176471,8.805319294,0.117647059,2,16,3,16,0,16,17,0.941176471,8.805319294,0.117647059,2,
/adult-learner/course-detail/NYP-SI4024_038/mastering-the-art-of-making-a-powerful-sales-pitch-classroom-facilitated-asynchronous-e-learning,(organic),16,0,16,8,18,18,1,65.73908478,0.055555556,4,16,0,16,8,18,18,1,65.73908478,0.055555556,4,
/adult-learner/course-detail/NYP-SI4024_042/sustainability-everyday-grow-green-and-learn-mobile-photography-with-ecommerce-tips-classroom-facilitated-asynchronous-e-learning,cet-q1-2025,16,0,16,3,17,17,1,112.947152,0,4,16,0,16,3,17,17,1,112.947152,0,4,
/adult-learner/course-detail/NYP-SI4025_018/social-and-influencer-marketing-drive-conversions-and-optimise-returns-classroom-facilitated,(organic),16,0,16,8,33,28,1.178571429,140.0989756,0.285714286,14,16,0,16,8,33,28,1.178571429,140.0989756,0.285714286,14,
/adult-learner/course-detail/NYP-SI4047_001/boost-your-business-with-social-commerce-part-1,(direct),16,2,16,0,16,17,0.941176471,1.250122118,0.117647059,6,16,2,16,0,16,17,0.941176471,1.250122118,0.117647059,6,
/adult-learner/course-detail/NYP-SI7025_014/sf-series-personal-online-branding-classroom-facilitated,(organic),16,1,16,6,22,16,1.375,196.1027164,0,3,16,1,16,6,22,16,1.375,196.1027164,0,3,
/adult-learner/course-detail/NYP-SI7026_003/tapping-into-the-power-of-instagram-for-selling-classroom-facilitated,cet-q1-2025,16,0,16,3,19,17,1.117647059,51.59750976,0.058823529,9,16,0,16,3,19,17,1.117647059,51.59750976,0.058823529,9,
/adult-learner/course-detail/NYP-WSCV02_008/chocolate-bliss,cet-q1-2025,16,0,16,2,18,17,1.058823529,95.49215341,0.058823529,4,16,0,16,2,18,17,1.058823529,95.49215341,0.058823529,4,
/adult-learner/course-detail/NYP-WSQV01_001/service-excellence-sf-associate,(direct),16,0,16,4,17,17,1,5.468163059,0,3,16,0,16,4,17,17,1,5.468163059,0,3,
/adult-learner/course-types/post-diploma-programmes,2024S2-sbm-acet,16,0,16,8,28,19,1.473684211,48.53222842,0,6,16,0,16,8,28,19,1.473684211,48.53222842,0,6,
/adult-learner/course-types/post-diploma-programmes/engineering,oh2025,16,0,16,4,16,16,1,65.03687169,0.0625,8,16,0,16,4,16,16,1,65.03687169,0.0625,8,
/adult-learner/course-types/recommended/applied-science,(referral),16,12,16,2,36,30,1.2,241.9603139,0.133333333,23,16,12,16,2,36,30,1.2,241.9603139,0.133333333,23,
/adult-learner/funding/financial-matters-assistance,(not set),16,1,13,11,27,24,1.125,236.080143,0.291666667,17,16,1,13,11,27,24,1.125,236.080143,0.291666667,17,
/adult-learner/skillsfuture-level-up,OH25,16,0,16,15,21,19,1.105263158,33.11289858,0.052631579,2,16,0,16,15,21,19,1.105263158,33.11289858,0.052631579,2,
/adult-learner/course-detail/NYP-CB1277/introduction-to-the-coffee-business,(referral),15,14,15,4,21,21,1,237.3702712,0.333333333,16,15,14,15,4,21,21,1,237.3702712,0.333333333,16,
/adult-learner/course-detail/NYP-CB1571/how-to-build-a-profit-driven-business,(organic),15,4,15,6,18,18,1,70.57622172,0.166666667,9,15,4,15,6,18,18,1,70.57622172,0.166666667,9,
/adult-learner/course-detail/NYP-CB231023/sustainability-in-sourcing-and-procurement-strategies,(referral),15,4,15,7,21,19,1.105263158,253.0263943,0.052631579,11,15,4,15,7,21,19,1.105263158,253.0263943,0.052631579,11,
/adult-learner/course-detail/NYP-CB231024/warehouse-and-inventory-management,(referral),15,6,15,4,16,18,0.888888889,70.08511028,0.222222222,9,15,6,15,4,16,18,0.888888889,70.08511028,0.222222222,9,
/adult-learner/course-detail/NYP-CE1305/hands-on-3d-printing-and-modelling,(referral),15,13,15,1,111,108,1.027777778,487.6399701,0.842592593,105,15,13,15,1,111,108,1.027777778,487.6399701,0.842592593,105,
/adult-learner/course-detail/NYP-CE1354/electric-vehicle-and-charging-system-classroom-and-synchronous-elearning,cet-q1-2025,15,0,15,5,17,16,1.0625,41.2840285,0,4,15,0,15,5,17,16,1.0625,41.2840285,0,4,
/adult-learner/course-detail/NYP-CE1535/build-mobile-apps-with-no-code-platform,(referral),15,14,15,2,17,16,1.0625,85.63615663,0.125,14,15,14,15,2,17,16,1.0625,85.63615663,0.125,14,
/adult-learner/course-detail/NYP-CE241004/open-sound-control-based-synchronization-of-immersive-audio-systems,(organic),15,3,15,3,15,15,1,47.35471147,0,5,15,3,15,3,15,15,1,47.35471147,0,5,
/adult-learner/course-detail/NYP-CE241004/open-sound-control-based-synchronization-of-immersive-audio-systems,cet-q1-2025#personal-development,15,0,15,2,15,15,1,19.82417007,0,3,15,0,15,2,15,15,1,19.82417007,0,3,
/adult-learner/course-detail/NYP-CH231004/leading-self-in-organisations,(organic),15,3,15,7,19,17,1.117647059,135.1167516,0.058823529,8,15,3,15,7,19,17,1.117647059,135.1167516,0.058823529,8,
/adult-learner/course-detail/NYP-CI1081/data-analytics-for-workplace,(referral),15,7,15,3,16,17,0.941176471,258.4368242,0.117647059,10,15,7,15,3,16,17,0.941176471,258.4368242,0.117647059,10,
/adult-learner/course-detail/NYP-CI1276/app-development-with-swift,(direct),15,6,15,7,33,29,1.137931034,247.4392272,0.275862069,16,15,6,15,7,33,29,1.137931034,247.4392272,0.275862069,16,
/adult-learner/course-detail/NYP-CL0524/the-science-of-aging-gracefully-diet-exercise-and-skin-care,(organic),15,0,15,7,18,17,1.058823529,30.63887682,0,2,15,0,15,7,18,17,1.058823529,30.63887682,0,2,
/adult-learner/course-detail/NYP-CX1497/blender-for-beginners,cet-q1-2025,15,0,15,3,15,15,1,98.04775727,0,2,15,0,15,3,15,15,1,98.04775727,0,2,
/adult-learner/course-detail/NYP-CX245004/digital-content-and-visual-design-with-generative-ai,(organic),15,0,15,6,17,16,1.0625,36.81373425,0,1,15,0,15,6,17,16,1.0625,36.81373425,0,1,
/adult-learner/course-detail/NYP-EG107W/apply-computer-aided-design-cad-techniques,cet-q1-2025,15,0,15,3,18,15,1.2,64.6220144,0,5,15,0,15,3,18,15,1.2,64.6220144,0,5,
/adult-learner/course-detail/NYP-EG902W/apply-computer-aided-design-cad-techniques-for-additive-manufacturing-pe-sf,(organic),15,9,15,4,27,23,1.173913043,75.66953813,0.347826087,16,15,9,15,4,27,23,1.173913043,75.66953813,0.347826087,16,
/adult-learner/course-detail/NYP-EGSP14/specialist-diploma-in-edge-intelligence-and-embedded-systems,cet-q1-2025,15,0,15,5,21,18,1.166666667,156.5017833,0,6,15,0,15,5,21,18,1.166666667,156.5017833,0,6,
/adult-learner/course-detail/NYP-HSAF42/advanced-diploma-in-nursing-medical-surgical-adms1,(not set),15,3,15,6,16,16,1,46.17626131,0.125,5,15,3,15,6,16,16,1,46.17626131,0.125,5,
/adult-learner/course-detail/NYP-JC1A21/coaching-for-the-workplace,cet-q1-2025,15,0,15,4,16,15,1.066666667,44.3762422,0,6,15,0,15,4,16,15,1.066666667,44.3762422,0,6,
/adult-learner/course-detail/NYP-NYP-CB1264/advanced-hr-analytics-using-data-modelling-to-improve-human-capital-performance,(direct),15,5,15,4,15,16,0.9375,72.6317655,0.125,7,15,5,15,4,15,16,0.9375,72.6317655,0.125,7,
/adult-learner/course-detail/NYP-SI4025_017/digital-entrepreneurship-in-the-era-of-cross-border-e-commerce-mastering-selling-strategies-on-amazoncom-classroom-facilitated,(organic),15,4,15,6,29,25,1.16,78.31070672,0.16,16,15,4,15,6,29,25,1.16,78.31070672,0.16,16,
/adult-learner/course-detail/NYP-SI4025_019/live-streaming-boost-your-e-commerce-sales-classroom-facilitated-asynchronous-e-learning,(direct),15,1,15,4,21,20,1.05,14.20587375,0.1,7,15,1,15,4,21,20,1.05,14.20587375,0.1,7,
/adult-learner/course-detail/NYP-SI4064_003/level-up-customer-engagement-through-live-streaming,(direct),15,4,15,1,16,16,1,1.550007125,0,1,15,4,15,1,16,16,1,1.550007125,0,1,
/adult-learner/course-detail/NYP-SI7026_002/basics-in-content-generation-classroom-facilitated,cet-q1-2025,15,0,15,2,18,17,1.058823529,31.16846253,0,3,15,0,15,2,18,17,1.058823529,31.16846253,0,3,
/adult-learner/course-detail/NYP-SI8038_001/ang-ku-kueh-delights,(organic),15,2,15,5,18,16,1.125,193.0793732,0,3,15,2,15,5,18,16,1.125,193.0793732,0,3,
/adult-learner/course-detail/NYP-SI8043_001/wagashi,(organic),15,0,15,4,17,15,1.133333333,98.31301213,0,2,15,0,15,4,17,15,1.133333333,98.31301213,0,2,
/adult-learner/course-detail/NYP-WSCC10_019/food-safety-course-level-1,(organic),15,2,15,4,19,16,1.1875,72.76190725,0,7,15,2,15,4,19,16,1.1875,72.76190725,0,7,
/adult-learner/course-detail/NYP-WSCV01_007/prepare-noodle-dishes,(organic),15,0,15,6,17,16,1.0625,74.83092275,0.0625,3,15,0,15,6,17,16,1.0625,74.83092275,0.0625,3,
/adult-learner/course-detail/NYP-WSQD02_065/social-media-marketing-sf-manager,(organic),15,7,14,3,16,15,1.066666667,194.3804091,0.133333333,12,15,7,14,3,16,15,1.066666667,194.3804091,0.133333333,12,
/adult-learner/skillsfuture-credit,OH25,15,1,13,11,23,17,1.352941176,31.06981135,0.176470588,7,15,1,13,11,23,17,1.352941176,31.06981135,0.176470588,7,
/adult-learner/course-detail/NYP-BMDP06/diploma-in-business-practice-supply-chain-management,oh2025,14,0,14,7,20,18,1.111111111,108.4056968,0.111111111,11,14,0,14,7,20,18,1.111111111,108.4056968,0.111111111,11,
/adult-learner/course-detail/NYP-CB1033/digital-marketing-for-hospitality-management-a-practical-approach,(organic),14,7,14,3,14,15,0.933333333,18.99444353,0.133333333,6,14,7,14,3,14,15,0.933333333,18.99444353,0.133333333,6,
/adult-learner/course-detail/NYP-CB1038/machine-learning-in-finance,(organic),14,3,14,4,16,16,1,152.8539854,0.0625,7,14,3,14,4,16,16,1,152.8539854,0.0625,7,
/adult-learner/course-detail/NYP-CB1310/digital-video-production,cet-q1-2025,14,0,14,6,17,17,1,135.6479469,0.058823529,10,14,0,14,6,17,17,1,135.6479469,0.058823529,10,
/adult-learner/course-detail/NYP-CB1334/digital-marketing,cet-q1-2025,14,0,14,7,15,15,1,74.09749993,0.066666667,4,14,0,14,7,15,15,1,74.09749993,0.066666667,4,
/adult-learner/course-detail/NYP-CB1570/how-to-create-a-unique-business,(organic),14,3,14,5,17,16,1.0625,109.6574226,0.125,8,14,3,14,5,17,16,1.0625,109.6574226,0.125,8,
/adult-learner/course-detail/NYP-CB241011/sustainability-at-our-core-uncovering-esg-investing,cet-q1-2025,14,0,14,2,15,14,1.071428571,28.60081071,0,3,14,0,14,2,15,14,1.071428571,28.60081071,0,3,
/adult-learner/course-detail/NYP-CE1535/build-mobile-apps-with-no-code-platform,(organic),14,6,14,5,14,14,1,226.5579376,0.142857143,9,14,6,14,5,14,14,1,226.5579376,0.142857143,9,
/adult-learner/course-detail/NYP-CE231016/9-day-precision-engineering-assessment-and-reskilling-lab-pearl-basic-metrology-and-interpretation-of-drawing,(organic),14,7,13,4,17,16,1.0625,32.17828863,0.1875,10,14,7,13,4,17,16,1.0625,32.17828863,0.1875,10,
/adult-learner/course-detail/NYP-CH0529/living-well-designing-an-elderly-and-dementia-inclusive-smart-environment,cet-q1-2025,14,0,14,3,14,14,1,30.675406,0,4,14,0,14,3,14,14,1,30.675406,0,4,
/adult-learner/course-detail/NYP-CI241004/project-management-professional-synchronous-e-learning,cet-q1-2025,14,0,14,3,20,21,0.952380952,101.0124365,0.095238095,9,14,0,14,3,20,21,0.952380952,101.0124365,0.095238095,9,
/adult-learner/course-detail/NYP-CI5834/data-analytics-workshop,(organic),14,5,14,2,18,14,1.285714286,87.31371893,0.071428571,4,14,5,14,2,18,14,1.285714286,87.31371893,0.071428571,4,
/adult-learner/course-detail/NYP-CL1300/understanding-the-immune-system-and-how-medication-interacts-with-it-synchronous-elearning,cet-q1-2025,14,0,14,3,14,15,0.933333333,124.1724269,0.066666667,6,14,0,14,3,14,15,0.933333333,124.1724269,0.066666667,6,
/adult-learner/course-detail/NYP-CL240005/food-safety-and-cold-chain-management,(referral),14,14,14,0,14,14,1,17.84553479,0.214285714,14,14,14,14,0,14,14,1,17.84553479,0.214285714,14,
/adult-learner/course-detail/NYP-CL240007/science-behind-sourdough-bread,cet-q1-2025,14,0,14,4,14,15,0.933333333,16.66949193,0.066666667,5,14,0,14,4,14,15,0.933333333,16.66949193,0.066666667,5,
/adult-learner/course-detail/NYP-CX1287/harnessing-design-thinking-for-innovation,cet-q1-2025#digital-marketing,14,0,14,3,15,15,1,19.9179242,0,4,14,0,14,3,15,15,1,19.9179242,0,4,
/adult-learner/course-detail/NYP-CX1306/video-editing-made-easy-with-smartphone,cet-q1-2025,14,0,14,2,16,14,1.142857143,55.70149907,0,5,14,0,14,2,16,14,1.142857143,55.70149907,0,5,
/adult-learner/course-detail/NYP-DXSP03/specialist-diploma-in-service-experience-design-and-innovation,(not set),14,7,14,2,22,17,1.294117647,167.2092153,0.294117647,9,14,7,14,2,22,17,1.294117647,167.2092153,0.294117647,9,
/adult-learner/course-detail/NYP-DXSP04/specialist-diploma-in-augmented-reality-and-virtual-reality,(not set),14,11,14,2,17,16,1.0625,59.85210456,0.4375,13,14,11,14,2,17,16,1.0625,59.85210456,0.4375,13,
/adult-learner/course-detail/NYP-EG901W/apply-additive-manufacturing-technology-pe-sf,(organic),14,4,14,5,16,14,1.142857143,31.62184986,0.285714286,8,14,4,14,5,16,14,1.142857143,31.62184986,0.285714286,8,
/adult-learner/course-detail/NYP-EGDP04/diploma-in-engineering-aerospace-manufacturing,(referral),14,0,14,5,20,17,1.176470588,61.55792624,0.058823529,5,14,0,14,5,20,17,1.176470588,61.55792624,0.058823529,5,
/adult-learner/course-detail/NYP-EGSP21/specialist-diploma-in-carbon-management-for-sustainability-reporting,(referral),14,8,14,9,35,30,1.166666667,212.9803224,0.2,17,14,8,14,9,35,30,1.166666667,212.9803224,0.2,17,
/adult-learner/course-detail/NYP-EGSPA4/post-diploma-certificate-in-sustainability-reporting-and-esg-data-management-part-of-specialist-diploma-in-carbon-management-for-sustainability-reporting,(not set),14,0,14,6,20,16,1.25,80.53080356,0,6,14,0,14,6,20,16,1.25,80.53080356,0,6,
/adult-learner/course-detail/NYP-HSDP01/diploma-in-health-sciences-paramedicine,2024S2-sbm-acet,14,0,14,6,18,16,1.125,54.62940938,0.0625,6,14,0,14,6,18,16,1.125,54.62940938,0.0625,6,
/adult-learner/course-detail/NYP-ITDP04/diploma-in-infocomm-and-digital-media-it-network-and-system-administration-dinsa2,2025S1-sbm-acet,14,1,14,6,17,16,1.0625,74.92508831,0,11,14,1,14,6,17,16,1.0625,74.92508831,0,11,
/adult-learner/course-detail/NYP-ITSP11/specialist-diploma-in-agile-solutioning-and-devsecops,(not set),14,0,14,6,20,19,1.052631579,121.4374557,0.157894737,10,14,0,14,6,20,19,1.052631579,121.4374557,0.157894737,10,
/adult-learner/course-detail/NYP-ITSP12/specialist-diploma-in-applied-artificial-intelligence-pcm,(referral),14,5,14,6,23,22,1.045454545,361.9183799,0.136363636,12,14,5,14,6,23,22,1.045454545,361.9183799,0.136363636,12,
/adult-learner/course-detail/NYP-ITSPA1/post-diploma-certificate-in-business-analytics-part-of-specialist-diploma-in-business-and-big-data-analytics,(referral),14,4,14,9,15,16,0.9375,73.870258,0.0625,7,14,4,14,9,15,16,0.9375,73.870258,0.0625,7,
/adult-learner/course-detail/NYP-JC1A20/mentoring-for-the-workplace,cet-q1-2025#personal-development,14,0,14,2,24,18,1.333333333,47.74688633,0.111111111,5,14,0,14,2,24,18,1.333333333,47.74688633,0.111111111,5,
/adult-learner/course-detail/NYP-SI4024_040/ecommerce-sell-on-carousell-classroom-facilitated-asynchronous-e-learning,(organic),14,0,14,8,15,16,0.9375,112.2078284,0.0625,6,14,0,14,8,15,16,0.9375,112.2078284,0.0625,6,
/adult-learner/course-detail/NYP-SI4024_043/sustainability-everyday-reuse-reduce-and-recycle-plus-learn-mobile-photography-with-ecommerce-tips-classroom-facilitated-asynchronous-e-learning,(direct),14,6,14,2,14,14,1,10.09347579,0,4,14,6,14,2,14,14,1,10.09347579,0,4,
/adult-learner/course-detail/NYP-SI4025_018/social-and-influencer-marketing-drive-conversions-and-optimise-returns-classroom-facilitated,cet-q1-2025,14,0,14,4,14,14,1,13.53874721,0,2,14,0,14,4,14,14,1,13.53874721,0,2,
/adult-learner/course-detail/NYP-SI4047_003/social-commerce-boost-awareness-and-engagement-to-drive-your-business-growth-part-1-classroom-facilitated-practical-training-asynchronous-e-learning,(organic),14,0,14,7,18,17,1.058823529,76.957872,0,2,14,0,14,7,18,17,1.058823529,76.957872,0,2,
/adult-learner/course-detail/NYP-WSCP31_001/food-safety-course-level-4,(organic),14,9,14,6,17,16,1.0625,7.5547295,0.375,10,14,9,14,6,17,16,1.0625,7.5547295,0.375,10,
/adult-learner/course-detail/NYP-WSCV01_015/savoury-vietnamese-delights,(organic),14,1,14,5,15,14,1.071428571,49.996737,0,1,14,1,14,5,15,14,1.071428571,49.996737,0,1,
/adult-learner/course-detail/NYP-WSCV02_007/macaron,(organic),14,2,13,4,15,14,1.071428571,20.04937321,0.214285714,8,14,2,13,4,15,14,1.071428571,20.04937321,0.214285714,8,
/adult-learner/course-detail/NYP-WSCV02_007/macaron,cet-q1-2025,14,0,14,3,15,14,1.071428571,46.09397643,0,2,14,0,14,3,15,14,1.071428571,46.09397643,0,2,
/adult-learner/course-detail/NYP-WSQC06_001/pwm-retail-customer-experience-management-sf-senior-associate-classroom-facilitated,cet-q1-2025,14,0,14,5,20,16,1.25,53.11294844,0.125,4,14,0,14,5,20,16,1.25,53.11294844,0.125,4,
/adult-learner/course-detail/NYP-WSQV01_001/service-excellence-sf-associate,cet-q1-2025,14,0,14,2,15,14,1.071428571,87.34804057,0,4,14,0,14,2,15,14,1.071428571,87.34804057,0,4,
/adult-learner/course-types/brown-bag-learning,(organic),14,1,14,4,17,15,1.133333333,510.256769,0.066666667,4,14,1,14,4,17,15,1.133333333,510.256769,0.066666667,4,
/adult-learner/find-a-course,1.20218E+17,14,0,14,2,33,14,2.357142857,67.85941793,0.071428571,5,14,0,14,2,33,14,2.357142857,67.85941793,0.071428571,5,
/adult-learner/funding/incentives,2025S1-sbm-acet,14,0,14,4,15,15,1,49.13947753,0.066666667,4,14,0,14,4,15,15,1,49.13947753,0.066666667,4,
/adult-learner/course-detail/NYP-BMDP07/diploma-in-business-practice-hospitality-and-tourism-management,(not set),13,0,13,4,15,15,1,180.1808517,0,5,13,0,13,4,15,15,1,180.1808517,0,5,
/adult-learner/course-detail/NYP-BMDP07/diploma-in-business-practice-hospitality-and-tourism-management,oh2025,13,0,13,6,18,16,1.125,160.2988365,0,12,13,0,13,6,18,16,1.125,160.2988365,0,12,
/adult-learner/course-detail/NYP-CB0408/growing-wealth,(organic),13,0,13,4,13,14,0.928571429,126.6645766,0,0,13,0,13,4,13,14,0.928571429,126.6645766,0,0,
/adult-learner/course-detail/NYP-CB1525/how-marketers-can-win-with-gen-z,2025S1-sbm-acet,13,0,13,1,13,14,0.928571429,11.10048214,0,7,13,0,13,1,13,14,0.928571429,11.10048214,0,7,
/adult-learner/course-detail/NYP-CB231018/the-economics-of-supply-management-in-the-sharing-economy-synchronous-elearning,(organic),13,6,13,5,15,14,1.071428571,42.95621336,0.285714286,10,13,6,13,5,15,14,1.071428571,42.95621336,0.285714286,10,
/adult-learner/course-detail/NYP-CE1142/digital-world-of-3d-printing,(organic),13,9,13,1,13,13,1,111.9301542,0.153846154,9,13,9,13,1,13,13,1,111.9301542,0.153846154,9,
/adult-learner/course-detail/NYP-CE231001/building-artificial-intelligence-ai-applications-from-end-to-end-classroom-and-synchronous-e-learning,cet-q1-2025#cybersecurity,13,0,13,5,14,14,1,26.37441629,0,2,13,0,13,5,14,14,1,26.37441629,0,2,
/adult-learner/course-detail/NYP-CE231002/sustainability-101-for-the-green-economy,(referral),13,9,13,4,14,17,0.823529412,31.277184,0.235294118,9,13,9,13,4,14,17,0.823529412,31.277184,0.235294118,9,
/adult-learner/course-detail/NYP-CE241002/microsoft-excel-for-workplace,(referral),13,11,13,2,17,15,1.133333333,73.56136507,0,13,13,11,13,2,17,15,1.133333333,73.56136507,0,13,
/adult-learner/course-detail/NYP-CE241002/microsoft-excel-for-workplace,cet-q1-2025#personal-development,13,0,13,1,16,13,1.230769231,20.24548154,0,4,13,0,13,1,16,13,1.230769231,20.24548154,0,4,
/adult-learner/course-detail/NYP-CE246001/ai-roadmapping-for-companies-and-enterprises,cet-q1-2025,13,0,13,1,14,13,1.076923077,20.29987223,0,3,13,0,13,1,14,13,1.076923077,20.29987223,0,3,
/adult-learner/course-detail/NYP-CH231004/leading-self-in-organisations,cet-q1-2025,13,0,13,3,13,13,1,21.81237146,0,1,13,0,13,3,13,13,1,21.81237146,0,1,
/adult-learner/course-detail/NYP-CH231004/leading-self-in-organisations,cet-q1-2025#personal-development,13,0,13,3,15,13,1.153846154,26.14805808,0,4,13,0,13,3,15,13,1.153846154,26.14805808,0,4,
/adult-learner/course-detail/NYP-CI1368/data-science-for-power-users,(direct),13,1,13,6,19,18,1.055555556,281.0507094,0.055555556,7,13,1,13,6,19,18,1.055555556,281.0507094,0.055555556,7,
/adult-learner/course-detail/NYP-CI231001/the-international-council-of-e-commerce-consultants-ec-council-certified-threat-intelligence-analyst-ctia,(referral),13,12,13,2,16,15,1.066666667,43.50891607,0.333333333,13,13,12,13,2,16,15,1.066666667,43.50891607,0.333333333,13,
/adult-learner/course-detail/NYP-CI241001/applied-generative-artificial-intelligence-real-world-project-development,(referral),13,4,13,6,17,18,0.944444444,153.1827728,0.111111111,10,13,4,13,6,17,18,0.944444444,153.1827728,0.111111111,10,
/adult-learner/course-detail/NYP-CI241004/project-management-professional-synchronous-e-learning,(referral),13,5,12,6,19,22,0.863636364,82.06458045,0.454545455,13,13,5,12,6,19,22,0.863636364,82.06458045,0.454545455,13,
/adult-learner/course-detail/NYP-CL1249/good-manufacturing-practices-gmp-what-you-need-to-know,cet-q1-2025,13,0,13,5,13,14,0.928571429,46.34120086,0.071428571,5,13,0,13,5,13,14,0.928571429,46.34120086,0.071428571,5,
/adult-learner/course-detail/NYP-CL240005/food-safety-and-cold-chain-management,cet-q1-2025,13,0,13,8,17,14,1.214285714,194.8170539,0.142857143,9,13,0,13,8,17,14,1.214285714,194.8170539,0.142857143,9,
/adult-learner/course-detail/NYP-CL241001/reducing-ghg-emissions-through-energy-management-and-audit,cet-q1-2025#sustainability,13,0,13,3,14,14,1,55.873266,0.071428571,7,13,0,13,3,14,14,1,55.873266,0.071428571,7,
/adult-learner/course-detail/NYP-CX2006/empathy-driven-customer-experience,(direct),13,4,13,5,23,21,1.095238095,118.0779358,0.380952381,11,13,4,13,5,23,21,1.095238095,118.0779358,0.380952381,11,
/adult-learner/course-detail/NYP-CX241002/user-experience-for-everyone,(organic),13,0,13,5,18,14,1.285714286,46.92885264,0.071428571,7,13,0,13,5,18,14,1.285714286,46.92885264,0.071428571,7,
/adult-learner/course-detail/NYP-CX241003/storytelling-using-generative-artificial-intelligence,(not set),13,0,13,8,17,19,0.894736842,132.7705913,0.105263158,5,13,0,13,8,17,19,0.894736842,132.7705913,0.105263158,5,
/adult-learner/course-detail/NYP-DXSP01/specialist-diploma-in-smart-project-and-facilities-management,(not set),13,8,13,3,15,13,1.153846154,271.2175849,0.230769231,11,13,8,13,3,15,13,1.153846154,271.2175849,0.230769231,11,
/adult-learner/course-detail/NYP-DXSP03/specialist-diploma-in-service-experience-design-and-innovation,1.20218E+17,13,0,8,6,16,14,1.142857143,202.3162963,0.5,10,13,0,8,6,16,14,1.142857143,202.3162963,0.5,10,
/adult-learner/course-detail/NYP-DXSP06/specialist-diploma-in-digital-content-creation-for-e-commerce,1.20218E+17,13,0,9,6,15,14,1.071428571,112.075848,0.357142857,12,13,0,9,6,15,14,1.071428571,112.075848,0.357142857,12,
/adult-learner/course-detail/NYP-DXSP07/specialist-diploma-in-user-experience-design-and-management,1.20218E+17,13,1,9,8,27,21,1.285714286,73.91402743,0.333333333,21,13,1,9,8,27,21,1.285714286,73.91402743,0.333333333,21,
/adult-learner/course-detail/NYP-EG107W/apply-computer-aided-design-cad-techniques,(direct),13,2,13,8,15,15,1,52.69460973,0.133333333,3,13,2,13,8,15,15,1,52.69460973,0.133333333,3,
/adult-learner/course-detail/NYP-EG122W/apply-advanced-cnc-machining,(direct),13,3,13,6,17,19,0.894736842,42.61762126,0.263157895,11,13,3,13,6,17,19,0.894736842,42.61762126,0.263157895,11,
/adult-learner/course-detail/NYP-EGDP07/diploma-in-engineering-public-transport-operations,oh2025,13,0,13,6,15,14,1.071428571,71.59347564,0.071428571,6,13,0,13,6,15,14,1.071428571,71.59347564,0.071428571,6,
/adult-learner/course-detail/NYP-HSAF47/advanced-diploma-in-nursing-oncology-adoc1,cet-q1-2025,13,0,13,3,15,14,1.071428571,62.3814995,0,6,13,0,13,3,15,14,1.071428571,62.3814995,0,6,
/adult-learner/course-detail/NYP-HSAF52/advanced-diploma-in-nursing-perioperative-adpo1,cet-q1-2025,13,0,13,2,18,13,1.384615385,123.3136072,0,8,13,0,13,2,18,13,1.384615385,123.3136072,0,8,
/adult-learner/course-detail/NYP-ITLP01/work-study-certificate-leading-to-diploma-in-infocomm-and-digital-media-it-network-and-system-administration-dinsa2,(referral),13,1,13,8,23,18,1.277777778,48.47646389,0.055555556,6,13,1,13,8,23,18,1.277777778,48.47646389,0.055555556,6,
/adult-learner/course-detail/NYP-ITSP12/specialist-diploma-in-applied-artificial-intelligence,(referral),13,3,13,6,21,16,1.3125,221.7208643,0.1875,11,13,3,13,6,21,16,1.3125,221.7208643,0.1875,11,
/adult-learner/course-detail/NYP-JC1A31/assessing-and-reviewing-workplace-learning,cet-q1-2025,13,0,13,1,14,13,1.076923077,36.99983715,0,3,13,0,13,1,14,13,1.076923077,36.99983715,0,3,
/adult-learner/course-detail/NYP-SI4025_009/start-your-business-at-no-cost-using-affiliate-marketing-classroom-facilitated-asynchronous-e-learning,(organic),13,10,12,1,16,15,1.066666667,76.04066307,0.4,10,13,10,12,1,16,15,1.066666667,76.04066307,0.4,10,
/adult-learner/course-detail/NYP-SI7025_011/engage-customers-through-social-media-classroom-facilitated,cet-q1-2025,13,0,13,6,15,15,1,13.708415,0.066666667,6,13,0,13,6,15,15,1,13.708415,0.066666667,6,
/adult-learner/course-detail/NYP-SI7025_014/sf-series-personal-online-branding-classroom-facilitated,cet-q1-2025#digital-marketing,13,0,13,4,14,13,1.076923077,50.29898069,0.076923077,5,13,0,13,4,14,13,1.076923077,50.29898069,0.076923077,5,
/adult-learner/course-detail/NYP-SI7071_002/sf-series-personal-online-branding-classroom-facilitated,(organic),13,0,13,5,13,14,0.928571429,30.47131114,0.071428571,2,13,0,13,5,13,14,0.928571429,30.47131114,0.071428571,2,
/adult-learner/course-detail/NYP-SI7073_005/generative-ai-smarter-faster-easier-content-creation-on-designsai-classroom-facilitated,(not set),13,0,13,3,24,20,1.2,218.047587,0.15,6,13,0,13,3,24,20,1.2,218.047587,0.15,6,
/adult-learner/course-detail/NYP-SI8040_001/introduction-to-sake,cet-q1-2025,13,0,13,1,18,14,1.285714286,93.53038457,0.071428571,6,13,0,13,1,18,14,1.285714286,93.53038457,0.071428571,6,
/adult-learner/course-detail/NYP-WSCP32_008/food-safety-course-level-1,(referral),13,12,13,3,17,15,1.133333333,172.5421063,0,13,13,12,13,3,17,15,1.133333333,172.5421063,0,13,
/adult-learner/course-detail/NYP-WSCP49_002/pwm-food-services-fabrication-of-meat-and-poultry,(direct),13,2,13,1,14,13,1.076923077,4.056637077,0.076923077,2,13,2,13,1,14,13,1.076923077,4.056637077,0.076923077,2,
/adult-learner/course-detail/NYP-WSCP49_003/fabrication-of-meat-and-poultry-part-of-sctp,(direct),13,1,13,2,14,13,1.076923077,4.263636308,0,3,13,1,13,2,14,13,1.076923077,4.263636308,0,3,
/adult-learner/course-detail/NYP-WSCV01_005/advanced-cantonese-cuisine,(organic),13,0,13,6,15,16,0.9375,62.19078363,0.0625,3,13,0,13,6,15,16,0.9375,62.19078363,0.0625,3,
/adult-learner/course-detail/NYP-WSCV01_005/advanced-cantonese-cuisine,cet-q1-2025,13,0,13,4,19,18,1.055555556,48.54994694,0.055555556,4,13,0,13,4,19,18,1.055555556,48.54994694,0.055555556,4,
/adult-learner/course-detail/NYP-WSCV01_008/hawker-noodle-dishes,cet-q1-2025#personal-development,13,0,13,2,14,13,1.076923077,33.22275246,0,7,13,0,13,2,14,13,1.076923077,33.22275246,0,7,
/adult-learner/course-detail/NYP-WSCV01_013/sedaplicious-indonesian-flavours,(organic),13,0,13,6,16,16,1,46.1225375,0,3,13,0,13,6,16,16,1,46.1225375,0,3,
/adult-learner/course-types/career-transition-conversion-programmes,oh2025,13,0,13,11,31,18,1.722222222,186.0194314,0.111111111,3,13,0,13,11,31,18,1.722222222,186.0194314,0.111111111,3,
/adult-learner/course-types/post-diploma-programmes/business-management,oh2025,13,0,13,7,14,13,1.076923077,206.7868222,0,3,13,0,13,7,14,13,1.076923077,206.7868222,0,3,
/adult-learner/course-types/post-diploma-programmes/engineering,2025S1-sbm-acet,13,0,13,4,15,13,1.153846154,157.9479943,0,1,13,0,13,4,15,13,1.153846154,157.9479943,0,1,
/adult-learner/course-types/post-diploma-programmes/health-social-sciences,oh2025,13,0,13,2,16,13,1.230769231,45.06149177,0,0,13,0,13,2,16,13,1.230769231,45.06149177,0,0,
/adult-learner/course-types/post-diploma-programmes/information-technology,2025S1-sbm-acet,13,0,13,3,17,13,1.307692308,16.99492554,0,1,13,0,13,3,17,13,1.307692308,16.99492554,0,1,
/adult-learner/course-types/post-diploma-programmes/information-technology,oh2025,13,0,13,9,14,16,0.875,68.75444638,0.125,3,13,0,13,9,14,16,0.875,68.75444638,0.125,3,
/adult-learner,cet-q1-2025#personal-development,12,0,12,5,20,14,1.428571429,118.9236006,0.071428571,5,12,0,12,5,20,14,1.428571429,118.9236006,0.071428571,5,
/adult-learner/course-detail/NYP-AS006Z/good-dispensing-practice-part-of-pdc2-of-advanced-diploma-in-pharmaceutical-sciences,cet-q1-2025,12,0,12,2,13,13,1,23.12212823,0,3,12,0,12,2,13,13,1,23.12212823,0,3,
/adult-learner/course-detail/NYP-AS007Z/drug-information-part-of-pdc2-of-advanced-diploma-in-pharmaceutical-sciences,(organic),12,0,12,7,13,14,0.928571429,11.87140407,0.142857143,1,12,0,12,7,13,14,0.928571429,11.87140407,0.142857143,1,
/adult-learner/course-detail/NYP-ASSPA1/post-diploma-certificate-in-nutrition-research-and-analytical-methods-part-of-specialist-diploma-in-nutrition-science,(direct),12,1,12,5,13,12,1.083333333,192.8552891,0,2,12,1,12,5,13,12,1.083333333,192.8552891,0,2,
/adult-learner/course-detail/NYP-ASSPA1/post-diploma-certificate-in-nutrition-research-and-analytical-methods-part-of-specialist-diploma-in-nutrition-science,cet-q1-2025,12,0,12,3,13,13,1,44.35745931,0.076923077,5,12,0,12,3,13,13,1,44.35745931,0.076923077,5,
/adult-learner/course-detail/NYP-CB0408/growing-wealth,cet-q1-2025,12,0,12,3,12,13,0.923076923,30.04852592,0.076923077,0,12,0,12,3,12,13,0.923076923,30.04852592,0.076923077,0,
/adult-learner/course-detail/NYP-CB1003/engaging-fandb-customers-on-social-media,2025S1-sbm-acet,12,0,12,3,15,14,1.071428571,18.07268564,0.142857143,10,12,0,12,3,15,14,1.071428571,18.07268564,0.142857143,10,
/adult-learner/course-detail/NYP-CB1277/introduction-to-the-coffee-business,cet-q1-2025,12,0,12,2,14,12,1.166666667,140.3313483,0,4,12,0,12,2,14,12,1.166666667,140.3313483,0,4,
/adult-learner/course-detail/NYP-CB2003/build-creative-winning-business-strategies,cet-q1-2025,12,0,12,4,14,14,1,149.4900034,0.071428571,3,12,0,12,4,14,14,1,149.4900034,0.071428571,3,
/adult-learner/course-detail/NYP-CB231010/1-day-hands-on-pay-per-click-search-advertising,cet-q1-2025,12,0,12,2,12,13,0.923076923,29.441554,0,2,12,0,12,2,12,13,0.923076923,29.441554,0,2,
/adult-learner/course-detail/NYP-CB231013/sustainability-at-our-core-equipping-you-to-drive-impact,cet-q1-2025,12,0,12,2,12,12,1,80.21082717,0,6,12,0,12,2,12,12,1,80.21082717,0,6,
/adult-learner/course-detail/NYP-CB231020/digital-marketing-strategy-and-campaign-development,(organic),12,0,12,2,23,14,1.642857143,87.04763664,0,5,12,0,12,2,23,14,1.642857143,87.04763664,0,5,
/adult-learner/course-detail/NYP-CE1283/data-analysis-with-python,(direct),12,4,12,6,19,15,1.266666667,81.6301636,0.266666667,8,12,4,12,6,19,15,1.266666667,81.6301636,0.266666667,8,
/adult-learner/course-detail/NYP-CE1305/hands-on-3d-printing-and-modelling,cet-q1-2025,12,0,12,2,13,12,1.083333333,16.672577,0,2,12,0,12,2,13,12,1.083333333,16.672577,0,2,
/adult-learner/course-detail/NYP-CE231001/building-artificial-intelligence-ai-applications-from-end-to-end-classroom-and-synchronous-e-learning,2025S1-sbm-acet,12,0,12,12,18,17,1.058823529,55.125207,0,5,12,0,12,12,18,17,1.058823529,55.125207,0,5,
/adult-learner/course-detail/NYP-CE231003/apply-generative-artificial-intelligence-for-your-industry,(referral),12,8,12,3,14,13,1.076923077,179.6010905,0.153846154,12,12,8,12,3,14,13,1.076923077,179.6010905,0.153846154,12,
/adult-learner/course-detail/NYP-CE231015/9-day-precision-engineering-assessment-and-reskilling-lab-pearl-cnc-turning,cet-q1-2025,12,0,12,2,12,12,1,33.32542817,0,2,12,0,12,2,12,12,1,33.32542817,0,2,
/adult-learner/course-detail/NYP-CL0443/eat-healthy-and-stay-beautiful-through-tcm-infused-diet,(referral),12,2,12,1,12,12,1,241.7813352,0,4,12,2,12,1,12,12,1,241.7813352,0,4,
/adult-learner/course-detail/NYP-CLSP05/specialist-diploma-in-energy-and-environmental-management-for-process-industry,(not set),12,1,12,7,21,22,0.954545455,147.3041961,0.136363636,13,12,1,12,7,21,22,0.954545455,147.3041961,0.136363636,13,
/adult-learner/course-detail/NYP-CX1107/aerial-drone-photography,cet-q1-2025,12,0,12,3,14,12,1.166666667,48.81910583,0,3,12,0,12,3,14,12,1.166666667,48.81910583,0,3,
/adult-learner/course-detail/NYP-DXSP04/specialist-diploma-in-augmented-reality-and-virtual-reality,1.20218E+17,12,0,7,6,16,14,1.142857143,234.1540468,0.428571429,14,12,0,7,6,16,14,1.142857143,234.1540468,0.428571429,14,
/adult-learner/course-detail/NYP-DXSP05/specialist-diploma-in-digital-media-production,cet-q1-2025#personal-development,12,0,6,4,15,14,1.071428571,25.19052293,0.428571429,11,12,0,6,4,15,14,1.071428571,25.19052293,0.428571429,11,
/adult-learner/course-detail/NYP-DXSP06/specialist-diploma-in-digital-content-creation-for-e-commerce,1.20218E+17,12,0,11,9,14,13,1.076923077,142.5586728,0.307692308,12,12,0,11,9,14,13,1.076923077,142.5586728,0.307692308,12,
/adult-learner/course-detail/NYP-DXSP06/specialist-diploma-in-digital-content-creation-for-e-commerce,cet-q1-2025#personal-development,12,0,5,4,14,14,1,11.40980821,0.571428571,11,12,0,5,4,14,14,1,11.40980821,0.571428571,11,
/adult-learner/course-detail/NYP-EG902W/apply-computer-aided-design-cad-techniques-for-additive-manufacturing-pe-sf,cet-q1-2025,12,0,12,5,13,12,1.083333333,30.3215515,0,4,12,0,12,5,13,12,1.083333333,30.3215515,0,4,
/adult-learner/course-detail/NYP-EGDP07/diploma-in-engineering-public-transport-operations,(not set),12,0,12,5,17,15,1.133333333,75.06986127,0,4,12,0,12,5,17,15,1.133333333,75.06986127,0,4,
/adult-learner/course-detail/NYP-EGSPA4/post-diploma-certificate-in-sustainability-reporting-and-esg-data-management-part-of-specialist-diploma-in-carbon-management-for-sustainability-reporting,(referral),12,2,12,6,15,16,0.9375,101.7182769,0.125,4,12,2,12,6,15,16,0.9375,101.7182769,0.125,4,
/adult-learner/course-detail/NYP-HSAF39/advanced-diploma-in-nursing-critical-care-adcc1,(not set),12,1,12,2,13,13,1,46.86578685,0.076923077,3,12,1,12,2,13,13,1,46.86578685,0.076923077,3,
/adult-learner/course-detail/NYP-ITLP01/work-study-certificate-leading-to-diploma-in-infocomm-and-digital-media-it-network-and-system-administration-dinsa2,(not set),12,1,12,5,16,13,1.230769231,60.57148323,0,8,12,1,12,5,16,13,1.230769231,60.57148323,0,8,
/adult-learner/course-detail/NYP-ITSP12/specialist-diploma-in-applied-artificial-intelligence,2025S1-sbm-acet,12,0,12,3,14,13,1.076923077,34.44235531,0,1,12,0,12,3,14,13,1.076923077,34.44235531,0,1,
/adult-learner/course-detail/NYP-ITSPA2/post-diploma-certificate-in-applied-data-science-part-of-specialist-diploma-in-business-and-big-data-analytics,(referral),12,1,12,6,14,14,1,144.326299,0,6,12,1,12,6,14,14,1,144.326299,0,6,
/adult-learner/course-detail/NYP-JC1A19/workplace-learning-blueprint-development,cet-q1-2025,12,0,12,3,15,13,1.153846154,47.3127,0,4,12,0,12,3,15,13,1.153846154,47.3127,0,4,
/adult-learner/course-detail/NYP-JC1A32/leading-the-future-of-workplace-learning-insights-from-the-national-workplace-learning-certification,cet-q1-2025,12,0,12,1,13,12,1.083333333,42.86462842,0,2,12,0,12,1,13,12,1.083333333,42.86462842,0,2,
/adult-learner/course-detail/NYP-SI4025_020/youtube-content-creation-develop-your-unique-brand-that-stands-out-and-drives-engagement-classroom-facilitated-asynchronous-e-learning,(organic),12,0,12,3,13,13,1,80.56413769,0.076923077,5,12,0,12,3,13,13,1,80.56413769,0.076923077,5,
/adult-learner/course-detail/NYP-SI4059_004/generative-ai-content-creation-workshop-super-sprint-sales-and-marketing-performance-practical-asynchronous-e-learning,(organic),12,0,12,4,15,13,1.153846154,73.09712838,0,3,12,0,12,4,15,13,1.153846154,73.09712838,0,3,
/adult-learner/course-detail/NYP-SI4069_002/digital-commerce-and-marketing-digital-transformation-of-your-business-to-maximise-success-classroom-facilitated-practical-training-asynchronous-e-learning,(organic),12,1,12,5,19,12,1.583333333,106.464664,0,3,12,1,12,5,19,12,1.583333333,106.464664,0,3,
/adult-learner/course-detail/NYP-SI7055_001/business-intelligence-to-improve-revenue,(organic),12,6,12,2,14,12,1.166666667,99.13389375,0.083333333,4,12,6,12,2,14,12,1.166666667,99.13389375,0.083333333,4,
/adult-learner/course-detail/NYP-SI8032_003/critical-thinking-and-problem-solving,(referral),12,9,12,3,13,13,1,296.584693,0.076923077,8,12,9,12,3,13,13,1,296.584693,0.076923077,8,
/adult-learner/course-detail/NYP-WSCV01_003/advanced-steamed-dim-sum,(organic),12,0,12,4,15,15,1,19.98561813,0.2,5,12,0,12,4,15,15,1,19.98561813,0.2,5,
/adult-learner/course-detail/NYP-WSCV01_015/savoury-vietnamese-delights,cet-q1-2025#personal-development,12,0,12,5,16,12,1.333333333,33.9468295,0,3,12,0,12,5,16,12,1.333333333,33.9468295,0,3,
/adult-learner/course-detail/NYP-WSQA04_007/service-coaching-sf-supervisor-classroom,cet-q1-2025,12,0,12,2,12,12,1,29.33111333,0,2,12,0,12,2,12,12,1,29.33111333,0,2,
/adult-learner/course-types/post-diploma-programmes/engineering,(not set),12,0,12,10,19,18,1.055555556,40.36418,0.055555556,1,12,0,12,10,19,18,1.055555556,40.36418,0.055555556,1,
/adult-learner/find-a-course,1.20218E+17,12,0,12,0,19,12,1.583333333,60.705976,0.083333333,6,12,0,12,0,19,12,1.583333333,60.705976,0.083333333,6,
/adult-learner,1.20218E+17,11,0,11,2,15,11,1.363636364,30.23755555,0,0,11,0,11,2,15,11,1.363636364,30.23755555,0,0,
/adult-learner/course-detail/NYP-AS002Z/staff-training-and-development-part-of-pdc3-of-advanced-diploma-in-pharmaceutical-sciences,cet-q1-2025,11,0,11,1,11,11,1,163.6678755,0,1,11,0,11,1,11,11,1,163.6678755,0,1,
/adult-learner/course-detail/NYP-AS005Z/patient-education-part-of-the-pdc1-advanced-diploma-in-pharmaceutical-sciences,cet-q1-2025,11,0,11,2,12,12,1,57.64292592,0,4,11,0,11,2,12,12,1,57.64292592,0,4,
/adult-learner/course-detail/NYP-AS010Z/automated-medication-systems-part-of-pdc4-of-advanced-diploma-in-pharmaceutical-sciences,cet-q1-2025,11,0,11,2,11,11,1,33.31284209,0,4,11,0,11,2,11,11,1,33.31284209,0,4,
/adult-learner/course-detail/NYP-CB0553/sc101-customs-procedures,(not set),11,1,11,7,16,18,0.888888889,168.1940857,0.277777778,10,11,1,11,7,16,18,0.888888889,168.1940857,0.277777778,10,
/adult-learner/course-detail/NYP-CB1033/digital-marketing-for-hospitality-management-a-practical-approach,2025S1-sbm-acet,11,0,11,3,13,11,1.181818182,23.14276609,0,5,11,0,11,3,13,11,1.181818182,23.14276609,0,5,
/adult-learner/course-detail/NYP-CB1252/iot-applications-in-supply-chain-management,(organic),11,1,11,4,12,11,1.090909091,145.8131776,0,2,11,1,11,4,12,11,1.090909091,145.8131776,0,2,
/adult-learner/course-detail/NYP-CB1295/starting-your-coffee-business,cet-q1-2025,11,0,11,3,13,11,1.181818182,65.21680927,0.090909091,4,11,0,11,3,13,11,1.181818182,65.21680927,0.090909091,4,
/adult-learner/course-detail/NYP-CB1577/business-storytelling-to-connect-with-your-online-target-audience,(organic),11,4,11,5,11,12,0.916666667,109.4052427,0.083333333,5,11,4,11,5,11,12,0.916666667,109.4052427,0.083333333,5,
/adult-learner/course-detail/NYP-CB231003/introduction-to-business-analytics-making-data-driven-decisions-for-business-executives,(referral),11,2,11,7,18,14,1.285714286,206.132934,0.071428571,8,11,2,11,7,18,14,1.285714286,206.132934,0.071428571,8,
/adult-learner/course-detail/NYP-CB231023/sustainability-in-sourcing-and-procurement-strategies,cet-q1-2025#sustainability,11,0,11,1,12,11,1.090909091,31.00292455,0,4,11,0,11,1,12,11,1.090909091,31.00292455,0,4,
/adult-learner/course-detail/NYP-CB234001/digitalisation-for-transportation-skillsfuture-for-digital-workplace-20,cet-q1-2025,11,0,11,1,11,12,0.916666667,20.36831583,0,3,11,0,11,1,11,12,0.916666667,20.36831583,0,3,
/adult-learner/course-detail/NYP-CB241002/be-a-sport-safety-champion,(organic),11,2,11,5,11,15,0.733333333,67.80699793,0.333333333,6,11,2,11,5,11,15,0.733333333,67.80699793,0.333333333,6,
/adult-learner/course-detail/NYP-CE1146/fundamentals-of-data-analytics,(referral),11,3,11,1,12,11,1.090909091,52.81790273,0.090909091,3,11,3,11,1,12,11,1.090909091,52.81790273,0.090909091,3,
/adult-learner/course-detail/NYP-CE1305/hands-on-3d-printing-and-modelling,(direct),11,0,11,5,13,12,1.083333333,30.97916625,0.083333333,2,11,0,11,5,13,12,1.083333333,30.97916625,0.083333333,2,
/adult-learner/course-detail/NYP-CE1380/deep-dive-into-3d-printing-classroom-and-synchronous,(direct),11,0,11,6,17,15,1.133333333,129.1195712,0.133333333,3,11,0,11,6,17,15,1.133333333,129.1195712,0.133333333,3,
/adult-learner/course-detail/NYP-CE231012/data-analytics-tools,(organic),11,0,11,3,11,12,0.916666667,40.95118217,0.083333333,2,11,0,11,3,11,12,0.916666667,40.95118217,0.083333333,2,
/adult-learner/course-detail/NYP-CI1081/data-analytics-for-workplace,(not set),11,0,11,5,22,17,1.294117647,47.33115406,0.058823529,5,11,0,11,5,22,17,1.294117647,47.33115406,0.058823529,5,
/adult-learner/course-detail/NYP-CI234001/digital-transformation-skillsfuture-for-digital-workplace-20,(direct),11,2,11,8,12,16,0.75,115.9888056,0.4375,7,11,2,11,8,12,16,0.75,115.9888056,0.4375,7,
/adult-learner/course-detail/NYP-CI245023/the-art-of-effective-prompting-for-productivity,(organic),11,1,11,4,13,13,1,70.16292192,0.076923077,3,11,1,11,4,13,13,1,70.16292192,0.076923077,3,
/adult-learner/course-detail/NYP-CK2017/delivering-successful-presentations,(direct),11,0,11,3,12,12,1,31.13474958,0.083333333,2,11,0,11,3,12,12,1,31.13474958,0.083333333,2,
/adult-learner/course-detail/NYP-CL0524/the-science-of-aging-gracefully-diet-exercise-and-skin-care,cet-q1-2025#personal-development,11,0,11,1,13,11,1.181818182,31.58495564,0,3,11,0,11,1,13,11,1.181818182,31.58495564,0,3,
/adult-learner/course-detail/NYP-CLDP01/diploma-in-applied-science-food-technology,2025S1-sbm-acet,11,0,11,7,18,17,1.058823529,114.0750048,0.058823529,8,11,0,11,7,18,17,1.058823529,114.0750048,0.058823529,8,
/adult-learner/course-detail/NYP-CX1258/bim-revit-for-architecture-level-1,(referral),11,10,11,1,12,12,1,221.2770424,0.166666667,9,11,10,11,1,12,12,1,221.2770424,0.166666667,9,
/adult-learner/course-detail/NYP-CX1287/harnessing-design-thinking-for-innovation,(organic),11,1,11,6,16,18,0.888888889,88.51355978,0.222222222,6,11,1,11,6,16,18,0.888888889,88.51355978,0.222222222,6,
/adult-learner/course-detail/NYP-CX1306/video-editing-made-easy-with-smartphone,(organic),11,5,11,5,12,14,0.857142857,214.3880463,0.142857143,9,11,5,11,5,12,14,0.857142857,214.3880463,0.142857143,9,
/adult-learner/course-detail/NYP-CX1541/digital-sculpting-in-blender,(organic),11,3,11,3,14,13,1.076923077,90.91928038,0.076923077,8,11,3,11,3,14,13,1.076923077,90.91928038,0.076923077,8,
/adult-learner/course-detail/NYP-DXSP02/specialist-diploma-in-visual-effects,1.20218E+17,11,0,9,7,15,13,1.153846154,120.9963527,0.230769231,13,11,0,9,7,15,13,1.153846154,120.9963527,0.230769231,13,
/adult-learner/course-detail/NYP-DXSP03/specialist-diploma-in-service-experience-design-and-innovation,cet-q1-2025#personal-development,11,0,7,7,19,19,1,56.84104837,0.473684211,13,11,0,7,7,19,19,1,56.84104837,0.473684211,13,
/adult-learner/course-detail/NYP-DXSP04/specialist-diploma-in-augmented-reality-and-virtual-reality,1.20218E+17,11,0,6,5,11,11,1,30.87855764,0.727272727,11,11,0,6,5,11,11,1,30.87855764,0.727272727,11,
/adult-learner/course-detail/NYP-DXSP05/specialist-diploma-in-digital-media-production,(not set),11,6,11,2,14,15,0.933333333,147.007679,0.533333333,10,11,6,11,2,14,15,0.933333333,147.007679,0.533333333,10,
/adult-learner/course-detail/NYP-DXSP07/specialist-diploma-in-user-experience-design-and-management,1.20218E+17,11,0,10,6,19,13,1.461538462,188.273586,0.230769231,12,11,0,10,6,19,13,1.461538462,188.273586,0.230769231,12,
/adult-learner/course-detail/NYP-EGDP04/diploma-in-engineering-aerospace-manufacturing,oh2025,11,0,11,3,12,12,1,34.13014,0,4,11,0,11,3,12,12,1,34.13014,0,4,
/adult-learner/course-detail/NYP-EGQP06/wsq-diploma-in-precision-engineering-master-craftsman-skills,(not set),11,0,11,2,11,12,0.916666667,36.130806,0.166666667,4,11,0,11,2,11,12,0.916666667,36.130806,0.166666667,4,
/adult-learner/course-detail/NYP-HSAF38/advanced-diploma-in-nursing-community-health-adch1,2025S1-sbm-acet,11,0,11,8,12,12,1,36.90715625,0,3,11,0,11,8,12,12,1,36.90715625,0,3,
/adult-learner/course-detail/NYP-HSAF40/advanced-diploma-in-nursing-emergency-adem1,(not set),11,1,11,2,20,12,1.666666667,40.54408342,0,2,11,1,11,2,20,12,1.666666667,40.54408342,0,2,
/adult-learner/course-detail/NYP-HSAP11/advanced-diploma-in-nursing-management,(not set),11,2,11,4,13,11,1.181818182,51.62658264,0,3,11,2,11,4,13,11,1.181818182,51.62658264,0,3,
/adult-learner/course-detail/NYP-HSCP07/certificate-in-bridging-studies-for-enrolled-nurse,(not set),11,0,11,5,17,16,1.0625,132.9019541,0.125,10,11,0,11,5,17,16,1.0625,132.9019541,0.125,10,
/adult-learner/course-detail/NYP-ITSP13/specialist-diploma-in-cybersecurity-pcm,(referral),11,3,11,4,16,13,1.230769231,138.4940703,0.076923077,9,11,3,11,4,16,13,1.230769231,138.4940703,0.076923077,9,
/adult-learner/course-detail/NYP-JC5016/workplace-learning-wpl-train-the-trainer-ttt-programme,(organic),11,0,11,4,11,12,0.916666667,159.0480384,0,4,11,0,11,4,11,12,0.916666667,159.0480384,0,4,
/adult-learner/course-detail/NYP-SI4014_010/mobile-photography-with-your-smartphone-take-amazing-photos-tell-amazing-stories-classroom-facilitated-asynchronous-e-learning,cet-q1-2025,11,0,11,3,12,12,1,45.54242258,0.083333333,3,11,0,11,3,12,12,1,45.54242258,0.083333333,3,
/adult-learner/course-detail/NYP-SI4060_005/supercharge-sales-with-automated-omnichannel-integration-classroom-facilitated-practical-training-asynchronous-e-learning,(organic),11,1,11,5,11,12,0.916666667,68.40436542,0,3,11,1,11,5,11,12,0.916666667,68.40436542,0,3,
/adult-learner/course-detail/NYP-SI4060_005/supercharge-sales-with-automated-omnichannel-integration-classroom-facilitated-practical-training-asynchronous-e-learning,cet-q1-2025,11,0,11,6,12,12,1,54.9951745,0,2,11,0,11,6,12,12,1,54.9951745,0,2,
/adult-learner/course-detail/NYP-SI4062_003/tiktok-shop-optimise-your-social-media-marketing-engagement-and-boost-your-sales-classroom-facilitated-asynchronous-e-learning,(organic),11,3,11,2,12,11,1.090909091,137.0111474,0,3,11,3,11,2,12,11,1.090909091,137.0111474,0,3,
/adult-learner/course-detail/NYP-SI4064_006/live-streaming-boost-your-e-commerce-sales-classroom-facilitated-asynchronous-e-learning,(organic),11,1,11,2,12,11,1.090909091,43.91566291,0.090909091,5,11,1,11,2,12,11,1.090909091,43.91566291,0.090909091,5,
/adult-learner/course-detail/NYP-SI4065_001/social-commerce-xiao-hong-shu-xhs-classroom-facilitated-practical-training-asynchronous-e-learning,(organic),11,0,11,6,12,12,1,150.8953481,0,3,11,0,11,6,12,12,1,150.8953481,0,3,
/adult-learner/course-detail/NYP-SI4066_001/tiktok-influencer-and-content-marketing-strategies-to-drive-sales-classroom-facilitated-asynchronous-e-learning,(organic),11,3,11,4,13,13,1,77.19558354,0.153846154,7,11,3,11,4,13,13,1,77.19558354,0.153846154,7,
/adult-learner/course-detail/NYP-SI8035_002/digitalisation-for-food-services-skillsfuture-for-digital-workplace-20,(organic),11,2,10,3,17,15,1.133333333,119.3358517,0.066666667,7,11,2,10,3,17,15,1.133333333,119.3358517,0.066666667,7,
/adult-learner/course-detail/NYP-SI8039_001/chwee-kuey-and-char-kueh,(organic),11,3,11,3,11,11,1,165.4399624,0.181818182,6,11,3,11,3,11,11,1,165.4399624,0.181818182,6,
/adult-learner/course-detail/NYP-WSCD11_007/maintain-inventories,(direct),11,2,11,2,11,11,1,15.42175091,0.090909091,3,11,2,11,2,11,11,1,15.42175091,0.090909091,3,
/adult-learner/course-detail/NYP-WSCP28_012/signature-dim-sum,(direct),11,3,11,0,11,11,1,4.470297364,0,2,11,3,11,0,11,11,1,4.470297364,0,2,
/adult-learner/course-detail/NYP-WSCV01_009/basic-french-cuisine,(organic),11,0,11,1,11,11,1,17.476931,0,1,11,0,11,1,11,11,1,17.476931,0,1,
/adult-learner/course-detail/NYP-WSQBC1_001/be-a-collaborative-influencer-classroom-facilitated-asynchronous-e-learning,(organic),11,2,11,3,12,13,0.923076923,33.99525515,0.153846154,4,11,2,11,3,12,13,0.923076923,33.99525515,0.153846154,4,
/adult-learner/course-types/post-diploma-programmes/design-media,OH25,11,0,11,6,11,11,1,48.88603673,0.090909091,8,11,0,11,6,11,11,1,48.88603673,0.090909091,8,
/adult-learner/course-types/recommended/artificial-intelligence,oh2025,11,0,10,6,18,12,1.5,232.8752589,0.166666667,3,11,0,10,6,18,12,1.5,232.8752589,0.166666667,3,
/adult-learner/course-types/recommended/green-economy,(referral),11,1,10,6,40,44,0.909090909,146.3791575,0.181818182,14,11,1,10,6,40,44,0.909090909,146.3791575,0.181818182,14,
/adult-learner/course-types/short-courses/culinary,cet-q1-2025,11,0,11,5,13,13,1,363.6680195,0.076923077,3,11,0,11,5,13,13,1,363.6680195,0.076923077,3,
/adult-learner/course-types/short-courses/retail,(organic),11,10,11,2,15,12,1.25,29.45113508,0,6,11,10,11,2,15,12,1.25,29.45113508,0,6,
/adult-learner/course-types/work-study-certificates,OH25,11,0,11,6,13,12,1.083333333,185.1066888,0.083333333,3,11,0,11,6,13,12,1.083333333,185.1066888,0.083333333,3,
/adult-learner/skillsfuture-level-up,2024s2-sbm-shortcourses,11,0,8,8,14,11,1.272727273,119.2415674,0.181818182,5,11,0,8,8,14,11,1.272727273,119.2415674,0.181818182,5,
/adult-learner/course-detail/NYP-AS007Z/drug-information-part-of-pdc2-of-advanced-diploma-in-pharmaceutical-sciences,cet-q1-2025,10,0,10,2,10,10,1,37.7556665,0,1,10,0,10,2,10,10,1,37.7556665,0,1,
/adult-learner/course-detail/NYP-BMEP01/work-study-post-diploma-specialist-diploma-in-human-capital-management,(referral),10,0,10,1,11,11,1,27.72016927,0.090909091,6,10,0,10,1,11,11,1,27.72016927,0.090909091,6,
/adult-learner/course-detail/NYP-BMLP02/work-study-certificate-leading-to-diploma-in-business-practice-accounting,(not set),10,0,10,7,17,12,1.416666667,144.7191234,0,4,10,0,10,7,17,12,1.416666667,144.7191234,0,4,
/adult-learner/course-detail/NYP-BMSP16/specialist-diploma-in-fund-management-and-administration,(not set),10,2,10,3,18,15,1.2,77.05593487,0.066666667,9,10,2,10,3,18,15,1.2,77.05593487,0.066666667,9,
/adult-learner/course-detail/NYP-BMSP20/specialist-diploma-in-wholesale-and-trade-management,(referral),10,1,8,2,8,10,0.8,29.6105304,0.3,3,10,1,8,2,8,10,0.8,29.6105304,0.3,3,
/adult-learner/course-detail/NYP-BMSP21/specialist-diploma-in-hr-analytics-and-digitalisation,(not set),10,1,10,5,16,13,1.230769231,142.5296254,0.153846154,7,10,1,10,5,16,13,1.230769231,142.5296254,0.153846154,7,
/adult-learner/course-detail/NYP-CB1003/engaging-fandb-customers-on-social-media,(organic),10,7,10,2,14,10,1.4,76.9833724,0.3,8,10,7,10,2,14,10,1.4,76.9833724,0.3,8,
/adult-learner/course-detail/NYP-CB1038/machine-learning-in-finance,(direct),10,0,10,4,10,11,0.909090909,117.336746,0,4,10,0,10,4,10,11,0.909090909,117.336746,0,4,
/adult-learner/course-detail/NYP-CB1536/certificate-in-fund-administration,cet-q1-2025,10,0,10,2,11,10,1.1,33.4393858,0,3,10,0,10,2,11,10,1.1,33.4393858,0,3,
/adult-learner/course-detail/NYP-CB1573/introduction-to-sustainability-for-hospitality-businesses,cet-q1-2025,10,0,10,1,10,10,1,17.1111241,0,0,10,0,10,1,10,10,1,17.1111241,0,0,
/adult-learner/course-detail/NYP-CB1579/ai-for-business-communication,(not set),10,0,10,6,28,15,1.866666667,57.6324124,0,4,10,0,10,6,28,15,1.866666667,57.6324124,0,4,
/adult-learner/course-detail/NYP-CB1579/ai-for-business-communication,cet-q1-2025#personal-development,10,0,10,7,14,11,1.272727273,85.72868082,0,2,10,0,10,7,14,11,1.272727273,85.72868082,0,2,
/adult-learner/course-detail/NYP-CB231010/1-day-hands-on-pay-per-click-search-advertising,2025S1-sbm-acet,10,0,10,2,10,11,0.909090909,19.43859973,0.090909091,3,10,0,10,2,10,11,0.909090909,19.43859973,0.090909091,3,
/adult-learner/course-detail/NYP-CB234002/digitalisation-for-tourism-skillsfuture-for-digital-workplace-20,cet-q1-2025,10,0,10,1,11,10,1.1,95.0955782,0,2,10,0,10,1,11,10,1.1,95.0955782,0,2,
/adult-learner/course-detail/NYP-CE1151/introduction-to-deep-learning,(not set),10,0,10,3,14,12,1.166666667,61.50756858,0,1,10,0,10,3,14,12,1.166666667,61.50756858,0,1,
/adult-learner/course-detail/NYP-CE1239/robotic-process-automation-rpa-for-beginners,cet-q1-2025#engineering,10,0,10,1,10,10,1,24.8533206,0,1,10,0,10,1,10,10,1,24.8533206,0,1,
/adult-learner/course-detail/NYP-CE1540/introduction-to-artificial-intelligence-and-machine-learning-synchronous-e-learning,(referral),10,1,10,2,11,10,1.1,37.0294434,0,3,10,1,10,2,11,10,1.1,37.0294434,0,3,
/adult-learner/course-detail/NYP-CE2007/introduction-to-design-thinking,cet-q1-2025,10,0,10,2,10,10,1,20.0353877,0,3,10,0,10,2,10,10,1,20.0353877,0,3,
/adult-learner/course-detail/NYP-CE2010/using-python-for-data-analysis,(not set),10,0,10,1,10,10,1,34.4256058,0.1,3,10,0,10,1,10,10,1,34.4256058,0.1,3,
/adult-learner/course-detail/NYP-CE2011/using-python-for-data-analysis-synchronous-e-learning,cet-q1-2025,10,0,10,3,12,10,1.2,95.9395594,0,4,10,0,10,3,12,10,1.2,95.9395594,0,4,
/adult-learner/course-detail/NYP-CE231013/deep-dive-into-3d-printing,(organic),10,6,10,2,11,12,0.916666667,69.88273875,0.333333333,8,10,6,10,2,11,12,0.916666667,69.88273875,0.333333333,8,
/adult-learner/course-detail/NYP-CH0490/diabetes-care-lifestyle-management,(not set),10,1,10,1,10,11,0.909090909,17.83280682,0.181818182,4,10,1,10,1,10,11,0.909090909,17.83280682,0.181818182,4,
/adult-learner/course-detail/NYP-CI1236/computational-thinking-and-coding,(referral),10,4,10,3,11,11,1,42.77428327,0.090909091,8,10,4,10,3,11,11,1,42.77428327,0.090909091,8,
/adult-learner/course-detail/NYP-CI1292/cyber-defence-fundamentals,cet-q1-2025,10,0,10,2,14,10,1.4,31.5323526,0,4,10,0,10,2,14,10,1.4,31.5323526,0,4,
/adult-learner/course-detail/NYP-CI231002/data-management-and-analysis,(referral),10,3,10,4,15,15,1,44.77852687,0.266666667,5,10,3,10,4,15,15,1,44.77852687,0.266666667,5,
/adult-learner/course-detail/NYP-CK1244/workplace-communication-effective-presentation,cet-q1-2025,10,0,10,1,10,10,1,26.8282777,0,3,10,0,10,1,10,10,1,26.8282777,0,3,
/adult-learner/course-detail/NYP-CK1493/emotional-intelligence-for-workplace-success-synchronous-e-learning,(direct),10,0,10,5,13,11,1.181818182,31.19206718,0.181818182,4,10,0,10,5,13,11,1.181818182,31.19206718,0.181818182,4,
/adult-learner/course-detail/NYP-CK2019/emailing-made-easy,(organic),10,1,10,5,10,10,1,27.561722,0.1,2,10,1,10,5,10,10,1,27.561722,0.1,2,
/adult-learner/course-detail/NYP-CL240001/certificate-in-ojt-foundational-program,cet-q1-2025,10,1,10,6,11,10,1.1,108.2599896,0,4,10,1,10,6,11,10,1.1,108.2599896,0,4,
/adult-learner/course-detail/NYP-CLDP01/diploma-in-applied-science-food-technology,2024S2-sbm-acet,10,0,9,2,11,11,1,24.10694564,0.090909091,5,10,0,9,2,11,11,1,24.10694564,0.090909091,5,
/adult-learner/course-detail/NYP-CLSP06/specialist-diploma-in-nutrition-science,oh2025,10,1,10,6,13,11,1.181818182,107.3386687,0.090909091,8,10,1,10,6,13,11,1.181818182,107.3386687,0.090909091,8,
/adult-learner/course-detail/NYP-CX1259/bim-revit-for-architecture-level-2,(organic),10,2,10,4,12,11,1.090909091,337.8330036,0.181818182,4,10,2,10,4,12,11,1.090909091,337.8330036,0.181818182,4,
/adult-learner/course-detail/NYP-DXSP02/specialist-diploma-in-visual-effects,1.20218E+17,10,0,6,5,11,10,1.1,57.3084476,0.5,10,10,0,6,5,11,10,1.1,57.3084476,0.5,10,
/adult-learner/course-detail/NYP-DXSP03/specialist-diploma-in-service-experience-design-and-innovation,1.20218E+17,10,0,7,2,13,10,1.3,226.148586,0.3,8,10,0,7,2,13,10,1.3,226.148586,0.3,8,
/adult-learner/course-detail/NYP-DXSP05/specialist-diploma-in-digital-media-production,1.20218E+17,10,0,6,5,10,11,0.909090909,204.1198575,0.545454545,10,10,0,6,5,10,11,0.909090909,204.1198575,0.545454545,10,
/adult-learner/course-detail/NYP-DXSP06/specialist-diploma-in-digital-content-creation-for-e-commerce,1.20218E+17,10,0,6,5,12,11,1.090909091,15.47737827,0.545454545,9,10,0,6,5,12,11,1.090909091,15.47737827,0.545454545,9,
/adult-learner/course-detail/NYP-EGDP05/diploma-in-engineering-mechatronics,(referral),10,1,10,5,22,17,1.294117647,226.2539464,0.058823529,9,10,1,10,5,22,17,1.294117647,226.2539464,0.058823529,9,
/adult-learner/course-detail/NYP-EGSP22/specialist-diploma-in-sustainable-materials-management,(not set),10,0,10,5,13,11,1.181818182,141.6646599,0,2,10,0,10,5,13,11,1.181818182,141.6646599,0,2,
/adult-learner/course-detail/NYP-EGSPA1/post-diploma-certificate-in-gxp-of-operations-management-part-of-specialist-diploma-in-biomedical-and-pharmaceutical-engineering,(referral),10,1,10,6,14,13,1.076923077,128.474739,0.307692308,4,10,1,10,6,14,13,1.076923077,128.474739,0.307692308,4,
/adult-learner/course-detail/NYP-EGSPA6/post-diploma-certificate-in-iot-implementation-for-sustainability-solutioning-part-of-specialist-diploma-in-iot-for-sustainable-solutioning,(not set),10,0,10,4,15,10,1.5,234.1616306,0,4,10,0,10,4,15,10,1.5,234.1616306,0,4,
/adult-learner/course-detail/NYP-HSAF31/advanced-diploma-in-nursing-nephro-urology,cet-q1-2025,10,0,10,2,13,13,1,58.72851454,0.076923077,9,10,0,10,2,13,13,1,58.72851454,0.076923077,9,
/adult-learner/course-detail/NYP-HSAF32/advanced-diploma-in-nursing-community-health,(not set),10,0,10,4,13,13,1,70.80025677,0.076923077,6,10,0,10,4,13,13,1,70.80025677,0.076923077,6,
/adult-learner/course-detail/NYP-HSAF38/advanced-diploma-in-nursing-community-health-adch1,(not set),10,0,10,3,20,10,2,134.0494279,0,3,10,0,10,3,20,10,2,134.0494279,0,3,
/adult-learner/course-detail/NYP-HSAF51/advanced-diploma-in-nursing-perianaesthesia-adpa1,(not set),10,0,10,2,14,10,1.4,58.5471724,0,3,10,0,10,2,14,10,1.4,58.5471724,0,3,
/adult-learner/course-detail/NYP-HSAF52/advanced-diploma-in-nursing-perioperative-adpo1,(not set),10,0,10,3,11,10,1.1,33.4625888,0,0,10,0,10,3,11,10,1.1,33.4625888,0,0,
/adult-learner/course-detail/NYP-HSSP14/specialist-diploma-in-clinical-education,(not set),10,0,10,3,11,11,1,22.75598591,0.090909091,3,10,0,10,3,11,11,1,22.75598591,0.090909091,3,
/adult-learner/course-detail/NYP-HSSP15/specialist-diploma-in-nursing-ear-nose-and-throat,cet-q1-2025#personal-development,10,0,10,2,10,10,1,9.6676422,0,2,10,0,10,2,10,10,1,9.6676422,0,2,
/adult-learner/course-detail/NYP-ITDP04/diploma-in-infocomm-and-digital-media-it-network-and-system-administration-dinsa2,2024S2-sbm-acet,10,0,10,2,13,13,1,19.62356238,0.230769231,7,10,0,10,2,13,13,1,19.62356238,0.230769231,7,
/adult-learner/course-detail/NYP-ITLP01/work-study-certificate-leading-to-diploma-in-infocomm-and-digital-media-it-network-and-system-administration-dinsa2,2025S1-sbm-acet,10,0,10,5,12,10,1.2,43.1518968,0,3,10,0,10,5,12,10,1.2,43.1518968,0,3,
/adult-learner/course-detail/NYP-ITSP09/specialist-diploma-in-business-and-big-data-analytics,oh2025,10,0,10,4,12,12,1,218.2972011,0.166666667,9,10,0,10,4,12,12,1,218.2972011,0.166666667,9,
/adult-learner/course-detail/NYP-ITSP12/specialist-diploma-in-applied-artificial-intelligence,(not set),10,0,10,5,15,15,1,236.1812417,0.066666667,6,10,0,10,5,15,15,1,236.1812417,0.066666667,6,
/adult-learner/course-detail/NYP-ITSP12/specialist-diploma-in-applied-artificial-intelligence,oh2025,10,0,10,3,11,12,0.916666667,262.7596388,0,5,10,0,10,3,11,12,0.916666667,262.7596388,0,5,
/adult-learner/course-detail/NYP-JC1D03/a-new-dimension-in-workplace-learning-to-drive-business-growth-innovating-and-benchmarking-with-japans-best-in-class,(organic),10,0,10,2,10,10,1,23.6946322,0,4,10,0,10,2,10,10,1,23.6946322,0,4,
/adult-learner/course-detail/NYP-JC1D04/best-in-class-workplace-learning-strategies-learning-and-adapting-from-germany,cet-q1-2025,10,0,10,0,10,10,1,29.3076576,0,0,10,0,10,0,10,10,1,29.3076576,0,0,
/adult-learner/course-detail/NYP-SI2002_002/creative-problem-solving-and-smart-decision-making-for-business-success-classroom-facilitated-asynchronous-e-learning-practical-training,(organic),10,2,10,1,10,10,1,184.5450838,0,4,10,2,10,1,10,10,1,184.5450838,0,4,
/adult-learner/course-detail/NYP-SI4014_010/mobile-photography-with-your-smartphone-take-amazing-photos-tell-amazing-stories-classroom-facilitated-asynchronous-e-learning,(organic),10,0,10,3,14,12,1.166666667,29.96267167,0,4,10,0,10,3,14,12,1.166666667,29.96267167,0,4,
/adult-learner/course-detail/NYP-SI4024_026/home-based-business,cet-q1-2025,10,0,10,1,10,10,1,52.8816409,0,1,10,0,10,1,10,10,1,52.8816409,0,1,
/adult-learner/course-detail/NYP-SI4047_004/social-commerce-boost-awareness-and-engagement-to-drive-your-business-growth-part-2-classroom-facilitated-practical-training-asynchronous-e-learning,cet-q1-2025,10,0,10,2,12,11,1.090909091,125.8386545,0,3,10,0,10,2,12,11,1.090909091,125.8386545,0,3,
/adult-learner/course-detail/NYP-SI4053_003/casetrust-accreditation-scheme-for-e-commerce-business-individual-training-1-classroom-facilitated-practical-training,(not set),10,0,10,0,10,10,1,55.5237242,0,2,10,0,10,0,10,10,1,55.5237242,0,2,
/adult-learner/course-detail/NYP-SI4058_005/generative-ai-content-creation-super-sprint-sales-and-marketing-performance-classroom-facilitated-practical-training-asynchronous-e-learning,(organic),10,0,10,6,12,12,1,64.81822375,0,3,10,0,10,6,12,12,1,64.81822375,0,3,
/adult-learner/course-detail/NYP-SI4064_005/social-and-influencer-marketing-drive-conversions-and-optimise-returns-classroom-facilitated,(organic),10,0,10,4,11,11,1,32.57332491,0,2,10,0,10,4,11,11,1,32.57332491,0,2,
/adult-learner/course-detail/NYP-SI7025_002/fundamentals-to-starting-an-online-business-classroom-facilitated,(referral),10,8,10,0,12,10,1.2,420.1912962,0.1,7,10,8,10,0,12,10,1.2,420.1912962,0.1,7,
/adult-learner/course-detail/NYP-SI7026_002/basics-in-content-generation-classroom-facilitated,(organic),10,0,10,4,10,11,0.909090909,24.88869218,0.090909091,1,10,0,10,4,10,11,0.909090909,24.88869218,0.090909091,1,
/adult-learner/course-detail/NYP-SI8040_001/introduction-to-sake,(organic),10,2,10,4,12,13,0.923076923,20.69367492,0.076923077,5,10,2,10,4,12,13,0.923076923,20.69367492,0.076923077,5,
/adult-learner/course-detail/NYP-WSCD11_001/apply-principles-of-food-and-beverages-concepts-and-setup,(organic),10,6,10,0,13,10,1.3,191.402986,0.3,3,10,6,10,0,13,10,1.3,191.402986,0.3,3,
/adult-learner/course-detail/NYP-WSCD11_009/manage-productivity-improvements,(direct),10,1,10,0,10,10,1,15.9957663,0.1,3,10,1,10,0,10,10,1,15.9957663,0.1,3,
/adult-learner/course-detail/NYP-WSCP26_001/introduction-to-sake,(direct),10,1,10,0,10,10,1,2.5159543,0.1,2,10,1,10,0,10,10,1,2.5159543,0.1,2,
/adult-learner/course-detail/NYP-WSCP32_008/food-safety-course-level-1,cet-q1-2025,10,0,10,6,15,12,1.25,46.86293267,0.166666667,7,10,0,10,6,15,12,1.25,46.86293267,0.166666667,7,
/adult-learner/course-detail/NYP-WSCP51_001/pwm-food-services-food-safety-course-level-1,(organic),10,0,10,4,11,12,0.916666667,154.6484922,0,2,10,0,10,4,11,12,0.916666667,154.6484922,0,2,
/adult-learner/course-detail/NYP-WSCV02_010/decorative-cakes,cet-q1-2025,10,0,10,0,11,10,1.1,100.2926395,0,3,10,0,10,0,11,10,1.1,100.2926395,0,3,
/adult-learner/course-detail/NYP-WSCY06_801/sctp-advanced-certificate-in-food-services-pastry-and-baking-part-time,(referral),10,1,10,2,13,11,1.181818182,88.892888,0,3,10,1,10,2,13,11,1.181818182,88.892888,0,3,
/adult-learner/course-detail/NYP-WSQC05_015/pwm-retail-service-challenges-sf-associate,(organic),10,1,10,4,12,11,1.090909091,399.657453,0,3,10,1,10,4,12,11,1.090909091,399.657453,0,3,
/adult-learner/course-detail/NYP-WSQV02_001/adapt-to-change-sf-supervisor,(organic),10,0,10,6,12,12,1,30.19747392,0.083333333,2,10,0,10,6,12,12,1,30.19747392,0.083333333,2,
/adult-learner/course-types/post-diploma-programmes/applied-science,(not set),10,0,10,5,14,12,1.166666667,16.7078785,0.083333333,2,10,0,10,5,14,12,1.166666667,16.7078785,0.083333333,2,
/adult-learner/course-types/post-diploma-programmes/design-media,2025S1-sbm-acet,10,0,10,4,16,13,1.230769231,21.57884508,0.076923077,1,10,0,10,4,16,13,1.230769231,21.57884508,0.076923077,1,
/adult-learner/course-types/work-study-certificates,2024S2-sbm-acet,10,0,10,2,11,11,1,117.8301431,0.090909091,3,10,0,10,2,11,11,1,117.8301431,0.090909091,3,
/adult-learner/course-types/work-study-post-diplomas,2024S2-sbm-acet,10,0,10,6,10,10,1,100.8772158,0,5,10,0,10,6,10,10,1,100.8772158,0,5,
/adult-learner/find-a-course,1.20218E+17,10,0,10,0,15,10,1.5,58.8535693,0,1,10,0,10,0,15,10,1.5,58.8535693,0,1,
/adult-learner/funding/incentives,2024S2-sbm-acet,10,8,9,0,10,10,1,43.964919,0.4,7,10,8,9,0,10,10,1,43.964919,0.4,7,
/adult-learner/skillsfuture-credit,1.20218E+17,10,0,9,4,15,10,1.5,39.9530995,0.1,6,10,0,9,4,15,10,1.5,39.9530995,0.1,6,
/adult-learner/skillsfuture-level-up,cet-q1-2025#cybersecurity,10,0,7,4,14,12,1.166666667,36.39744242,0.5,8,10,0,7,4,14,12,1.166666667,36.39744242,0.5,8,
/adult-learner/course-detail/NYP-AS010Z/automated-medication-systems-part-of-pdc4-of-advanced-diploma-in-pharmaceutical-sciences,(not set),9,0,9,2,14,9,1.555555556,22.78908944,0,1,9,0,9,2,14,9,1.555555556,22.78908944,0,1,
/adult-learner/course-detail/NYP-ASAP01/advanced-diploma-in-pharmaceutical-sciences,(referral),9,2,9,5,14,15,0.933333333,90.82722573,0.333333333,9,9,2,9,5,14,15,0.933333333,90.82722573,0.333333333,9,
/adult-learner/course-detail/NYP-ASSPA4/post-diploma-certificate-in-environmental-management-for-process-industry-part-of-specialist-diploma-in-energy-and-environmental-management-for-process-industry,(direct),9,0,9,6,10,11,0.909090909,54.09101282,0.090909091,2,9,0,9,6,10,11,0.909090909,54.09101282,0.090909091,2,
/adult-learner/course-detail/NYP-ASSPA6/post-diploma-certificate-in-applied-water-technology-part-of-specialist-diploma-in-environmental-management-and-applied-water-technology,(organic),9,8,9,2,10,10,1,9.6131557,0.4,5,9,8,9,2,10,10,1,9.6131557,0.4,5,
/adult-learner/course-detail/NYP-BMLP01/work-study-certificate-leading-to-diploma-in-business-practice-hospitality-and-tourism-management,(referral),9,0,9,4,11,10,1.1,20.0395106,0,6,9,0,9,4,11,10,1.1,20.0395106,0,6,
/adult-learner/course-detail/NYP-BMLP02/work-study-certificate-leading-to-diploma-in-business-practice-accounting,2025S1-sbm-acet,9,0,9,6,17,14,1.214285714,284.7387204,0.071428571,6,9,0,9,6,17,14,1.214285714,284.7387204,0.071428571,6,
/adult-learner/course-detail/NYP-CB0553/sc101-customs-procedures,2025S1-sbm-acet,9,0,9,7,14,13,1.076923077,184.8413996,0.153846154,9,9,0,9,7,14,13,1.076923077,184.8413996,0.153846154,9,
/adult-learner/course-detail/NYP-CB1038/machine-learning-in-finance,cet-q1-2025,9,0,9,1,9,9,1,44.796423,0,3,9,0,9,1,9,9,1,44.796423,0,3,
/adult-learner/course-detail/NYP-CB1216/financial-analytics-with-python,cet-q1-2025,9,0,9,0,10,9,1.111111111,26.59415178,0,2,9,0,9,0,10,9,1.111111111,26.59415178,0,2,
/adult-learner/course-detail/NYP-CB1250/design-thinking-for-an-innovative-workplace,2025S1-sbm-acet,9,0,9,1,11,9,1.222222222,66.04535411,0,1,9,0,9,1,11,9,1.222222222,66.04535411,0,1,
/adult-learner/course-detail/NYP-CB1310/digital-video-production,(referral),9,8,9,2,11,11,1,194.7626687,0.090909091,8,9,8,9,2,11,11,1,194.7626687,0.090909091,8,
/adult-learner/course-detail/NYP-CB1538/social-commerce-fundamentals,(organic),9,5,9,1,11,13,0.846153846,18.01823246,0.461538462,7,9,5,9,1,11,13,0.846153846,18.01823246,0.461538462,7,
/adult-learner/course-detail/NYP-CB1570/how-to-create-a-unique-business,cet-q1-2025,9,0,9,3,11,12,0.916666667,37.02913367,0.166666667,4,9,0,9,3,11,12,0.916666667,37.02913367,0.166666667,4,
/adult-learner/course-detail/NYP-CB2003/build-creative-winning-business-strategies,2025S1-sbm-acet,9,0,9,2,10,9,1.111111111,28.343419,0,1,9,0,9,2,10,9,1.111111111,28.343419,0,1,
/adult-learner/course-detail/NYP-CB231012/crafting-your-digital-stories,(direct),9,0,9,5,9,9,1,171.8526112,0,4,9,0,9,5,9,9,1,171.8526112,0,4,
/adult-learner/course-detail/NYP-CE1146/fundamentals-of-data-analytics,(not set),9,0,9,5,14,12,1.166666667,171.9471993,0.166666667,5,9,0,9,5,14,12,1.166666667,171.9471993,0.166666667,5,
/adult-learner/course-detail/NYP-CE1205/programmable-logic-controller-programming,(organic),9,0,9,5,9,12,0.75,83.22346608,0.166666667,2,9,0,9,5,9,12,0.75,83.22346608,0.166666667,2,
/adult-learner/course-detail/NYP-CE1380/deep-dive-into-3d-printing-classroom-and-synchronous,cet-q1-2025,9,0,9,3,10,9,1.111111111,13.06880578,0,0,9,0,9,3,10,9,1.111111111,13.06880578,0,0,
/adult-learner/course-detail/NYP-CE1535/build-mobile-apps-with-no-code-platform,(direct),9,0,9,3,9,9,1,61.02553511,0,3,9,0,9,3,9,9,1,61.02553511,0,3,
/adult-learner/course-detail/NYP-CE1540/introduction-to-artificial-intelligence-and-machine-learning-synchronous-e-learning,(not set),9,0,9,4,28,10,2.8,240.5443215,0,2,9,0,9,4,28,10,2.8,240.5443215,0,2,
/adult-learner/course-detail/NYP-CE231016/9-day-precision-engineering-assessment-and-reskilling-lab-pearl-basic-metrology-and-interpretation-of-drawing,(direct),9,1,9,4,11,10,1.1,23.3067935,0.1,4,9,1,9,4,11,10,1.1,23.3067935,0.1,4,
/adult-learner/course-detail/NYP-CE231017/9-day-precision-engineering-assessment-and-reskilling-lab-pearl-conventional-machining,cet-q1-2025#engineering,9,0,9,1,9,9,1,45.47522222,0,1,9,0,9,1,9,9,1,45.47522222,0,1,
/adult-learner/course-detail/NYP-CE241004/open-sound-control-based-synchronization-of-immersive-audio-systems,cet-q1-2025#engineering,9,0,9,0,9,9,1,86.70204956,0,5,9,0,9,0,9,9,1,86.70204956,0,5,
/adult-learner/course-detail/NYP-CE241009/sustainability-reporting-learning-journey-deep-dive-into-carbon-management,(organic),9,0,9,5,12,12,1,28.38306625,0.083333333,3,9,0,9,5,12,12,1,28.38306625,0.083333333,3,
/adult-learner/course-detail/NYP-CI1275/swift-foundations,(direct),9,0,9,6,19,12,1.583333333,149.2290508,0,4,9,0,9,6,19,12,1.583333333,149.2290508,0,4,
/adult-learner/course-detail/NYP-CI1369/from-data-to-visualisation,(referral),9,1,9,5,11,11,1,303.6568835,0.090909091,4,9,1,9,5,11,11,1,303.6568835,0.090909091,4,
/adult-learner/course-detail/NYP-CI241001/applied-generative-artificial-intelligence-real-world-project-development,(not set),9,0,9,4,12,10,1.2,115.1893217,0,1,9,0,9,4,12,10,1.2,115.1893217,0,1,
/adult-learner/course-detail/NYP-CK1308/workplace-communication-effective-email-writing,(not set),9,0,9,6,17,15,1.133333333,66.723449,0.2,4,9,0,9,6,17,15,1.133333333,66.723449,0.2,4,
/adult-learner/course-detail/NYP-CK2017/delivering-successful-presentations,(referral),9,7,9,3,9,10,0.9,340.0701815,0.2,7,9,7,9,3,9,10,0.9,340.0701815,0.2,7,
/adult-learner/course-detail/NYP-CK2017/delivering-successful-presentations,cet-q1-2025,9,0,9,1,10,10,1,51.2067417,0,0,9,0,9,1,10,10,1,51.2067417,0,0,
/adult-learner/course-detail/NYP-CK241004/business-chinese-for-the-workplace,cet-q1-2025,9,0,9,1,9,10,0.9,21.8166693,0,3,9,0,9,1,9,10,0.9,21.8166693,0,3,
/adult-learner/course-detail/NYP-CL0443/eat-healthy-and-stay-beautiful-through-tcm-infused-diet,cet-q1-2025#personal-development,9,0,9,1,10,9,1.111111111,39.06307278,0,1,9,0,9,1,10,9,1.111111111,39.06307278,0,1,
/adult-learner/course-detail/NYP-CL0899/tcm-life-skills-in-sub-health-management-fundamental-approaches,cet-q1-2025,9,0,9,2,11,11,1,30.15591264,0.090909091,3,9,0,9,2,11,11,1,30.15591264,0.090909091,3,
/adult-learner/course-detail/NYP-CL1302/functional-food-in-human-studies,cet-q1-2025,9,0,9,0,9,9,1,23.54999844,0,0,9,0,9,0,9,9,1,23.54999844,0,0,
/adult-learner/course-detail/NYP-CL230002/introduction-to-peranakan-cuisine,(not set),9,6,9,1,10,10,1,37.4729674,0.3,7,9,6,9,1,10,10,1,37.4729674,0.3,7,
/adult-learner/course-detail/NYP-CL240006/food-microbiology-with-environmental-insights,cet-q1-2025,9,0,9,0,9,9,1,83.34913678,0,2,9,0,9,0,9,9,1,83.34913678,0,2,
/adult-learner/course-detail/NYP-CLSP07/specialist-diploma-in-clinical-research-management,(not set),9,6,9,2,12,10,1.2,91.3500707,0,8,9,6,9,2,12,10,1.2,91.3500707,0,8,
/adult-learner/course-detail/NYP-CX1288/service-experience-design-4-day-mini-series,(referral),9,6,9,2,10,10,1,17.4861919,0.5,6,9,6,9,2,10,10,1,17.4861919,0.5,6,
/adult-learner/course-detail/NYP-CX2005/embrace-innovation-through-design-thinking,(organic),9,0,9,5,10,9,1.111111111,42.27628467,0,4,9,0,9,5,10,9,1.111111111,42.27628467,0,4,
/adult-learner/course-detail/NYP-DXSP02/specialist-diploma-in-visual-effects,1.20218E+17,9,0,4,4,11,10,1.1,6.4545785,0.6,9,9,0,4,4,11,10,1.1,6.4545785,0.6,9,
/adult-learner/course-detail/NYP-DXSP03/specialist-diploma-in-service-experience-design-and-innovation,2025S1-sbm-acet,9,0,6,4,11,11,1,37.21593527,0.454545455,6,9,0,6,4,11,11,1,37.21593527,0.454545455,6,
/adult-learner/course-detail/NYP-DXSP04/specialist-diploma-in-augmented-reality-and-virtual-reality,1.20218E+17,9,0,5,2,10,10,1,120.6291883,0.4,8,9,0,5,2,10,10,1,120.6291883,0.4,8,
/adult-learner/course-detail/NYP-DXSP06/specialist-diploma-in-digital-content-creation-for-e-commerce,1.20218E+17,9,0,6,6,10,10,1,169.0542451,0.6,8,9,0,6,6,10,10,1,169.0542451,0.6,8,
/adult-learner/course-detail/NYP-DXSP06/specialist-diploma-in-digital-content-creation-for-e-commerce,cet-q1-2025#digital-marketing,9,0,5,5,16,14,1.142857143,23.87430771,0.5,13,9,0,5,5,16,14,1.142857143,23.87430771,0.5,13,
/adult-learner/course-detail/NYP-EGDP05/diploma-in-engineering-mechatronics,oh2025,9,0,9,4,9,9,1,232.9060157,0,6,9,0,9,4,9,9,1,232.9060157,0,6,
/adult-learner/course-detail/NYP-EGDP06/diploma-in-engineering-electronic-and-digital-engineering,2025S1-sbm-acet,9,0,9,7,10,11,0.909090909,57.7201,0,3,9,0,9,7,10,11,0.909090909,57.7201,0,3,
/adult-learner/course-detail/NYP-EGSP13/specialist-diploma-in-cloud-computing-and-intelligent-services-management,(referral),9,3,9,4,10,11,0.909090909,28.67780445,0.272727273,4,9,3,9,4,10,11,0.909090909,28.67780445,0.272727273,4,
/adult-learner/course-detail/NYP-EGSPA2/post-diploma-certificate-in-gxp-of-quality-assurance-and-compliance-qac-part-of-specialist-diploma-in-biomedical-and-pharmaceutical-engineering,(not set),9,2,9,2,12,10,1.2,58.2497158,0.1,3,9,2,9,2,12,10,1.2,58.2497158,0.1,3,
/adult-learner/course-detail/NYP-EGSPA4/post-diploma-certificate-in-sustainability-reporting-and-esg-data-management-part-of-specialist-diploma-in-carbon-management-for-sustainability-reporting,2025S1-sbm-acet,9,0,9,5,10,9,1.111111111,40.74340067,0,2,9,0,9,5,10,9,1.111111111,40.74340067,0,2,
/adult-learner/course-detail/NYP-EGSPA6/post-diploma-certificate-in-iot-implementation-for-sustainability-solutioning-part-of-specialist-diploma-in-iot-for-sustainable-solutioning,(referral),9,3,9,2,10,11,0.909090909,126.254898,0.090909091,4,9,3,9,2,10,11,0.909090909,126.254898,0.090909091,4,
/adult-learner/course-detail/NYP-HSAF43/advanced-diploma-in-nursing-mental-health-admh1,(not set),9,1,9,1,10,9,1.111111111,20.04554611,0,1,9,1,9,1,10,9,1.111111111,20.04554611,0,1,
/adult-learner/course-detail/NYP-HSAF44/advanced-diploma-in-nursing-midwifery-admw1,(not set),9,0,9,1,13,9,1.444444444,45.86167567,0,1,9,0,9,1,13,9,1.444444444,45.86167567,0,1,
/adult-learner/course-detail/NYP-HSAF47/advanced-diploma-in-nursing-oncology-adoc1,(not set),9,2,9,2,14,9,1.555555556,52.62312344,0.111111111,2,9,2,9,2,14,9,1.555555556,52.62312344,0.111111111,2,
/adult-learner/course-detail/NYP-HSSP15/specialist-diploma-in-nursing-ear-nose-and-throat,(not set),9,0,9,3,10,9,1.111111111,22.64666078,0,1,9,0,9,3,10,9,1.111111111,22.64666078,0,1,
/adult-learner/course-detail/NYP-JC1A22/learning-needs-and-skills-gap-analysis,(not set),9,0,9,5,13,12,1.083333333,39.0392935,0.083333333,3,9,0,9,5,13,12,1.083333333,39.0392935,0.083333333,3,
/adult-learner/course-detail/NYP-JC1D03/a-new-dimension-in-workplace-learning-to-drive-business-growth-innovating-and-benchmarking-with-japans-best-in-class,cet-q1-2025,9,0,9,2,9,9,1,63.54199133,0,0,9,0,9,2,9,9,1,63.54199133,0,0,
/adult-learner/course-detail/NYP-SI4024_036/tiktok-shop-optimise-your-social-media-marketing-engagement-and-boost-your-sales-classroom-facilitated-asynchronous-e-learning,(organic),9,0,9,2,10,11,0.909090909,14.25391455,0.181818182,3,9,0,9,2,10,11,0.909090909,14.25391455,0.181818182,3,
/adult-learner/course-detail/NYP-SI7025_002/fundamentals-to-starting-an-online-business-classroom-facilitated,cet-q1-2025#digital-marketing,9,0,9,3,13,10,1.3,29.821559,0.1,8,9,0,9,3,13,10,1.3,29.821559,0.1,8,
/adult-learner/course-detail/NYP-SI7025_013/introduction-to-digital-marketing-classroom-facilitated,cet-q1-2025#digital-marketing,9,0,9,0,10,9,1.111111111,15.03476056,0,6,9,0,9,0,10,9,1.111111111,15.03476056,0,6,
/adult-learner/course-detail/NYP-SI7065_002/ai-productivity-boost-unleash-efficiency-and-creativity-with-chatgpt-for-beginnners,cet-q1-2025,9,0,9,4,11,10,1.1,67.2841169,0,3,9,0,9,4,11,10,1.1,67.2841169,0,3,
/adult-learner/course-detail/NYP-SI7073_004/generative-ai-get-informed-entertained-and-inspired-with-microsoft-copilot-classroom-facilitated,(not set),9,0,9,2,17,13,1.307692308,87.02953054,0,2,9,0,9,2,17,13,1.307692308,87.02953054,0,2,
/adult-learner/course-detail/NYP-SI7074_001/generative-ai-get-informed-entertained-and-inspired-with-microsoft-copilot-classroom-facilitated,(referral),9,0,9,3,10,10,1,162.0356157,0,3,9,0,9,3,10,10,1,162.0356157,0,3,
/adult-learner/course-detail/NYP-WSCC12_011/fabrication-of-fish-and-seafood,(organic),9,3,9,0,9,9,1,12.35918122,0.333333333,6,9,3,9,0,9,9,1,12.35918122,0.333333333,6,
/adult-learner/course-detail/NYP-WSCP29_041/chestnut-delights,(direct),9,5,9,0,9,9,1,2.634394,0.222222222,3,9,5,9,0,9,9,1,2.634394,0.222222222,3,
/adult-learner/course-detail/NYP-WSCV01_010/prepare-basic-sushi,cet-q1-2025#personal-development,9,0,9,0,10,9,1.111111111,21.87393267,0,3,9,0,9,0,10,9,1.111111111,21.87393267,0,3,
/adult-learner/course-detail/NYP-WSCV07_001/food-safety-course-level-4,cet-q1-2025,9,0,9,2,11,9,1.222222222,33.23639744,0,2,9,0,9,2,11,9,1.222222222,33.23639744,0,2,
/adult-learner/course-detail/NYP-WSQV01_001/service-excellence-sf-associate,(organic),9,0,9,4,10,9,1.111111111,32.31786789,0,2,9,0,9,4,10,9,1.111111111,32.31786789,0,2,
/adult-learner/course-detail/NYP-WSQV03_012/productivity-improvement-sf-manager,(organic),9,0,9,7,10,11,0.909090909,107.0968078,0,2,9,0,9,7,10,11,0.909090909,107.0968078,0,2,
/adult-learner/course-types/part-time-diplomas-certificates,cet-q1-2025#personal-development,9,0,9,2,10,9,1.111111111,31.50791622,0,1,9,0,9,2,10,9,1.111111111,31.50791622,0,1,
/adult-learner/course-types/post-diploma-programmes/business-management,OH25,9,0,9,2,10,9,1.111111111,18.80637611,0,7,9,0,9,2,10,9,1.111111111,18.80637611,0,7,
/adult-learner/find-a-course,1.20218E+17,9,0,9,0,12,9,1.333333333,123.5643343,0,5,9,0,9,0,12,9,1.333333333,123.5643343,0,5,
/adult-learner/find-a-course,1.20218E+17,9,0,9,3,17,10,1.7,73.5450315,0,6,9,0,9,3,17,10,1.7,73.5450315,0,6,
/adult-learner/find-a-course,cet-q1-2025#sustainability,9,0,9,3,20,13,1.538461538,144.2023347,0,5,9,0,9,3,20,13,1.538461538,144.2023347,0,5,
/adult-learner/funding/incentives,oh2025,9,0,9,9,12,10,1.2,13.3928687,0.2,8,9,0,9,9,12,10,1.2,13.3928687,0.2,8,
/adult-learner/course-detail/NYP-AS002Z/staff-training-and-development-part-of-pdc3-of-advanced-diploma-in-pharmaceutical-sciences,(not set),8,1,8,0,8,8,1,0.798264375,0.125,2,8,1,8,0,8,8,1,0.798264375,0.125,2,
/adult-learner/course-detail/NYP-ASSPA2/post-diploma-certificate-in-public-health-communication-part-of-specialist-diploma-in-nutrition-science,(direct),8,0,8,3,8,8,1,32.11842988,0,4,8,0,8,3,8,8,1,32.11842988,0,4,
/adult-learner/course-detail/NYP-BMSP13/specialist-diploma-in-human-resource-management,oh2025,8,0,8,6,11,10,1.1,67.0991981,0,6,8,0,8,6,11,10,1.1,67.0991981,0,6,
/adult-learner/course-detail/NYP-BMSP16/specialist-diploma-in-fund-management-and-administration,2024S2-sbm-acet,8,2,8,4,9,10,0.9,18.7852114,0.2,6,8,2,8,4,9,10,0.9,18.7852114,0.2,6,
/adult-learner/course-detail/NYP-BMSP18/specialist-diploma-in-sport-management-and-marketing,(referral),8,2,8,5,10,9,1.111111111,100.0784719,0.111111111,5,8,2,8,5,10,9,1.111111111,100.0784719,0.111111111,5,
/adult-learner/course-detail/NYP-BMSP19/specialist-diploma-in-human-capital-management,2025S1-sbm-acet,8,0,8,5,11,8,1.375,66.07019925,0,1,8,0,8,5,11,8,1.375,66.07019925,0,1,
/adult-learner/course-detail/NYP-CB0408/growing-wealth,(direct),8,1,8,3,10,8,1.25,45.10326563,0,3,8,1,8,3,10,8,1.25,45.10326563,0,3,
/adult-learner/course-detail/NYP-CB1247/curating-digital-visual-content-with-product-styling-and-photography,(direct),8,1,8,6,9,8,1.125,166.8555399,0.125,4,8,1,8,6,9,8,1.125,166.8555399,0.125,4,
/adult-learner/course-detail/NYP-CB1252/iot-applications-in-supply-chain-management,(direct),8,2,8,5,10,9,1.111111111,123.6300706,0.111111111,3,8,2,8,5,10,9,1.111111111,123.6300706,0.111111111,3,
/adult-learner/course-detail/NYP-CB1335/sales-closing-techniques,cet-q1-2025,8,0,8,1,10,10,1,27.2575098,0.2,3,8,0,8,1,10,10,1,27.2575098,0.2,3,
/adult-learner/course-detail/NYP-CB1572/reading-signs-and-moving-minds-personality-analysis-for-innovative-negotiation-and-conflict-management,(referral),8,5,8,2,8,9,0.888888889,149.6833716,0,5,8,5,8,2,8,9,0.888888889,149.6833716,0,5,
/adult-learner/course-detail/NYP-CB231015/1-day-search-engine-optimisation-fundamentals,cet-q1-2025,8,0,8,1,8,8,1,68.6151925,0,0,8,0,8,1,8,8,1,68.6151925,0,0,
/adult-learner/course-detail/NYP-CB231019/digital-marketing-analytics,cet-q1-2025#digital-marketing,8,0,8,2,8,8,1,10.187644,0,3,8,0,8,2,8,8,1,10.187644,0,3,
/adult-learner/course-detail/NYP-CB231024/warehouse-and-inventory-management,2024S2-sbm-acet,8,0,8,5,12,10,1.2,51.1691971,0.1,3,8,0,8,5,12,10,1.2,51.1691971,0.1,3,
/adult-learner/course-detail/NYP-CE1150/introduction-to-data-analytics-using-excel,cet-q1-2025,8,0,8,4,12,10,1.2,292.9409535,0,5,8,0,8,4,12,10,1.2,292.9409535,0,5,
/adult-learner/course-detail/NYP-CE1205/programmable-logic-controller-programming,(direct),8,0,8,2,8,8,1,36.97146613,0.125,0,8,0,8,2,8,8,1,36.97146613,0.125,0,
/adult-learner/course-detail/NYP-CE1231/coding-for-beginners,(direct),8,0,8,4,8,9,0.888888889,23.66253422,0.222222222,2,8,0,8,4,8,9,0.888888889,23.66253422,0.222222222,2,
/adult-learner/course-detail/NYP-CE1231/coding-for-beginners,(organic),8,1,8,6,9,9,1,45.798627,0.111111111,7,8,1,8,6,9,9,1,45.798627,0.111111111,7,
/adult-learner/course-detail/NYP-CE1256/introduction-to-cnc-machining-processes,(organic),8,0,8,5,12,13,0.923076923,71.66983423,0.384615385,8,8,0,8,5,12,13,0.923076923,71.66983423,0.384615385,8,
/adult-learner/course-detail/NYP-CE1540/introduction-to-artificial-intelligence-and-machine-learning-synchronous-e-learning,2025S1-sbm-acet,8,0,8,8,8,8,1,24.38857363,0,2,8,0,8,8,8,8,1,24.38857363,0,2,
/adult-learner/course-detail/NYP-CE1543/software-quality-assurance-essentials,cet-q1-2025,8,0,8,1,9,8,1.125,90.5285825,0,2,8,0,8,1,9,8,1.125,90.5285825,0,2,
/adult-learner/course-detail/NYP-CE231009/introduction-in-the-3d-printing-in-the-maritime-industry-classroom,(organic),8,1,8,1,8,8,1,131.4303501,0,2,8,1,8,1,8,8,1,131.4303501,0,2,
/adult-learner/course-detail/NYP-CE231012/data-analytics-tools,(direct),8,0,8,6,10,10,1,96.106057,0,4,8,0,8,6,10,10,1,96.106057,0,4,
/adult-learner/course-detail/NYP-CE231014/9-day-precision-engineering-assessment-and-reskilling-lab-pearl-cnc-milling,cet-q1-2025,8,0,8,0,8,8,1,58.09490288,0,3,8,0,8,0,8,8,1,58.09490288,0,3,
/adult-learner/course-detail/NYP-CE234002/digital-transformation-enablers-for-manufacturing-aerospace-mro-skillsfuture-for-digital-workplace-20,(organic),8,1,8,3,8,8,1,103.2820049,0,1,8,1,8,3,8,8,1,103.2820049,0,1,
/adult-learner/course-detail/NYP-CE241008/dHJhaW4tdG,(direct),8,8,8,0,8,8,1,24.008002,0.125,8,8,8,8,0,8,8,1,24.008002,0.125,8,
/adult-learner/course-detail/NYP-CH1186/dental-care-for-people-with-special-needs,cet-q1-2025,8,0,8,1,9,8,1.125,23.90697238,0,4,8,0,8,1,9,8,1.125,23.90697238,0,4,
/adult-learner/course-detail/NYP-CH2013/stress-and-crises-in-relationships-for-working-adults,(not set),8,2,8,1,8,8,1,10.14222013,0,1,8,2,8,1,8,8,1,10.14222013,0,1,
/adult-learner/course-detail/NYP-CH239002/new-perspectives-on-the-mid-level-oral-health-provider,(direct),8,0,8,6,8,8,1,21.23497975,0,3,8,0,8,6,8,8,1,21.23497975,0,3,
/adult-learner/course-detail/NYP-CI1274/learning-to-code,(direct),8,0,8,6,11,13,0.846153846,17.23936692,0,3,8,0,8,6,11,13,0.846153846,17.23936692,0,3,
/adult-learner/course-detail/NYP-CI231003/robotic-process-automation,cet-q1-2025,8,0,8,1,10,9,1.111111111,49.95307211,0,3,8,0,8,1,10,9,1.111111111,49.95307211,0,3,
/adult-learner/course-detail/NYP-CI241002/mastering-power-apps-from-beginner-to-pro,(referral),8,1,8,0,8,8,1,113.8534913,0,5,8,1,8,0,8,8,1,113.8534913,0,5,
/adult-learner/course-detail/NYP-CK2017/delivering-successful-presentations,(organic),8,2,8,2,8,9,0.888888889,230.4723813,0.111111111,2,8,2,8,2,8,9,0.888888889,230.4723813,0.111111111,2,
/adult-learner/course-detail/NYP-CK2019/emailing-made-easy,(direct),8,0,8,3,9,9,1,35.61050311,0.111111111,2,8,0,8,3,9,9,1,35.61050311,0.111111111,2,
/adult-learner/course-detail/NYP-CK2020/emailing-made-easy-synchronous-e-learning,(direct),8,1,8,2,8,8,1,258.9459119,0.125,2,8,1,8,2,8,8,1,258.9459119,0.125,2,
/adult-learner/course-detail/NYP-CL1302/functional-food-in-human-studies,(organic),8,0,8,4,8,8,1,44.53688538,0,1,8,0,8,4,8,8,1,44.53688538,0,1,
/adult-learner/course-detail/NYP-CL231001M01/perform-food-cargo-inspection,(organic),8,4,8,4,10,11,0.909090909,29.63256773,0.090909091,6,8,4,8,4,10,11,0.909090909,29.63256773,0.090909091,6,
/adult-learner/course-detail/NYP-CL231002M01/carbon-accounting-and-management,(not set),8,4,8,3,14,9,1.555555556,68.26967967,0.111111111,6,8,4,8,3,14,9,1.555555556,68.26967967,0.111111111,6,
/adult-learner/course-detail/NYP-CL231003M01/pharmacy-technician-entry-to-practice-framework-pt-etp-train-the-trainer-workshop,(referral),8,7,8,0,8,8,1,41.13680425,0,6,8,7,8,0,8,8,1,41.13680425,0,6,
/adult-learner/course-detail/NYP-CL240005/food-safety-and-cold-chain-management,(not set),8,7,8,1,9,8,1.125,6.901541375,0.5,7,8,7,8,1,9,8,1.125,6.901541375,0.5,7,
/adult-learner/course-detail/NYP-CL240006/food-microbiology-with-environmental-insights,(direct),8,1,8,4,9,8,1.125,60.04232013,0,3,8,1,8,4,9,8,1.125,60.04232013,0,3,
/adult-learner/course-detail/NYP-CLLP01/work-study-certificate-leading-to-diploma-in-applied-science-food-technology,oh2025,8,0,8,6,14,12,1.166666667,36.63275217,0.083333333,5,8,0,8,6,14,12,1.166666667,36.63275217,0.083333333,5,
/adult-learner/course-detail/NYP-CLSP06/specialist-diploma-in-nutrition-science,2025S1-sbm-acet,8,0,8,5,10,10,1,89.8551031,0,4,8,0,8,5,10,10,1,89.8551031,0,4,
/adult-learner/course-detail/NYP-CLSP06/specialist-diploma-in-nutrition-science,cet-q1-2025#personal-development,8,0,8,2,8,8,1,3.414798125,0,1,8,0,8,2,8,8,1,3.414798125,0,1,
/adult-learner/course-detail/NYP-CX1288/service-experience-design-4-day-mini-series,cet-q1-2025,8,0,8,2,9,9,1,155.120651,0.111111111,4,8,0,8,2,9,9,1,155.120651,0.111111111,4,
/adult-learner/course-detail/NYP-CX235005/ai-powered-content-creation,(organic),8,3,8,3,14,10,1.4,327.4531094,0.1,5,8,3,8,3,14,10,1.4,327.4531094,0.1,5,
/adult-learner/course-detail/NYP-CX241003/storytelling-using-generative-artificial-intelligence,2025S1-sbm-acet,8,0,8,7,12,10,1.2,25.1216147,0.1,0,8,0,8,7,12,10,1.2,25.1216147,0.1,0,
/adult-learner/course-detail/NYP-CX241003/storytelling-using-generative-artificial-intelligence,cet-q1-2025#digital-marketing,8,0,8,5,11,9,1.222222222,82.82090778,0,3,8,0,8,5,11,9,1.222222222,82.82090778,0,3,
/adult-learner/course-detail/NYP-DXEP05/work-study-post-diploma-specialist-diploma-in-digital-media-production,oh2025,8,0,8,4,8,8,1,263.1655799,0,4,8,0,8,4,8,8,1,263.1655799,0,4,
/adult-learner/course-detail/NYP-DXSP01/specialist-diploma-in-smart-project-and-facilities-management,oh2025,8,0,7,6,11,10,1.1,86.7656688,0.2,6,8,0,7,6,11,10,1.1,86.7656688,0.2,6,
/adult-learner/course-detail/NYP-DXSP02/specialist-diploma-in-visual-effects,(not set),8,0,8,4,10,9,1.111111111,196.5281578,0,5,8,0,8,4,10,9,1.111111111,196.5281578,0,5,
/adult-learner/course-detail/NYP-DXSP02/specialist-diploma-in-visual-effects,1.20218E+17,8,0,5,4,9,9,1,40.15974033,0.555555556,8,8,0,5,4,9,9,1,40.15974033,0.555555556,8,
/adult-learner/course-detail/NYP-DXSP03/specialist-diploma-in-service-experience-design-and-innovation,1.20218E+17,8,0,5,3,11,10,1.1,106.5558029,0.2,10,8,0,5,3,11,10,1.1,106.5558029,0.2,10,
/adult-learner/course-detail/NYP-DXSP03/specialist-diploma-in-service-experience-design-and-innovation,oh2025,8,1,8,6,10,8,1.25,64.66489025,0.125,4,8,1,8,6,10,8,1.25,64.66489025,0.125,4,
/adult-learner/course-detail/NYP-DXSP07/specialist-diploma-in-user-experience-design-and-management,(not set),8,2,8,5,9,10,0.9,29.1173403,0.2,6,8,2,8,5,9,10,0.9,29.1173403,0.2,6,
/adult-learner/course-detail/NYP-EGDP04/diploma-in-engineering-aerospace-manufacturing,2025S1-sbm-acet,8,0,8,0,9,9,1,72.18857367,0.111111111,8,8,0,8,0,9,9,1,72.18857367,0.111111111,8,
/adult-learner/course-detail/NYP-EGSP15/specialist-diploma-in-cloud-security-and-iot-cloud-services,(referral),8,1,8,4,14,13,1.076923077,177.278741,0.384615385,9,8,1,8,4,14,13,1.076923077,177.278741,0.384615385,9,
/adult-learner/course-detail/NYP-EGSPA3/post-diploma-certificate-in-carbon-management-for-a-sustainable-economy-part-of-specialist-diploma-in-carbon-management-for-sustainability-reporting,(referral),8,2,8,7,13,13,1,208.6773966,0.076923077,7,8,2,8,7,13,13,1,208.6773966,0.076923077,7,
/adult-learner/course-detail/NYP-EGSPA5/post-diploma-certificate-in-materials-sustainability-and-governance-part-of-specialist-diploma-in-sustainable-materials-management,(referral),8,0,8,4,9,9,1,143.6113076,0,2,8,0,8,4,9,9,1,143.6113076,0,2,
/adult-learner/course-detail/NYP-HSAF29/advanced-diploma-in-nursing-medical-surgical,cet-q1-2025,8,0,8,1,9,9,1,15.12326067,0.111111111,4,8,0,8,1,9,9,1,15.12326067,0.111111111,4,
/adult-learner/course-detail/NYP-HSAF45/advanced-diploma-in-nursing-nephro-urology-adnu1,(not set),8,0,8,2,11,9,1.222222222,181.2692287,0,1,8,0,8,2,11,9,1.222222222,181.2692287,0,1,
/adult-learner/course-detail/NYP-HSAF49/advanced-diploma-in-nursing-paediatrics-adpd1,(not set),8,0,8,1,9,8,1.125,37.76761075,0,0,8,0,8,1,9,8,1.125,37.76761075,0,0,
/adult-learner/course-detail/NYP-HSSP15/specialist-diploma-in-nursing-ear-nose-and-throat,2025S1-sbm-acet,8,0,8,3,9,8,1.125,38.3213995,0,1,8,0,8,3,9,8,1.125,38.3213995,0,1,
/adult-learner/course-detail/NYP-ITSP12/specialist-diploma-in-applied-artificial-intelligence-pcm,(not set),8,0,8,2,8,9,0.888888889,49.49924644,0.111111111,3,8,0,8,2,8,9,0.888888889,49.49924644,0.111111111,3,
/adult-learner/course-detail/NYP-ITSPA2/post-diploma-certificate-in-applied-data-science-part-of-specialist-diploma-in-business-and-big-data-analytics,(not set),8,0,8,2,10,8,1.25,61.7792165,0,2,8,0,8,2,10,8,1.25,61.7792165,0,2,
/adult-learner/course-detail/NYP-JC1A21/coaching-for-the-workplace,(referral),8,4,8,2,9,9,1,140.6588466,0.222222222,7,8,4,8,2,9,9,1,140.6588466,0.222222222,7,
/adult-learner/course-detail/NYP-NYP-CB1264/advanced-hr-analytics-using-data-modelling-to-improve-human-capital-performance,cet-q1-2025,8,0,8,3,10,8,1.25,89.97678413,0,1,8,0,8,3,10,8,1.25,89.97678413,0,1,
/adult-learner/course-detail/NYP-SI4013_013/digital-marketing-to-drive-business-growth-and-roi-classroom-facilitated-asynchronous-e-learning,(organic),8,4,8,3,11,11,1,87.88694664,0.363636364,7,8,4,8,3,11,11,1,87.88694664,0.363636364,7,
/adult-learner/course-detail/NYP-SI4024_037/sustainability-everyday-upcycle-fabrics-and-learn-mobile-photography-with-ecommerce-opportunities-classroom-facilitated-asynchronous-e-learning,(referral),8,1,7,3,11,14,0.785714286,81.03302486,0.5,8,8,1,7,3,11,14,0.785714286,81.03302486,0.5,8,
/adult-learner/course-detail/NYP-SI4025_020/youtube-content-creation-develop-your-unique-brand-that-stands-out-and-drives-engagement-classroom-facilitated-asynchronous-e-learning,cet-q1-2025,8,0,8,4,8,8,1,60.86331075,0,2,8,0,8,4,8,8,1,60.86331075,0,2,
/adult-learner/course-detail/NYP-SI4032_801/alibaba-ceo-master-programme,(not set),8,1,8,1,8,8,1,26.92902713,0.125,2,8,1,8,1,8,8,1,26.92902713,0.125,2,
/adult-learner/course-detail/NYP-SI4060_004/accelerate-sales-and-conversions-with-ai-powered-data-analytics-classroom-facilitated-practical-training-asynchronous-e-learning,(not set),8,0,8,1,8,8,1,85.79205963,0,0,8,0,8,1,8,8,1,85.79205963,0,0,
/adult-learner/course-detail/NYP-SI7025_011/engage-customers-through-social-media-classroom-facilitated,(organic),8,1,8,3,10,10,1,48.3551655,0.1,2,8,1,8,3,10,10,1,48.3551655,0.1,2,
/adult-learner/course-detail/NYP-SI7072_001/tapping-into-the-power-of-instagram-for-selling-classroom-facilitated,(organic),8,1,8,2,8,8,1,38.762698,0.125,3,8,1,8,2,8,8,1,38.762698,0.125,3,
/adult-learner/course-detail/NYP-SI8032_003/critical-thinking-and-problem-solving,cet-q1-2025#personal-development,8,0,8,1,11,8,1.375,52.85199725,0,3,8,0,8,1,11,8,1.375,52.85199725,0,3,
/adult-learner/course-detail/NYP-SI8041_001/whisky-ambassador,cet-q1-2025,8,0,8,1,8,8,1,53.11947325,0,2,8,0,8,1,8,8,1,53.11947325,0,2,
/adult-learner/course-detail/NYP-WSCA05_005/demonstrate-chinese-moist-heat-cooking,cet-q1-2025,8,0,8,4,7,8,0.875,36.80509013,0,1,8,0,8,4,7,8,0.875,36.80509013,0,1,
/adult-learner/course-detail/NYP-WSCD11_007/maintain-inventories,(organic),8,0,8,2,8,8,1,45.03662013,0,2,8,0,8,2,8,8,1,45.03662013,0,2,
/adult-learner/course-detail/NYP-WSCM14_002/classic-french-cuisine,(direct),8,4,8,0,8,8,1,7.824644625,0.25,3,8,4,8,0,8,8,1,7.824644625,0.25,3,
/adult-learner/course-detail/NYP-WSCP29_011/durian-delights,(direct),8,2,8,0,8,8,1,3.4936255,0.125,1,8,2,8,0,8,8,1,3.4936255,0.125,1,
/adult-learner/course-detail/NYP-WSCP40_010/baking-and-pastry-101,cet-q1-2025,8,0,8,3,8,8,1,32.10085425,0,2,8,0,8,3,8,8,1,32.10085425,0,2,
/adult-learner/course-detail/NYP-WSCP44_001/pwm-food-services-food-waste-disposal-and-reduction,cet-q1-2025#personal-development,8,0,8,3,8,8,1,18.13744475,0,2,8,0,8,3,8,8,1,18.13744475,0,2,
/adult-learner/course-detail/NYP-WSCV01_001/basic-dim-sum,(referral),8,2,8,2,9,8,1.125,56.60461888,0,1,8,2,8,2,9,8,1.125,56.60461888,0,1,
/adult-learner/course-detail/NYP-WSCV04_001/artisan-breads,cet-q1-2025#personal-development,8,0,8,1,10,8,1.25,38.2992405,0,2,8,0,8,1,10,8,1.25,38.2992405,0,2,
/adult-learner/course-detail/NYP-WSCY02_801/sctp-certificate-in-food-services-pastry-and-baking-part-time,(not set),8,0,8,3,8,9,0.888888889,20.86349078,0.111111111,4,8,0,8,3,8,9,0.888888889,20.86349078,0.111111111,4,
/adult-learner/course-detail/NYP-WSCY02_801/sctp-certificate-in-food-services-pastry-and-baking-part-time,(referral),8,0,8,6,13,10,1.3,43.5314891,0,5,8,0,8,6,13,10,1.3,43.5314891,0,5,
/adult-learner/course-detail/NYP-WSCY06_801/sctp-advanced-certificate-in-food-services-pastry-and-baking-part-time,(not set),8,1,8,2,8,8,1,30.8353245,0,2,8,1,8,2,8,8,1,30.8353245,0,2,
/adult-learner/course-detail/NYP-WSCY16_801/sctp-pastry-and-baking-specialist-full-time-ta-eligible,(organic),8,1,8,2,8,9,0.888888889,67.60955444,0.111111111,2,8,1,8,2,8,9,0.888888889,67.60955444,0.111111111,2,
/adult-learner/course-detail/NYP-WSQA04_007/service-coaching-sf-supervisor-classroom,(organic),8,0,8,2,8,8,1,48.80157875,0,1,8,0,8,2,8,8,1,48.80157875,0,1,
/adult-learner/course-detail/NYP-WSQA04_010/pwm-retail-customer-experience-innovation-sf-supervisor,(organic),8,4,8,3,11,10,1.1,249.7743543,0.2,6,8,4,8,3,11,10,1.1,249.7743543,0.2,6,
/adult-learner/course-detail/NYP-WSQV02_001/adapt-to-change-sf-supervisor,cet-q1-2025,8,0,8,0,8,8,1,10.78779063,0,3,8,0,8,0,8,8,1,10.78779063,0,3,
/adult-learner/course-type-quiz,(referral),8,0,8,3,11,10,1.1,25.6979293,0,0,8,0,8,3,11,10,1.1,25.6979293,0,0,
/adult-learner/course-types/post-diploma-programmes/applied-science,2025S1-sbm-acet,8,0,8,2,9,8,1.125,12.54614,0,0,8,0,8,2,9,8,1.125,12.54614,0,0,
/adult-learner/course-types/post-diploma-programmes/applied-science,OH25,8,0,8,4,8,8,1,10.8377615,0.125,3,8,0,8,4,8,8,1,10.8377615,0.125,3,
/adult-learner/course-types/post-diploma-programmes/design-media,(not set),8,0,8,4,8,9,0.888888889,29.84531622,0,1,8,0,8,4,8,9,0.888888889,29.84531622,0,1,
/adult-learner/course-types/post-diploma-programmes/engineering,OH25,8,0,8,4,9,9,1,254.4041868,0.111111111,4,8,0,8,4,9,9,1,254.4041868,0.111111111,4,
/adult-learner/course-types/post-diploma-programmes/information-technology,OH25,8,0,8,2,9,9,1,23.95973989,0,6,8,0,8,2,9,9,1,23.95973989,0,6,
/adult-learner/course-types/recommended/applied-science,cet-q1-2025,8,0,7,6,13,9,1.444444444,83.15610467,0.111111111,5,8,0,7,6,13,9,1.444444444,83.15610467,0.111111111,5,
/adult-learner/skillsfuture-level-up,cet-q1-2025#digital-marketing,8,0,5,4,8,9,0.888888889,138.8513937,0.444444444,5,8,0,5,4,8,9,0.888888889,138.8513937,0.444444444,5,
/adult-learner,1.20218E+17,7,0,7,3,9,7,1.285714286,31.86872329,0,1,7,0,7,3,9,7,1.285714286,31.86872329,0,1,
/adult-learner,cet-q1-2025#sustainability,7,0,7,4,11,8,1.375,1041.119162,0.125,3,7,0,7,4,11,8,1.375,1041.119162,0.125,3,
/adult-learner/course-detail,(organic),7,2,7,3,7,7,1,6.750660429,0.285714286,2,7,2,7,3,7,7,1,6.750660429,0.285714286,2,
/adult-learner/course-detail/NYP-AS004Z/medication-management-part-of-the-pdc1-advanced-diploma-in-pharmaceutical-sciences,(not set),7,0,7,2,8,7,1.142857143,22.187591,0,2,7,0,7,2,8,7,1.142857143,22.187591,0,2,
/adult-learner/course-detail/NYP-AS006Z/good-dispensing-practice-part-of-pdc2-of-advanced-diploma-in-pharmaceutical-sciences,(not set),7,0,7,1,10,7,1.428571429,30.51912214,0,0,7,0,7,1,10,7,1.428571429,30.51912214,0,0,
/adult-learner/course-detail/NYP-AS007Z/drug-information-part-of-pdc2-of-advanced-diploma-in-pharmaceutical-sciences,(not set),7,0,7,1,8,7,1.142857143,27.24340043,0,1,7,0,7,1,8,7,1.142857143,27.24340043,0,1,
/adult-learner/course-detail/NYP-AS008Z/medication-safety-part-of-pdc2-of-advanced-diploma-in-pharmaceutical-sciences,(not set),7,2,7,1,9,7,1.285714286,24.24834943,0.142857143,1,7,2,7,1,9,7,1.285714286,24.24834943,0.142857143,1,
/adult-learner/course-detail/NYP-AS008Z/medication-safety-part-of-pdc2-of-advanced-diploma-in-pharmaceutical-sciences,(organic),7,2,7,2,7,7,1,238.055105,0,3,7,2,7,2,7,7,1,238.055105,0,3,
/adult-learner/course-detail/NYP-ASSPA3/post-diploma-certificate-in-energy-management-for-process-industry-part-of-specialist-diploma-in-energy-and-environmental-management-for-process-industry,(referral),7,1,7,4,11,8,1.375,36.86072088,0,4,7,1,7,4,11,8,1.375,36.86072088,0,4,
/adult-learner/course-detail/NYP-BMDP04/diploma-in-business-practice-customer-relationship-and-service-management,OH25,7,0,7,4,10,7,1.428571429,259.3120001,0,5,7,0,7,4,10,7,1.428571429,259.3120001,0,5,
/adult-learner/course-detail/NYP-BMEP01/work-study-post-diploma-specialist-diploma-human-capital-management,2025S1-sbm-acet,7,0,7,6,10,11,0.909090909,133.8582574,0,5,7,0,7,6,10,11,0.909090909,133.8582574,0,5,
/adult-learner/course-detail/NYP-BMLP02/work-study-certificate-leading-to-diploma-in-business-practice-accounting,oh2025,7,1,7,4,8,7,1.142857143,74.28178543,0,2,7,1,7,4,8,7,1.142857143,74.28178543,0,2,
/adult-learner/course-detail/NYP-BMSP15/specialist-diploma-in-supply-chain-management,(not set),7,0,7,4,7,7,1,48.430338,0,3,7,0,7,4,7,7,1,48.430338,0,3,
/adult-learner/course-detail/NYP-BMSP15/specialist-diploma-in-supply-chain-management,2024S2-sbm-acet,7,0,7,6,10,9,1.111111111,88.48080133,0.222222222,4,7,0,7,6,10,9,1.111111111,88.48080133,0.222222222,4,
/adult-learner/course-detail/NYP-BMSP19/specialist-diploma-in-human-capital-management,(not set),7,0,7,5,12,13,0.923076923,125.4603672,0.307692308,5,7,0,7,5,12,13,0.923076923,125.4603672,0.307692308,5,
/adult-learner/course-detail/NYP-BMSPA7/post-diploma-certificate-in-sport-management-part-of-specialist-diploma-in-sport-management-and-marketing,cet-q1-2025#personal-development,7,0,7,3,8,7,1.142857143,16.65367743,0,3,7,0,7,3,8,7,1.142857143,16.65367743,0,3,
/adult-learner/course-detail/NYP-BMSPA8/post-diploma-certificate-in-fund-management-part-of-specialist-diploma-in-fund-management-and-administration,cet-q1-2025#personal-development,7,0,7,2,8,7,1.142857143,29.11228114,0,3,7,0,7,2,8,7,1.142857143,29.11228114,0,3,
/adult-learner/course-detail/NYP-CB1247/curating-digital-visual-content-with-product-styling-and-photography,(organic),7,0,7,0,7,7,1,55.09148829,0,2,7,0,7,0,7,7,1,55.09148829,0,2,
/adult-learner/course-detail/NYP-CB1334/digital-marketing,cet-q1-2025#digital-marketing,7,0,7,1,8,8,1,16.77480713,0,5,7,0,7,1,8,8,1,16.77480713,0,5,
/adult-learner/course-detail/NYP-CB1340/introduction-to-legal-issues,cet-q1-2025,7,0,7,2,7,8,0.875,10.3206285,0.125,1,7,0,7,2,7,8,0.875,10.3206285,0.125,1,
/adult-learner/course-detail/NYP-CB1370/digital-event-management,(organic),7,2,7,2,11,9,1.222222222,19.777973,0.222222222,4,7,2,7,2,11,9,1.222222222,19.777973,0.222222222,4,
/adult-learner/course-detail/NYP-CB1536/certificate-in-fund-administration,(referral),7,5,7,3,7,9,0.777777778,37.88536222,0.333333333,6,7,5,7,3,7,9,0.777777778,37.88536222,0.333333333,6,
/adult-learner/course-detail/NYP-CB1538/social-commerce-fundamentals,cet-q1-2025,7,0,7,2,7,7,1,25.08085014,0,2,7,0,7,2,7,7,1,25.08085014,0,2,
/adult-learner/course-detail/NYP-CB1578/event-branding-and-social-media-marketing,(referral),7,4,7,2,11,9,1.222222222,256.4738679,0,4,7,4,7,2,11,9,1.222222222,256.4738679,0,4,
/adult-learner/course-detail/NYP-CB1579/ai-for-business-communication,cet-q1-2025#digital-marketing,7,0,7,5,7,8,0.875,49.63190838,0.25,4,7,0,7,5,7,8,0.875,49.63190838,0.25,4,
/adult-learner/course-detail/NYP-CB2001/becoming-a-change-agent-in-a-volatile-world,cet-q1-2025,7,0,7,0,7,7,1,20.87787543,0,1,7,0,7,0,7,7,1,20.87787543,0,1,
/adult-learner/course-detail/NYP-CB231003/introduction-to-business-analytics-making-data-driven-decisions-for-business-executives,(not set),7,0,7,4,9,7,1.285714286,96.40921843,0,2,7,0,7,4,9,7,1.285714286,96.40921843,0,2,
/adult-learner/course-detail/NYP-CB231011/trade-association-101-abridged-ta-101a,cet-q1-2025,7,0,7,3,7,7,1,25.37951529,0,0,7,0,7,3,7,7,1,25.37951529,0,0,
/adult-learner/course-detail/NYP-CB231016/communicate-your-innovation-story-through-story-mapping,(organic),7,0,6,3,7,7,1,27.17536829,0.142857143,1,7,0,6,3,7,7,1,27.17536829,0.142857143,1,
/adult-learner/course-detail/NYP-CB231022/international-trade-and-freight-management,2024S2-sbm-acet,7,0,7,6,9,8,1.125,12.59515375,0.25,3,7,0,7,6,9,8,1.125,12.59515375,0.25,3,
/adult-learner/course-detail/NYP-CB231023/sustainability-in-sourcing-and-procurement-strategies,(not set),7,0,7,3,7,7,1,280.2006459,0,2,7,0,7,3,7,7,1,280.2006459,0,2,
/adult-learner/course-detail/NYP-CB234003/digitalisation-for-transportation-skillsfuture-for-digital-workplace-20-online,cet-q1-2025,7,0,7,1,7,7,1,26.389384,0,1,7,0,7,1,7,7,1,26.389384,0,1,
/adult-learner/course-detail/NYP-CB241010/sustainability-at-our-core-essentials-of-climate-risk,2025S1-sbm-acet,7,0,7,2,7,8,0.875,29.23496475,0,3,7,0,7,2,7,8,0.875,29.23496475,0,3,
/adult-learner/course-detail/NYP-CB241010/sustainability-at-our-core-essentials-of-climate-risk,cet-q1-2025,7,0,7,0,7,7,1,40.03129843,0,1,7,0,7,0,7,7,1,40.03129843,0,1,
/adult-learner/course-detail/NYP-CE1142/digital-world-of-3d-printing,(direct),7,0,7,4,7,8,0.875,121.4282371,0.125,2,7,0,7,4,7,8,0.875,121.4282371,0.125,2,
/adult-learner/course-detail/NYP-CE1145/cyber-security-from-scratch-synchronous-elearning,cet-q1-2025#cybersecurity,7,0,7,1,7,7,1,31.2288,0,6,7,0,7,1,7,7,1,31.2288,0,6,
/adult-learner/course-detail/NYP-CE1282/process-and-design-optimisation-using-design-of-experiments-doe,(direct),7,0,7,5,7,7,1,32.02342771,0,0,7,0,7,5,7,7,1,32.02342771,0,0,
/adult-learner/course-detail/NYP-CE1283/data-analysis-with-python,(referral),7,5,7,0,7,7,1,84.60293943,0.142857143,2,7,5,7,0,7,7,1,84.60293943,0.142857143,2,
/adult-learner/course-detail/NYP-CE1362/python-a-first-look,(direct),7,0,7,4,9,8,1.125,126.0284054,0,2,7,0,7,4,9,8,1.125,126.0284054,0,2,
/adult-learner/course-detail/NYP-CE1362/python-a-first-look,(organic),7,0,7,3,7,9,0.777777778,20.503332,0.111111111,1,7,0,7,3,7,9,0.777777778,20.503332,0.111111111,1,
/adult-learner/course-detail/NYP-CE1380/deep-dive-into-3d-printing-classroom-and-synchronous,(organic),7,2,6,3,8,8,1,464.6456342,0.125,6,7,2,6,3,8,8,1,464.6456342,0.125,6,
/adult-learner/course-detail/NYP-CE1504/anatomical-modelling-and-engineering-in-medical-3d-printing,(direct),7,0,7,4,15,15,1,66.59496427,0.4,7,7,0,7,4,15,15,1,66.59496427,0.4,7,
/adult-learner/course-detail/NYP-CE1510/demystify-generative-artificial-intelligence,(not set),7,0,7,5,27,18,1.5,269.9212143,0.111111111,5,7,0,7,5,27,18,1.5,269.9212143,0.111111111,5,
/adult-learner/course-detail/NYP-CE1539/edgeai-system-for-industry-40-applications-and-beyond,(not set),7,0,7,2,10,8,1.25,33.14138963,0,1,7,0,7,2,10,8,1.25,33.14138963,0,1,
/adult-learner/course-detail/NYP-CE1540/introduction-to-artificial-intelligence-and-machine-learning-synchronous-e-learning,oh2025,7,0,7,4,10,7,1.428571429,38.17116,0,1,7,0,7,4,10,7,1.428571429,38.17116,0,1,
/adult-learner/course-detail/NYP-CE231001/building-artificial-intelligence-ai-applications-from-end-to-end-classroom-and-synchronous-e-learning,oh2025,7,0,7,5,9,8,1.125,30.08965838,0,2,7,0,7,5,9,8,1.125,30.08965838,0,2,
/adult-learner/course-detail/NYP-CE231011/cloud-computing-awareness,(organic),7,1,7,2,50,39,1.282051282,167.1154011,0.641025641,33,7,1,7,2,50,39,1.282051282,167.1154011,0.641025641,33,
/adult-learner/course-detail/NYP-CE231014/9-day-precision-engineering-assessment-and-reskilling-lab-pearl-cnc-milling,(not set),7,1,7,4,12,9,1.333333333,29.87301456,0.222222222,4,7,1,7,4,12,9,1.333333333,29.87301456,0.222222222,4,
/adult-learner/course-detail/NYP-CE245005/ai-practitioner-preparatory-course,(not set),7,0,7,2,7,7,1,33.34889686,0,1,7,0,7,2,7,7,1,33.34889686,0,1,
/adult-learner/course-detail/NYP-CE245005/ai-practitioner-preparatory-course,(referral),7,2,7,2,7,7,1,66.66975486,0,2,7,2,7,2,7,7,1,66.66975486,0,2,
/adult-learner/course-detail/NYP-CH231001/navigating-ethical-dilemmas-in-social-services,cet-q1-2025,7,0,7,3,9,8,1.125,68.48541938,0.125,3,7,0,7,3,9,8,1.125,68.48541938,0.125,3,
/adult-learner/course-detail/NYP-CI1171/cyber-security-awareness,(direct),7,0,7,1,8,7,1.142857143,45.25886214,0,3,7,0,7,1,8,7,1.142857143,45.25886214,0,3,
/adult-learner/course-detail/NYP-CI1171/cyber-security-awareness,cet-q1-2025,7,0,7,2,10,8,1.25,21.65251463,0.125,3,7,0,7,2,10,8,1.25,21.65251463,0.125,3,
/adult-learner/course-detail/NYP-CI231002/data-management-and-analysis,(not set),7,0,7,4,8,8,1,94.712002,0,1,7,0,7,4,8,8,1,94.712002,0,1,
/adult-learner/course-detail/NYP-CI231002/data-management-and-analysis,cet-q1-2025,7,0,7,1,9,7,1.285714286,51.84080114,0,1,7,0,7,1,9,7,1.285714286,51.84080114,0,1,
/adult-learner/course-detail/NYP-CI241006/operational-technology-security-fundamentals,(not set),7,0,7,4,15,8,1.875,129.6354885,0,1,7,0,7,4,15,8,1.875,129.6354885,0,1,
/adult-learner/course-detail/NYP-CI245009/full-stack-application-development,(organic),7,0,7,5,15,15,1,127.0675311,0.266666667,10,7,0,7,5,15,15,1,127.0675311,0.266666667,10,
/adult-learner/course-detail/NYP-CI245009/full-stack-application-development,cet-q1-2025,7,0,7,1,10,8,1.25,168.4474766,0,0,7,0,7,1,10,8,1.25,168.4474766,0,0,
/adult-learner/course-detail/NYP-CI5834/data-analytics-workshop,cet-q1-2025,7,0,7,0,7,7,1,25.93919229,0,1,7,0,7,0,7,7,1,25.93919229,0,1,
/adult-learner/course-detail/NYP-CK1493/emotional-intelligence-for-workplace-success-synchronous-e-learning,(organic),7,2,7,3,7,8,0.875,17.3991275,0.125,3,7,2,7,3,7,8,0.875,17.3991275,0.125,3,
/adult-learner/course-detail/NYP-CL1082/overview-of-sustainable-and-renewable-energy-technologies-for-a-smart-city,cet-q1-2025#sustainability,7,0,7,2,8,7,1.142857143,10.94384814,0,2,7,0,7,2,8,7,1.142857143,10.94384814,0,2,
/adult-learner/course-detail/NYP-CL1299/sanitisation-technology-and-management-of-infectious-disease-threat,(organic),7,2,7,2,7,7,1,49.44081657,0,4,7,2,7,2,7,7,1,49.44081657,0,4,
/adult-learner/course-detail/NYP-CL1299/sanitisation-technology-and-management-of-infectious-disease-threat,cet-q1-2025#personal-development,7,0,7,0,12,7,1.714285714,41.87072743,0,1,7,0,7,0,12,7,1.714285714,41.87072743,0,1,
/adult-learner/course-detail/NYP-CL1301/right-food-with-right-medicine-for-diabetes-and-heart-patients-synchronous-elearning,cet-q1-2025,7,0,7,3,7,7,1,211.9681517,0.142857143,5,7,0,7,3,7,7,1,211.9681517,0.142857143,5,
/adult-learner/course-detail/NYP-CL240001/certificate-in-ojt-foundational-program,(not set),7,0,7,1,7,7,1,14.33470243,0,2,7,0,7,1,7,7,1,14.33470243,0,2,
/adult-learner/course-detail/NYP-CL246001/create-healthy-ice-cream,(organic),7,1,7,3,8,8,1,49.73904225,0.125,3,7,1,7,3,8,8,1,49.73904225,0.125,3,
/adult-learner/course-detail/NYP-CX1259/bim-revit-for-architecture-level-2,(referral),7,7,7,1,9,8,1.125,150.7414159,0.75,8,7,7,7,1,9,8,1.125,150.7414159,0.75,8,
/adult-learner/course-detail/NYP-DXSP01/specialist-diploma-in-smart-project-and-facilities-management,2024s2-sbm-shortcourses,7,0,7,7,14,11,1.272727273,41.14491027,0.181818182,9,7,0,7,7,14,11,1.272727273,41.14491027,0.181818182,9,
/adult-learner/course-detail/NYP-DXSP01/specialist-diploma-in-smart-project-and-facilities-management,cet-q1-2025#engineering,7,0,3,2,10,10,1,10.3200434,0.5,9,7,0,3,2,10,10,1,10.3200434,0.5,9,
/adult-learner/course-detail/NYP-DXSP01/specialist-diploma-in-smart-project-and-facilities-management,cet-q1-2025#sustainability,7,0,3,3,10,10,1,46.276696,0.3,9,7,0,3,3,10,10,1,46.276696,0.3,9,
/adult-learner/course-detail/NYP-DXSP03/specialist-diploma-in-service-experience-design-and-innovation,1.20218E+17,7,0,3,3,12,11,1.090909091,15.55035973,0.454545455,11,7,0,3,3,12,11,1.090909091,15.55035973,0.454545455,11,
/adult-learner/course-detail/NYP-DXSP04/specialist-diploma-in-augmented-reality-and-virtual-reality,1.20218E+17,7,0,6,5,17,14,1.214285714,98.42542857,0.214285714,13,7,0,6,5,17,14,1.214285714,98.42542857,0.214285714,13,
/adult-learner/course-detail/NYP-DXSP04/specialist-diploma-in-augmented-reality-and-virtual-reality,1.20218E+17,7,0,3,3,10,9,1.111111111,14.26634656,0.444444444,8,7,0,3,3,10,9,1.111111111,14.26634656,0.444444444,8,
/adult-learner/course-detail/NYP-DXSP05/specialist-diploma-in-digital-media-production,1.20218E+17,7,0,5,3,7,7,1,59.79677214,0.285714286,7,7,0,5,3,7,7,1,59.79677214,0.285714286,7,
/adult-learner/course-detail/NYP-DXSP05/specialist-diploma-in-digital-media-production,1.20218E+17,7,0,4,1,7,8,0.875,53.869059,0.625,7,7,0,4,1,7,8,0.875,53.869059,0.625,7,
/adult-learner/course-detail/NYP-DXSP05/specialist-diploma-in-digital-media-production,1.20218E+17,7,0,3,0,7,7,1,143.4734103,0.428571429,6,7,0,3,0,7,7,1,143.4734103,0.428571429,6,
/adult-learner/course-detail/NYP-DXSP06/specialist-diploma-in-digital-content-creation-for-e-commerce,1.20218E+17,7,0,6,5,9,8,1.125,132.6331818,0.125,6,7,0,6,5,9,8,1.125,132.6331818,0.125,6,
/adult-learner/course-detail/NYP-DXSP06/specialist-diploma-in-digital-content-creation-for-e-commerce,2025S1-sbm-acet,7,0,5,5,10,10,1,48.8141332,0.3,10,7,0,5,5,10,10,1,48.8141332,0.3,10,
/adult-learner/course-detail/NYP-EG122W/apply-advanced-cnc-machining,cet-q1-2025,7,0,7,2,8,7,1.142857143,138.9484509,0,3,7,0,7,2,8,7,1.142857143,138.9484509,0,3,
/adult-learner/course-detail/NYP-EG125W/manage-engineering-project-cam-and-cnc-machining,(direct),7,0,7,4,12,8,1.5,82.73651613,0,0,7,0,7,4,12,8,1.5,82.73651613,0,0,
/adult-learner/course-detail/NYP-EG203W/apply-advanced-manufacturing-technology-and-process,cet-q1-2025,7,0,7,2,7,7,1,28.66611043,0,3,7,0,7,2,7,7,1,28.66611043,0,3,
/adult-learner/course-detail/NYP-EG206W/manage-shopfloor-monitoring-and-process,(direct),7,1,7,6,9,12,0.75,92.75065867,0.25,5,7,1,7,6,9,12,0.75,92.75065867,0.25,5,
/adult-learner/course-detail/NYP-EGDP05/diploma-in-engineering-mechatronics,(not set),7,1,7,5,21,21,1,46.09193343,0.095238095,8,7,1,7,5,21,21,1,46.09193343,0.095238095,8,
/adult-learner/course-detail/NYP-EGDP06/diploma-in-engineering-electronic-and-digital-engineering,2024S2-sbm-acet,7,0,7,2,9,8,1.125,79.26828713,0.125,4,7,0,7,2,9,8,1.125,79.26828713,0.125,4,
/adult-learner/course-detail/NYP-EGEP04/work-study-post-diploma-specialist-diploma-in-biomedical-and-pharmaceutical-engineering,oh2025,7,0,7,4,11,7,1.571428571,49.33026214,0,4,7,0,7,4,11,7,1.571428571,49.33026214,0,4,
/adult-learner/course-detail/NYP-EGSP19/specialist-diploma-in-robotics-and-automation-systems-design,(referral),7,2,7,5,7,8,0.875,119.2069506,0.125,4,7,2,7,5,7,8,0.875,119.2069506,0.125,4,
/adult-learner/course-detail/NYP-EGSP22/specialist-diploma-in-sustainable-materials-management,(referral),7,1,7,3,10,8,1.25,151.623583,0,4,7,1,7,3,10,8,1.25,151.623583,0,4,
/adult-learner/course-detail/NYP-EGSPA1/post-diploma-certificate-in-gxp-of-operations-management-part-of-specialist-diploma-in-biomedical-and-pharmaceutical-engineering,2025S1-sbm-acet,7,0,7,3,7,7,1,185.2747857,0,1,7,0,7,3,7,7,1,185.2747857,0,1,
/adult-learner/course-detail/NYP-HSAF26/advanced-diploma-in-nursing-neuroscience,(referral),7,2,7,3,10,9,1.111111111,132.8568934,0.111111111,6,7,2,7,3,10,9,1.111111111,132.8568934,0.111111111,6,
/adult-learner/course-detail/NYP-HSAF32/advanced-diploma-in-nursing-community-health,(referral),7,3,7,2,7,8,0.875,233.2992539,0.25,3,7,3,7,2,7,8,0.875,233.2992539,0.25,3,
/adult-learner/course-detail/NYP-HSAF41/advanced-diploma-in-nursing-gerontology-adgr1,(referral),7,4,7,4,9,8,1.125,46.6967335,0.375,7,7,4,7,4,9,8,1.125,46.6967335,0.375,7,
/adult-learner/course-detail/NYP-HSSP18/specialist-diploma-in-nursing-gerontology,(not set),7,0,7,3,8,7,1.142857143,275.5110761,0,2,7,0,7,3,8,7,1.142857143,275.5110761,0,2,
/adult-learner/course-detail/NYP-HSVF01/diploma-conversion-in-paramedic-science,(not set),7,0,7,2,9,8,1.125,85.25323038,0,2,7,0,7,2,9,8,1.125,85.25323038,0,2,
/adult-learner/course-detail/NYP-ITSP08/specialist-diploma-in-cybersecurity,2025S1-sbm-acet,7,0,7,2,9,8,1.125,46.35600075,0,5,7,0,7,2,9,8,1.125,46.35600075,0,5,
/adult-learner/course-detail/NYP-ITSP13/specialist-diploma-in-cybersecurity-pcm,oh2025,7,0,7,3,10,9,1.111111111,65.30255456,0,4,7,0,7,3,10,9,1.111111111,65.30255456,0,4,
/adult-learner/course-detail/NYP-ITSPA1/post-diploma-certificate-in-business-analytics-part-of-specialist-diploma-in-business-and-big-data-analytics,(not set),7,0,7,3,10,7,1.428571429,78.41503671,0,0,7,0,7,3,10,7,1.428571429,78.41503671,0,0,
/adult-learner/course-detail/NYP-ITSPA3/post-diploma-certificate-in-enterprise-big-data-management-part-of-specialist-diploma-in-business-and-big-data-analytics,(not set),7,0,7,5,8,9,0.888888889,41.97777078,0.333333333,3,7,0,7,5,8,9,0.888888889,41.97777078,0.333333333,3,
/adult-learner/course-detail/NYP-ITSPA4/post-diploma-certificate-in-machine-learning-and-operations-part-of-specialist-diploma-in-applied-artificial-intelligence-pcm,(not set),7,0,7,3,12,8,1.5,53.09882163,0.125,1,7,0,7,3,12,8,1.5,53.09882163,0.125,1,
/adult-learner/course-detail/NYP-ITSPA4/post-diploma-certificate-in-machine-learning-and-operations-part-of-specialist-diploma-in-applied-artificial-intelligence-pcm,(referral),7,1,7,1,7,8,0.875,111.2571614,0,3,7,1,7,1,7,8,0.875,111.2571614,0,3,
/adult-learner/course-detail/NYP-JC1A22/learning-needs-and-skills-gap-analysis,cet-q1-2025#personal-development,7,0,7,2,9,7,1.285714286,19.355831,0,1,7,0,7,2,9,7,1.285714286,19.355831,0,1,
/adult-learner/course-detail/NYP-JC1D06/best-in-class-workplace-learning-strategies-learning-and-adapting-from-japan,cet-q1-2025#personal-development,7,0,7,1,7,7,1,11.44245814,0,2,7,0,7,1,7,7,1,11.44245814,0,2,
/adult-learner/course-detail/NYP-SI4013_012/master-google-ads-to-turbo-charge-leads-and-sales-classroom-facilitated-asynchronous-e-learning,(organic),7,3,7,0,8,7,1.142857143,37.20288286,0,3,7,3,7,0,8,7,1.142857143,37.20288286,0,3,
/adult-learner/course-detail/NYP-SI4022_012/drive-sales-performance-on-lazada-marketing,(organic),7,4,7,2,7,7,1,32.74535486,0.142857143,3,7,4,7,2,7,7,1,32.74535486,0.142857143,3,
/adult-learner/course-detail/NYP-SI4024_035/mastering-the-art-of-making-a-powerful-sales-pitch-classroom-facilitated,(organic),7,7,7,0,7,7,1,33.81592357,0.285714286,7,7,7,7,0,7,7,1,33.81592357,0.285714286,7,
/adult-learner/course-detail/NYP-SI4024_036/tiktok-shop-optimise-your-social-media-marketing-engagement-and-boost-your-sales-classroom-facilitated-asynchronous-e-learning,cet-q1-2025,7,0,7,3,7,7,1,19.04034171,0,5,7,0,7,3,7,7,1,19.04034171,0,5,
/adult-learner/course-detail/NYP-SI4025_013/building-an-effective-digital-personal-brand,(organic),7,5,7,2,8,8,1,102.0652823,0.125,6,7,5,7,2,8,8,1,102.0652823,0.125,6,
/adult-learner/course-detail/NYP-SI4025_019/live-streaming-boost-your-e-commerce-sales-classroom-facilitated-asynchronous-e-learning,(organic),7,0,7,2,7,7,1,51.10641171,0,0,7,0,7,2,7,7,1,51.10641171,0,0,
/adult-learner/course-detail/NYP-SI4042_007/certified-digital-and-productivity-consultant,(not set),7,0,7,0,7,7,1,10.19626429,0,2,7,0,7,0,7,7,1,10.19626429,0,2,
/adult-learner/course-detail/NYP-SI4058_002/generative-ai-content-creation-super-sprint-your-sales-and-marketing-performance-classroom-facilitated-practical,cet-q1-2025,7,0,7,2,9,9,1,41.60728756,0.222222222,4,7,0,7,2,9,9,1,41.60728756,0.222222222,4,
/adult-learner/course-detail/NYP-SI4063_001/sell-and-earn-on-tiktok-classroom-facilitated-asynchronous-e-learning,(organic),7,6,7,1,8,7,1.142857143,18.42894857,0.285714286,6,7,6,7,1,8,7,1.142857143,18.42894857,0.285714286,6,
/adult-learner/course-detail/NYP-SI7025_015/digital-skills-enhance-your-work-and-daily-productivity-classroom-facilitated,(referral),7,1,7,2,7,8,0.875,69.87617663,0.125,2,7,1,7,2,7,8,0.875,69.87617663,0.125,2,
/adult-learner/course-detail/NYP-SI7073_002/mobile-photography-turning-products-into-visual-stories-classroom-facilitated,cet-q1-2025#personal-development,7,0,7,0,7,7,1,58.17039429,0,2,7,0,7,0,7,7,1,58.17039429,0,2,
/adult-learner/course-detail/NYP-SI7073_005/generative-ai-smarter-faster-easier-content-creation-on-designsai-classroom-facilitated,(referral),7,0,7,3,7,7,1,35.174776,0,1,7,0,7,3,7,7,1,35.174776,0,1,
/adult-learner/course-detail/NYP-SI8032_004/service-excellence,(organic),7,3,7,1,8,8,1,107.402784,0.25,4,7,3,7,1,8,8,1,107.402784,0.25,4,
/adult-learner/course-detail/NYP-WSCA05_006/facilitate-effective-communication-and-engagement-at-the-workplace,(direct),7,0,7,3,7,7,1,29.28221843,0,0,7,0,7,3,7,7,1,29.28221843,0,0,
/adult-learner/course-detail/NYP-WSCD11_004/foster-entrepreneurship,(organic),7,3,7,3,8,7,1.142857143,34.762787,0.285714286,5,7,3,7,3,8,7,1.142857143,34.762787,0.285714286,5,
/adult-learner/course-detail/NYP-WSCD11_009/manage-productivity-improvements,(organic),7,1,7,4,8,9,0.888888889,19.43155333,0.111111111,3,7,1,7,4,8,9,0.888888889,19.43155333,0.111111111,3,
/adult-learner/course-detail/NYP-WSCM16_001/artisan-breads,(direct),7,0,7,0,7,7,1,2.781811143,0,2,7,0,7,0,7,7,1,2.781811143,0,2,
/adult-learner/course-detail/NYP-WSCP28_029/british-favourites,(direct),7,1,7,0,7,7,1,2.556452143,0,2,7,1,7,0,7,7,1,2.556452143,0,2,
/adult-learner/course-detail/NYP-WSCP29_038/artisanal-tarts-sweet-and-savoury-duo,(direct),7,2,7,0,7,7,1,10.13299386,0,1,7,2,7,0,7,7,1,10.13299386,0,1,
/adult-learner/course-detail/NYP-WSCP29_039/bagel-and-brioche-delights,(organic),7,3,7,1,7,8,0.875,10.99841638,0.5,5,7,3,7,1,7,8,0.875,10.99841638,0.5,5,
/adult-learner/course-detail/NYP-WSCP40_012/flower-bouquet-cupcakes,(direct),7,2,7,1,7,7,1,4.199279,0.142857143,1,7,2,7,1,7,7,1,4.199279,0.142857143,1,
/adult-learner/course-detail/NYP-WSCP40_013/french-madeleines-and-financiers,(direct),7,0,7,0,8,7,1.142857143,22.59528343,0,3,7,0,7,0,8,7,1.142857143,22.59528343,0,3,
/adult-learner/course-detail/NYP-WSCP41_004/spicy-sichuan-delights,(direct),7,3,7,0,7,8,0.875,1.474094875,0.375,2,7,3,7,0,7,8,0.875,1.474094875,0.375,2,
/adult-learner/course-detail/NYP-WSCP49_003/fabrication-of-meat-and-poultry-part-of-sctp,(organic),7,1,7,5,10,9,1.111111111,25.13114767,0,5,7,1,7,5,10,9,1.111111111,25.13114767,0,5,
/adult-learner/course-detail/NYP-WSCP53_001/pwm-food-services-project-a-positive-and-professional-image,(organic),7,0,7,3,8,7,1.142857143,31.00968229,0,2,7,0,7,3,8,7,1.142857143,31.00968229,0,2,
/adult-learner/course-detail/NYP-WSCP59_001/pastry-preparation-1-part-of-sctp,(direct),7,1,7,0,7,7,1,71.80606029,0,0,7,1,7,0,7,7,1,71.80606029,0,0,
/adult-learner/course-detail/NYP-WSCP62_001/critical-thinking-and-problem-solving-part-of-sctp,(organic),7,1,7,1,8,8,1,46.85896825,0,1,7,1,7,1,8,8,1,46.85896825,0,1,
/adult-learner/course-detail/NYP-WSCP81_001/pastry-preparation-3-part-of-sctp,(direct),7,0,7,0,7,7,1,13.75323357,0,0,7,0,7,0,7,7,1,13.75323357,0,0,
/adult-learner/course-detail/NYP-WSCV01_002/advanced-baked-and-fried-dim-sum,cet-q1-2025#personal-development,7,0,7,1,7,7,1,25.66061329,0,2,7,0,7,1,7,7,1,25.66061329,0,2,
/adult-learner/course-detail/NYP-WSCV02_002/singapore-inspired-bakes,cet-q1-2025#personal-development,7,0,7,1,8,7,1.142857143,29.02551386,0,2,7,0,7,1,8,7,1.142857143,29.02551386,0,2,
/adult-learner/course-detail/NYP-WSCV02_004/japanese-sweet-breads,cet-q1-2025#personal-development,7,0,7,0,7,7,1,14.13072586,0,2,7,0,7,0,7,7,1,14.13072586,0,2,
/adult-learner/course-detail/NYP-WSQC05_015/pwm-retail-service-challenges-sf-associate,cet-q1-2025,7,0,7,3,7,7,1,36.45027657,0,0,7,0,7,3,7,7,1,36.45027657,0,0,
/adult-learner/course-types/part-time-diplomas-certificates,1.20218E+17,7,0,7,1,7,7,1,13.23806329,0,3,7,0,7,1,7,7,1,13.23806329,0,3,
/adult-learner/course-types/post-diploma-programmes,1.20218E+17,7,0,7,0,10,7,1.428571429,19.901145,0,0,7,0,7,0,10,7,1.428571429,19.901145,0,0,
/adult-learner/course-types/post-diploma-programmes,OH25,7,0,7,5,8,8,1,6.267214125,0,2,7,0,7,5,8,8,1,6.267214125,0,2,
/adult-learner/course-types/post-diploma-programmes/business-management,2024S2-sbm-acet,7,0,7,4,12,8,1.5,28.927902,0,3,7,0,7,4,12,8,1.5,28.927902,0,3,
/adult-learner/course-types/recommended/green-economy,cet-q1-2025#personal-development,7,0,7,1,9,7,1.285714286,38.33808014,0,0,7,0,7,1,9,7,1.285714286,38.33808014,0,0,
/adult-learner/course-types/short-courses,OH25,7,0,7,6,7,8,0.875,85.738977,0.125,0,7,0,7,6,7,8,0.875,85.738977,0.125,0,
/adult-learner/course-types/short-courses/singapore-customs-courses-businesses,2025S1-sbm-acet,7,0,7,6,13,15,0.866666667,19.83759687,0.333333333,3,7,0,7,6,13,15,0.866666667,19.83759687,0.333333333,3,
/adult-learner/course-types/work-study-post-diplomas,OH25,7,0,7,6,9,7,1.285714286,394.4321,0,3,7,0,7,6,9,7,1.285714286,394.4321,0,3,
/adult-learner,1.20218E+17,6,0,6,0,6,6,1,16.86929383,0,2,6,0,6,0,6,6,1,16.86929383,0,2,
/adult-learner/course-detail/NYP-AS001Z/resource-planning-part-of-pdc3-of-advanced-diploma-in-pharmaceutical-sciences,(not set),6,0,6,1,7,6,1.166666667,32.71732383,0,0,6,0,6,1,7,6,1.166666667,32.71732383,0,0,
/adult-learner/course-detail/NYP-ASAP01/advanced-diploma-in-pharmaceutical-sciences,(not set),6,0,6,3,12,7,1.714285714,135.4519623,0.142857143,2,6,0,6,3,12,7,1.714285714,135.4519623,0.142857143,2,
/adult-learner/course-detail/NYP-BMLP02/work-study-certificate-leading-to-diploma-in-business-practice-accounting,(referral),6,1,6,3,7,6,1.166666667,82.75919933,0.166666667,2,6,1,6,3,7,6,1.166666667,82.75919933,0.166666667,2,
/adult-learner/course-detail/NYP-BMSPA1/post-diploma-certificate-in-applied-analytics-and-digitalisation-in-hr-part-of-specialist-diploma-in-hr-analytics-and-digitalisation,(referral),6,1,6,5,9,9,1,102.5875946,0.111111111,2,6,1,6,5,9,9,1,102.5875946,0.111111111,2,
/adult-learner/course-detail/NYP-CB1037/hr-analytics,2024S2-sbm-acet,6,0,6,5,6,8,0.75,42.38138563,0.25,5,6,0,6,5,6,8,0.75,42.38138563,0.25,5,
/adult-learner/course-detail/NYP-CB1277/introduction-to-the-coffee-business,(organic),6,0,6,3,6,6,1,159.609627,0,2,6,0,6,3,6,6,1,159.609627,0,2,
/adult-learner/course-detail/NYP-CB1278/improving-customer-retail-experience-and-engagement-through-digital-means,cet-q1-2025,6,0,6,3,6,6,1,37.2142345,0,0,6,0,6,3,6,6,1,37.2142345,0,0,
/adult-learner/course-detail/NYP-CB1310/digital-video-production,(not set),6,2,6,2,8,6,1.333333333,114.9269165,0,3,6,2,6,2,8,6,1.333333333,114.9269165,0,3,
/adult-learner/course-detail/NYP-CB1337/managing-external-and-internal-stakeholders-effectively,(organic),6,0,6,4,6,6,1,28.63391617,0,2,6,0,6,4,6,6,1,28.63391617,0,2,
/adult-learner/course-detail/NYP-CB1340/introduction-to-legal-issues,(organic),6,0,6,3,6,7,0.857142857,33.21489071,0,0,6,0,6,3,6,7,0.857142857,33.21489071,0,0,
/adult-learner/course-detail/NYP-CB1370/digital-event-management,cet-q1-2025,6,0,6,4,6,6,1,23.24517167,0,1,6,0,6,4,6,6,1,23.24517167,0,1,
/adult-learner/course-detail/NYP-CB1531/skills-intelligence-synchronous-e-learning,(organic),6,3,6,3,6,6,1,33.8411645,0.166666667,3,6,3,6,3,6,6,1,33.8411645,0.166666667,3,
/adult-learner/course-detail/NYP-CB1570/how-to-create-a-unique-business,2025S1-sbm-acet,6,0,6,2,8,6,1.333333333,46.0736085,0,1,6,0,6,2,8,6,1.333333333,46.0736085,0,1,
/adult-learner/course-detail/NYP-CB1571/how-to-build-a-profit-driven-business,2025S1-sbm-acet,6,0,6,1,8,6,1.333333333,42.7107105,0,2,6,0,6,1,8,6,1.333333333,42.7107105,0,2,
/adult-learner/course-detail/NYP-CB231011/trade-association-101-abridged-ta-101a,(not set),6,1,6,0,6,6,1,5.536749,0,2,6,1,6,0,6,6,1,5.536749,0,2,
/adult-learner/course-detail/NYP-CB231015/1-day-search-engine-optimisation-fundamentals,(not set),6,0,6,1,20,6,3.333333333,29.89998583,0,2,6,0,6,1,20,6,3.333333333,29.89998583,0,2,
/adult-learner/course-detail/NYP-CB231019/digital-marketing-analytics,(not set),6,0,6,4,10,10,1,49.5972325,0.2,6,6,0,6,4,10,10,1,49.5972325,0.2,6,
/adult-learner/course-detail/NYP-CB241012/sustainability-reporting-a-practical-guide-and-toolkit-for-small-and-medium-enterprises,(referral),6,0,6,3,6,6,1,348.0385243,0,0,6,0,6,3,6,6,1,348.0385243,0,0,
/adult-learner/course-detail/NYP-CE0414/3d-printing,(direct),6,1,6,3,8,7,1.142857143,30.42057943,0,4,6,1,6,3,8,7,1.142857143,30.42057943,0,4,
/adult-learner/course-detail/NYP-CE1145/cyber-security-from-scratch-synchronous-elearning,(not set),6,0,6,1,8,6,1.333333333,84.71082333,0,0,6,0,6,1,8,6,1.333333333,84.71082333,0,0,
/adult-learner/course-detail/NYP-CE1150/introduction-to-data-analytics-using-excel,(not set),6,0,6,4,11,10,1.1,155.4297943,0.1,0,6,0,6,4,11,10,1.1,155.4297943,0.1,0,
/adult-learner/course-detail/NYP-CE1155/introduction-to-machine-vision,(organic),6,2,6,5,10,11,0.909090909,117.051867,0.181818182,7,6,2,6,5,10,11,0.909090909,117.051867,0.181818182,7,
/adult-learner/course-detail/NYP-CE1156/introduction-to-multicopter,cet-q1-2025,6,0,6,3,8,6,1.333333333,27.99600733,0,2,6,0,6,3,8,6,1.333333333,27.99600733,0,2,
/adult-learner/course-detail/NYP-CE1256/introduction-to-cnc-machining-processes,(direct),6,0,6,4,6,6,1,89.09346283,0,1,6,0,6,4,6,6,1,89.09346283,0,1,
/adult-learner/course-detail/NYP-CE1282/process-and-design-optimisation-using-design-of-experiments-doe,(organic),6,0,6,2,9,7,1.285714286,93.185698,0,5,6,0,6,2,9,7,1.285714286,93.185698,0,5,
/adult-learner/course-detail/NYP-CE1305/hands-on-3d-printing-and-modelling,(organic),6,0,6,3,6,6,1,323.9757775,0,1,6,0,6,3,6,6,1,323.9757775,0,1,
/adult-learner/course-detail/NYP-CE1354/electric-vehicle-and-charging-system-classroom-and-synchronous-elearning,(not set),6,1,6,3,8,7,1.142857143,44.12955943,0.142857143,4,6,1,6,3,8,7,1.142857143,44.12955943,0.142857143,4,
/adult-learner/course-detail/NYP-CE1358/design-thinking-workshop,(referral),6,2,6,3,6,6,1,212.3231568,0,2,6,2,6,3,6,6,1,212.3231568,0,2,
/adult-learner/course-detail/NYP-CE1358/design-thinking-workshop,cet-q1-2025,6,0,6,2,6,6,1,26.7387945,0,2,6,0,6,2,6,6,1,26.7387945,0,2,
/adult-learner/course-detail/NYP-CE1363/python-a-first-look-sync-e-learning,(direct),6,0,6,1,7,6,1.166666667,33.14376317,0,1,6,0,6,1,7,6,1.166666667,33.14376317,0,1,
/adult-learner/course-detail/NYP-CE1366/engineering-mathematics,(direct),6,0,6,3,7,8,0.875,37.60113288,0.125,3,6,0,6,3,7,8,0.875,37.60113288,0.125,3,
/adult-learner/course-detail/NYP-CE1537/advanced-composite-repair-with-applications,(direct),6,0,6,2,8,7,1.142857143,33.27050886,0.142857143,3,6,0,6,2,8,7,1.142857143,33.27050886,0.142857143,3,
/adult-learner/course-detail/NYP-CE1537/advanced-composite-repair-with-applications,(referral),6,6,6,1,9,8,1.125,241.1129409,0.375,6,6,6,6,1,9,8,1.125,241.1129409,0.375,6,
/adult-learner/course-detail/NYP-CE2012/using-python-for-data-analysis-asynchronous-e-learning,(organic),6,0,6,1,6,7,0.857142857,104.3437671,0,1,6,0,6,1,6,7,0.857142857,104.3437671,0,1,
/adult-learner/course-detail/NYP-CE231006/smart-sensing-and-iot-applications-making-it-work,cet-q1-2025#personal-development,6,0,6,1,7,6,1.166666667,27.751542,0,1,6,0,6,1,7,6,1.166666667,27.751542,0,1,
/adult-learner/course-detail/NYP-CE231013/deep-dive-into-3d-printing,(direct),6,3,5,2,8,7,1.142857143,124.778618,0.285714286,3,6,3,5,2,8,7,1.142857143,124.778618,0.285714286,3,
/adult-learner/course-detail/NYP-CE231018/preparatory-mathematics-programme,(direct),6,0,5,2,6,6,1,25.28600767,0.166666667,4,6,0,5,2,6,6,1,25.28600767,0.166666667,4,
/adult-learner/course-detail/NYP-CE241001/microsoft-word-for-workplace,(organic),6,1,6,2,7,6,1.166666667,23.86673683,0,4,6,1,6,2,7,6,1.166666667,23.86673683,0,4,
/adult-learner/course-detail/NYP-CE246001/ai-roadmapping-for-companies-and-enterprises,(referral),6,0,6,2,12,13,0.923076923,33.50019631,0.153846154,5,6,0,6,2,12,13,0.923076923,33.50019631,0.153846154,5,
/adult-learner/course-detail/NYP-CH231001/navigating-ethical-dilemmas-in-social-services,(organic),6,0,6,4,6,6,1,87.1098365,0,2,6,0,6,4,6,6,1,87.1098365,0,2,
/adult-learner/course-detail/NYP-CH231002/understanding-and-applying-casework-assessment-and-intervention,(not set),6,0,6,3,15,6,2.5,98.1653635,0,1,6,0,6,3,15,6,2.5,98.1653635,0,1,
/adult-learner/course-detail/NYP-CH231004/leading-self-in-organisations,(referral),6,2,6,2,6,6,1,262.8612142,0,2,6,2,6,2,6,6,1,262.8612142,0,2,
/adult-learner/course-detail/NYP-CI1276/app-development-with-swift,(organic),6,4,6,2,9,8,1.125,117.2363594,0,6,6,4,6,2,9,8,1.125,117.2363594,0,6,
/adult-learner/course-detail/NYP-CI1279/data-visualisation-practicum,(not set),6,0,6,3,27,13,2.076923077,92.96496869,0,5,6,0,6,3,27,13,2.076923077,92.96496869,0,5,
/adult-learner/course-detail/NYP-CI1369/from-data-to-visualisation,(not set),6,0,6,4,16,13,1.230769231,82.11195808,0,2,6,0,6,4,16,13,1.230769231,82.11195808,0,2,
/adult-learner/course-detail/NYP-CI231004/design-thinking-for-innovation,(not set),6,0,6,3,11,6,1.833333333,36.8936875,0,1,6,0,6,3,11,6,1.833333333,36.8936875,0,1,
/adult-learner/course-detail/NYP-CI241002/mastering-power-apps-from-beginner-to-pro,cet-q1-2025#personal-development,6,0,6,2,6,6,1,17.98263233,0,1,6,0,6,2,6,6,1,17.98263233,0,1,
/adult-learner/course-detail/NYP-CK2018/delivering-successful-presentations-synchronous-e-learning,(direct),6,0,6,3,7,6,1.166666667,61.63766317,0,2,6,0,6,3,7,6,1.166666667,61.63766317,0,2,
/adult-learner/course-detail/NYP-CL0392/understanding-food-labels,cet-q1-2025#personal-development,6,0,6,3,7,6,1.166666667,25.38972583,0,2,6,0,6,3,7,6,1.166666667,25.38972583,0,2,
/adult-learner/course-detail/NYP-CL0518/creating-your-own-scented-candle,(referral),6,0,6,2,7,7,1,32.28218857,0,2,6,0,6,2,7,7,1,32.28218857,0,2,
/adult-learner/course-detail/NYP-CL0522/ice-cream-making-made-easy,cet-q1-2025,6,0,6,3,7,7,1,36.46990171,0,1,6,0,6,3,7,7,1,36.46990171,0,1,
/adult-learner/course-detail/NYP-CL1299/sanitisation-technology-and-management-of-infectious-disease-threat,cet-q1-2025,6,0,6,1,6,6,1,21.55673017,0,0,6,0,6,1,6,6,1,21.55673017,0,0,
/adult-learner/course-detail/NYP-DXSP01/specialist-diploma-in-smart-project-and-facilities-management,1.20218E+17,6,0,5,2,9,9,1,292.0855677,0.555555556,8,6,0,5,2,9,9,1,292.0855677,0.555555556,8,
/adult-learner/course-detail/NYP-DXSP01/specialist-diploma-in-smart-project-and-facilities-management,1.20218E+17,6,0,4,2,7,6,1.166666667,514.3563123,0.333333333,6,6,0,4,2,7,6,1.166666667,514.3563123,0.333333333,6,
/adult-learner/course-detail/NYP-DXSP02/specialist-diploma-in-visual-effects,cet-q1-2025#personal-development,6,0,5,5,9,8,1.125,29.6135045,0.25,6,6,0,5,5,9,8,1.125,29.6135045,0.25,6,
/adult-learner/course-detail/NYP-DXSP04/specialist-diploma-in-augmented-reality-and-virtual-reality,1.20218E+17,6,0,5,3,7,7,1,201.6419177,0.285714286,7,6,0,5,3,7,7,1,201.6419177,0.285714286,7,
/adult-learner/course-detail/NYP-DXSP04/specialist-diploma-in-augmented-reality-and-virtual-reality,cet-q1-2025#personal-development,6,0,2,2,8,7,1.142857143,40.09518114,0.571428571,6,6,0,2,2,8,7,1.142857143,40.09518114,0.571428571,6,
/adult-learner/course-detail/NYP-DXSP05/specialist-diploma-in-digital-media-production,1.20218E+17,6,0,3,2,6,6,1,35.057662,0.5,6,6,0,3,2,6,6,1,35.057662,0.5,6,
/adult-learner/course-detail/NYP-DXSP07/specialist-diploma-in-user-experience-design-and-management,1.20218E+17,6,0,4,1,8,7,1.142857143,262.5405237,0.285714286,4,6,0,4,1,8,7,1.142857143,262.5405237,0.285714286,4,
/adult-learner/course-detail/NYP-DXSP07/specialist-diploma-in-user-experience-design-and-management,1.20218E+17,6,0,4,2,9,7,1.285714286,175.5514737,0.428571429,5,6,0,4,2,9,7,1.285714286,175.5514737,0.428571429,5,
/adult-learner/course-detail/NYP-DXSP07/specialist-diploma-in-user-experience-design-and-management,2025S1-sbm-acet,6,0,1,0,6,6,1,3.447183,0.666666667,5,6,0,1,0,6,6,1,3.447183,0.666666667,5,
/adult-learner/course-detail/NYP-DXSP07/specialist-diploma-in-user-experience-design-and-management,oh2025,6,0,4,4,6,7,0.857142857,45.30825671,0.428571429,6,6,0,4,4,6,7,0.857142857,45.30825671,0.428571429,6,
/adult-learner/course-detail/NYP-DXSP09/specialist-diploma-in-spatial-design,1.20218E+17,6,0,5,4,8,6,1.333333333,450.1079298,0.333333333,5,6,0,5,4,8,6,1.333333333,450.1079298,0.333333333,5,
/adult-learner/course-detail/NYP-DXSP09/specialist-diploma-in-spatial-design,1.20218E+17,6,0,4,3,8,6,1.333333333,170.092284,0.5,6,6,0,4,3,8,6,1.333333333,170.092284,0.5,6,
/adult-learner/course-detail/NYP-DXSP09/specialist-diploma-in-spatial-design,2024s2-sbm-shortcourses,6,0,5,5,6,7,0.857142857,15.67431771,0.285714286,5,6,0,5,5,6,7,0.857142857,15.67431771,0.285714286,5,
/adult-learner/course-detail/NYP-DXSP09/specialist-diploma-in-spatial-design,cet-q1-2025#personal-development,6,0,3,3,7,7,1,4.665436714,0.571428571,5,6,0,3,3,7,7,1,4.665436714,0.571428571,5,
/adult-learner/course-detail/NYP-EG103W/apply-mathematical-concepts-in-engineering-solutions,(direct),6,0,6,2,6,6,1,27.08275767,0,1,6,0,6,2,6,6,1,27.08275767,0,1,
/adult-learner/course-detail/NYP-EG121W/apply-computer-aided-manufacturing-cam-techniques,(direct),6,0,6,4,8,7,1.142857143,78.64811514,0,0,6,0,6,4,8,7,1.142857143,78.64811514,0,0,
/adult-learner/course-detail/NYP-EGDP04/diploma-in-engineering-aerospace-manufacturing,(not set),6,0,6,3,8,8,1,9.721956,0,3,6,0,6,3,8,8,1,9.721956,0,3,
/adult-learner/course-detail/NYP-EGDP07/diploma-in-engineering-public-transport-operations,2024S2-sbm-acet,6,0,6,2,6,6,1,57.52011883,0,0,6,0,6,2,6,6,1,57.52011883,0,0,
/adult-learner/course-detail/NYP-EGQP09/wsq-specialist-diploma-in-precision-engineering-additive-manufacturing,(direct),6,0,6,3,7,6,1.166666667,55.99438633,0,3,6,0,6,3,7,6,1.166666667,55.99438633,0,3,
/adult-learner/course-detail/NYP-EGSP15/specialist-diploma-in-cloud-security-and-iot-cloud-services,(not set),6,0,6,2,8,7,1.142857143,22.80010329,0.142857143,3,6,0,6,2,8,7,1.142857143,22.80010329,0.142857143,3,
/adult-learner/course-detail/NYP-EGSP21/specialist-diploma-in-carbon-management-for-sustainability-reporting,(not set),6,0,6,4,9,8,1.125,41.05268963,0,3,6,0,6,4,9,8,1.125,41.05268963,0,3,
/adult-learner/course-detail/NYP-EGSPA1/post-diploma-certificate-in-gxp-of-operations-management-part-of-specialist-diploma-in-biomedical-and-pharmaceutical-engineering,cet-q1-2025#personal-development,6,0,6,2,6,6,1,13.27798683,0,4,6,0,6,2,6,6,1,13.27798683,0,4,
/adult-learner/course-detail/NYP-EGSPA3/post-diploma-certificate-in-carbon-management-for-a-sustainable-economy-part-of-specialist-diploma-in-carbon-management-for-sustainability-reporting,(not set),6,0,6,4,15,10,1.5,36.8506443,0.1,5,6,0,6,4,15,10,1.5,36.8506443,0.1,5,
/adult-learner/course-detail/NYP-HSAF41/advanced-diploma-in-nursing-gerontology-adgr1,(not set),6,0,6,2,6,6,1,190.5181593,0,3,6,0,6,2,6,6,1,190.5181593,0,3,
/adult-learner/course-detail/NYP-HSAF42/advanced-diploma-in-nursing-medical-surgical-adms1,(referral),6,3,6,1,8,7,1.142857143,237.7663083,0,4,6,3,6,1,8,7,1.142857143,237.7663083,0,4,
/adult-learner/course-detail/NYP-HSAP11/advanced-diploma-in-nursing-management,oh2025,6,0,6,2,6,6,1,95.25148967,0,3,6,0,6,2,6,6,1,95.25148967,0,3,
/adult-learner/course-detail/NYP-HSSP14/specialist-diploma-in-clinical-education,2025S1-sbm-acet,6,0,5,2,6,6,1,35.60137917,0.166666667,2,6,0,5,2,6,6,1,35.60137917,0.166666667,2,
/adult-learner/course-detail/NYP-HSSP14/specialist-diploma-in-clinical-education,cet-q1-2025#personal-development,6,0,6,2,6,6,1,3.596004833,0,1,6,0,6,2,6,6,1,3.596004833,0,1,
/adult-learner/course-detail/NYP-HSSP16/specialist-diploma-in-nursing-endoscopy,(referral),6,2,6,4,7,7,1,33.98875171,0.142857143,1,6,2,6,4,7,7,1,33.98875171,0.142857143,1,
/adult-learner/course-detail/NYP-HSSP18/specialist-diploma-in-nursing-gerontology,(referral),6,1,6,2,8,8,1,117.224728,0,5,6,1,6,2,8,8,1,117.224728,0,5,
/adult-learner/course-detail/NYP-HSVF01/diploma-conversion-in-paramedic-science,cet-q1-2025,6,0,6,0,6,6,1,42.08135567,0,2,6,0,6,0,6,6,1,42.08135567,0,2,
/adult-learner/course-detail/NYP-ITEP02/work-study-post-diploma-specialist-diploma-in-agile-solutioning-and-devsecops,(not set),6,0,6,4,11,7,1.571428571,242.3315864,0,2,6,0,6,4,11,7,1.571428571,242.3315864,0,2,
/adult-learner/course-detail/NYP-ITSP08/specialist-diploma-in-cybersecurity,(not set),6,0,6,3,9,7,1.285714286,279.8598331,0,2,6,0,6,3,9,7,1.285714286,279.8598331,0,2,
/adult-learner/course-detail/NYP-JC1A20/mentoring-for-the-workplace,(not set),6,0,6,5,7,6,1.166666667,34.3868005,0,0,6,0,6,5,7,6,1.166666667,34.3868005,0,0,
/adult-learner/course-detail/NYP-JC1A21/coaching-for-the-workplace,(not set),6,0,6,4,12,7,1.714285714,186.1507051,0,2,6,0,6,4,12,7,1.714285714,186.1507051,0,2,
/adult-learner/course-detail/NYP-JC5016/workplace-learning-wpl-train-the-trainer-ttt-programme,cet-q1-2025,6,0,6,1,6,6,1,26.64957433,0,1,6,0,6,1,6,6,1,26.64957433,0,1,
/adult-learner/course-detail/NYP-SI2002_002/creative-problem-solving-and-smart-decision-making-for-business-success-classroom-facilitated-asynchronous-e-learning-practical-training,(direct),6,0,6,3,6,7,0.857142857,35.97030871,0,1,6,0,6,3,6,7,0.857142857,35.97030871,0,1,
/adult-learner/course-detail/NYP-SI4012_027/digital-strategy-and-the-101-of-search-engine-optimisation-seo-synchronous-e-learning,(organic),6,0,6,2,7,8,0.875,49.66129088,0.125,3,6,0,6,2,7,8,0.875,49.66129088,0.125,3,
/adult-learner/course-detail/NYP-SI4013_011/ga4-with-google-tag-manager-gtm-classroom-facilitated-asynchronous-e-learning,(organic),6,3,6,1,7,7,1,118.3746147,0.142857143,5,6,3,6,1,7,7,1,118.3746147,0.142857143,5,
/adult-learner/course-detail/NYP-SI4014_010/mobile-photography-with-your-smartphone-take-amazing-photos-tell-amazing-stories-classroom-facilitated-asynchronous-e-learning,cet-q1-2025#personal-development,6,0,6,1,12,6,2,144.6440998,0,2,6,0,6,1,12,6,2,144.6440998,0,2,
/adult-learner/course-detail/NYP-SI4024-033/set-up-your-sustainability-e-commerce-business-classroom-facilitated-asynchronous-e-learning,(organic),6,2,6,2,9,6,1.5,65.88911883,0,1,6,2,6,2,9,6,1.5,65.88911883,0,1,
/adult-learner/course-detail/NYP-SI4024_040/ecommerce-sell-on-carousell-classroom-facilitated-asynchronous-e-learning,(not set),6,0,6,0,6,6,1,7.648010833,0,2,6,0,6,0,6,6,1,7.648010833,0,2,
/adult-learner/course-detail/NYP-SI4025_019/live-streaming-boost-your-e-commerce-sales-classroom-facilitated-asynchronous-e-learning,cet-q1-2025,6,0,6,0,7,7,1,10.28488757,0.142857143,1,6,0,6,0,7,7,1,10.28488757,0.142857143,1,
/adult-learner/course-detail/NYP-SI4025_021/cross-border-e-commerce-mastering-selling-strategies-on-amazoncom-classroom-facilitated-asynchronous-e-learning,cet-q1-2025,6,0,6,2,8,8,1,50.76884825,0.25,6,6,0,6,2,8,8,1,50.76884825,0.25,6,
/adult-learner/course-detail/NYP-SI4042_007/certified-digital-and-productivity-consultant,(organic),6,2,6,1,6,6,1,69.95777467,0.166666667,4,6,2,6,1,6,6,1,69.95777467,0.166666667,4,
/adult-learner/course-detail/NYP-SI4053_004/kickstart-conversation-commerce-through-whatsapp-marketing-campaign-classroom-facilitated-practical-training-asynchronous-e-learning,cet-q1-2025,6,0,6,2,6,6,1,28.7181835,0,0,6,0,6,2,6,6,1,28.7181835,0,0,
/adult-learner/course-detail/NYP-SI4060_003/supercharge-sales-with-automated-omnichannel-integration-classroom-facilitated-practical-training,(organic),6,3,6,2,8,6,1.333333333,198.8393957,0,2,6,3,6,2,8,6,1.333333333,198.8393957,0,2,
/adult-learner/course-detail/NYP-SI4060_005/supercharge-sales-with-automated-omnichannel-integration-classroom-facilitated-practical-training-asynchronous-e-learning,(not set),6,0,6,1,6,7,0.857142857,205.0877859,0.142857143,4,6,0,6,1,6,7,0.857142857,205.0877859,0.142857143,4,
/adult-learner/course-detail/NYP-SI7025_011/engage-customers-through-social-media-classroom-facilitated,cet-q1-2025#digital-marketing,6,0,6,2,6,6,1,32.80899433,0.166666667,3,6,0,6,2,6,6,1,32.80899433,0.166666667,3,
/adult-learner/course-detail/NYP-SI7062/digitalisation-for-retail-skillsfuture-for-digital-workplace-20-classroom-facilitated,(direct),6,0,6,4,8,8,1,176.6723358,0,1,6,0,6,4,8,8,1,176.6723358,0,1,
/adult-learner/course-detail/NYP-SI7072_001/tapping-into-the-power-of-instagram-for-selling-classroom-facilitated,(direct),6,1,6,2,7,6,1.166666667,28.14269717,0,1,6,1,6,2,7,6,1.166666667,28.14269717,0,1,
/adult-learner/course-detail/NYP-SI7073_003/mobile-videography-film-edit-and-post-your-amazing-stories-classroom-facilitated,(direct),6,0,6,2,6,6,1,16.04119967,0.166666667,2,6,0,6,2,6,6,1,16.04119967,0.166666667,2,
/adult-learner/course-detail/NYP-SI8032_003/critical-thinking-and-problem-solving,(not set),6,0,6,4,12,8,1.5,81.74121213,0,2,6,0,6,4,12,8,1.5,81.74121213,0,2,
/adult-learner/course-detail/NYP-SI8032_003/critical-thinking-and-problem-solving,2025S1-sbm-acet,6,0,6,5,7,6,1.166666667,54.42584117,0,1,6,0,6,5,7,6,1.166666667,54.42584117,0,1,
/adult-learner/course-detail/NYP-SI8040_001/introduction-to-sake,cet-q1-2025#personal-development,6,0,6,0,6,6,1,25.4516415,0,2,6,0,6,0,6,6,1,25.4516415,0,2,
/adult-learner/course-detail/NYP-WSCA05_008/prepare-singapore-heritage-cuisine,(organic),6,2,6,2,7,7,1,142.4174949,0.285714286,5,6,2,6,2,7,7,1,142.4174949,0.285714286,5,
/adult-learner/course-detail/NYP-WSCD11_002/participate-in-negotiations,(organic),6,3,6,0,6,6,1,14.5991965,0.333333333,2,6,3,6,0,6,6,1,14.5991965,0.333333333,2,
/adult-learner/course-detail/NYP-WSCD11_005/develop-customer-service-excellence,(direct),6,1,6,3,6,7,0.857142857,65.31934657,0.285714286,4,6,1,6,3,6,7,0.857142857,65.31934657,0.285714286,4,
/adult-learner/course-detail/NYP-WSCD11_006/financial-planning-and-analysis,cet-q1-2025,6,0,6,0,7,6,1.166666667,60.69955333,0,1,6,0,6,0,7,6,1.166666667,60.69955333,0,1,
/adult-learner/course-detail/NYP-WSCP28_034/korean-staples,(direct),6,4,6,1,6,6,1,1.362044833,0.666666667,4,6,4,6,1,6,6,1,1.362044833,0.666666667,4,
/adult-learner/course-detail/NYP-WSCP29_019/italian-dolci,(direct),6,2,6,0,6,6,1,0.486187833,0.166666667,1,6,2,6,0,6,6,1,0.486187833,0.166666667,1,
/adult-learner/course-detail/NYP-WSCP29_039/bagel-and-brioche-delights,(direct),6,0,6,0,6,6,1,6.0593865,0,0,6,0,6,0,6,6,1,6.0593865,0,0,
/adult-learner/course-detail/NYP-WSCP32_009/food-safety-course-level-1,cet-q1-2025,6,0,6,1,6,6,1,24.17242483,0,2,6,0,6,1,6,6,1,24.17242483,0,2,
/adult-learner/course-detail/NYP-WSCP39_002/hawker-culinary-fundamentals,cet-q1-2025,6,0,6,2,6,7,0.857142857,20.77305271,0.142857143,2,6,0,6,2,6,7,0.857142857,20.77305271,0.142857143,2,
/adult-learner/course-detail/NYP-WSCP40_002/eclairs-galore,(direct),6,0,6,0,6,6,1,2.0720605,0,1,6,0,6,0,6,6,1,2.0720605,0,1,
/adult-learner/course-detail/NYP-WSCP40_004/doughnut-frenzy,(direct),6,2,6,0,6,6,1,1.734043,0.166666667,1,6,2,6,0,6,6,1,1.734043,0.166666667,1,
/adult-learner/course-detail/NYP-WSCP40_005/character-tang-yuan,(direct),6,3,6,0,6,6,1,0.2787085,0,1,6,3,6,0,6,6,1,0.2787085,0,1,
/adult-learner/course-detail/NYP-WSCP40_011/flaky-pastry-creations,(direct),6,3,6,0,6,6,1,5.168858833,0.166666667,1,6,3,6,0,6,6,1,5.168858833,0.166666667,1,
/adult-learner/course-detail/NYP-WSCP41_003/taiwanese-street-food,(direct),6,2,6,0,6,6,1,3.047877833,0.166666667,2,6,2,6,0,6,6,1,3.047877833,0.166666667,2,
/adult-learner/course-detail/NYP-WSCP43_001/sip-and-savour-festive-christmas-beverages,(direct),6,2,6,0,6,6,1,2.5978765,0.333333333,3,6,2,6,0,6,6,1,2.5978765,0.333333333,3,
/adult-learner/course-detail/NYP-WSCP53_001/pwm-food-services-project-a-positive-and-professional-image,cet-q1-2025,6,0,6,1,6,6,1,30.59484683,0,1,6,0,6,1,6,6,1,30.59484683,0,1,
/adult-learner/course-detail/NYP-WSCP61_001/bread-making-2-part-of-sctp,(direct),6,0,6,0,6,6,1,0.695118333,0,0,6,0,6,0,6,6,1,0.695118333,0,0,
/adult-learner/course-detail/NYP-WSCP63_001/sustainable-fandb-practices-part-of-sctp,(direct),6,2,6,0,6,6,1,4.272122833,0.166666667,1,6,2,6,0,6,6,1,4.272122833,0.166666667,1,
/adult-learner/course-detail/NYP-WSCP80_001/pastry-preparation-2-part-of-sctp,(direct),6,0,6,0,6,6,1,1.471298167,0,1,6,0,6,0,6,6,1,1.471298167,0,1,
/adult-learner/course-detail/NYP-WSCP82_001/bread-making-1part-of-sctp,(direct),6,0,6,0,6,7,0.857142857,1.008585,0,1,6,0,6,0,6,7,0.857142857,1.008585,0,1,
/adult-learner/course-detail/NYP-WSCV01_008/hawker-noodle-dishes,(referral),6,0,6,4,6,6,1,74.7136975,0,3,6,0,6,4,6,6,1,74.7136975,0,3,
/adult-learner/course-detail/NYP-WSCV02_002/singapore-inspired-bakes,(referral),6,0,6,4,6,6,1,42.12381533,0,1,6,0,6,4,6,6,1,42.12381533,0,1,
/adult-learner/course-detail/NYP-WSCV02_005/bagel-and-doughnut-creations,cet-q1-2025#personal-development,6,0,6,1,7,6,1.166666667,81.345112,0,3,6,0,6,1,7,6,1.166666667,81.345112,0,3,
/adult-learner/course-detail/NYP-WSCV02_011/japanese-cakes-and-pastries,(not set),6,0,6,4,6,7,0.857142857,139.3772093,0.142857143,3,6,0,6,4,6,7,0.857142857,139.3772093,0.142857143,3,
/adult-learner/course-detail/NYP-WSCV02_011/japanese-cakes-and-pastries,(referral),6,0,6,2,8,9,0.888888889,35.08360922,0.222222222,3,6,0,6,2,8,9,0.888888889,35.08360922,0.222222222,3,
/adult-learner/course-detail/NYP-WSCY02_801/sctp-certificate-in-food-services-pastry-and-baking-part-time,2025S1-sbm-acet,6,0,6,3,6,6,1,225.9490077,0,5,6,0,6,3,6,6,1,225.9490077,0,5,
/adult-learner/course-detail/NYP-WSCY02_801/sctp-certificate-in-food-services-pastry-and-baking-part-time,oh2025,6,0,6,3,10,6,1.666666667,139.6328758,0,3,6,0,6,3,10,6,1.666666667,139.6328758,0,3,
/adult-learner/course-detail/NYP-WSCY04_801/sctp-higher-certificate-in-food-services-pastry-and-baking-part-time,(referral),6,0,6,2,7,7,1,135.8911651,0,3,6,0,6,2,7,7,1,135.8911651,0,3,
/adult-learner/course-detail/NYP-WSCY06_801/sctp-advanced-certificate-in-food-services-pastry-and-baking-part-time,oh2025,6,0,6,5,7,6,1.166666667,19.67475267,0,1,6,0,6,5,7,6,1.166666667,19.67475267,0,1,
/adult-learner/course-detail/NYP-WSQA04_007/service-coaching-sf-supervisor,cet-q1-2025,6,0,6,0,7,6,1.166666667,31.5796705,0,2,6,0,6,0,7,6,1.166666667,31.5796705,0,2,
/adult-learner/course-detail/NYP-WSQC05_009/pwm-retail-service-leadership-sf-associate,(organic),6,0,6,3,7,6,1.166666667,107.5125407,0,3,6,0,6,3,7,6,1.166666667,107.5125407,0,3,
/adult-learner/course-types/career-transition-conversion-programmes,2024S2-sbm-acet,6,0,6,4,7,6,1.166666667,46.61640983,0,0,6,0,6,4,7,6,1.166666667,46.61640983,0,0,
/adult-learner/course-types/recommended/artificial-intelligence,(not set),6,2,6,4,10,9,1.111111111,43.15028733,0.222222222,3,6,2,6,4,10,9,1.111111111,43.15028733,0.222222222,3,
/adult-learner/course-types/short-courses/singapore-customs-courses-businesses,(not set),6,1,6,2,12,7,1.714285714,135.802144,0.142857143,2,6,1,6,2,12,7,1.714285714,135.802144,0.142857143,2,
/adult-learner/funding/financial-matters-assistance,oh2025,6,0,6,6,10,6,1.666666667,456.0692875,0,4,6,0,6,6,10,6,1.666666667,456.0692875,0,4,
/adult-learner/skillsfuture-credit,1.20218E+17,6,0,6,1,6,6,1,110.6858458,0,1,6,0,6,1,6,6,1,110.6858458,0,1,
/adult-learner/skillsfuture-credit,1.20218E+17,6,0,6,1,7,6,1.166666667,52.62140983,0,0,6,0,6,1,7,6,1.166666667,52.62140983,0,0,
/adult-learner/skillsfuture-credit,1.20218E+17,6,0,4,0,6,6,1,28.12525633,0.333333333,3,6,0,4,0,6,6,1,28.12525633,0.333333333,3,
/adult-learner,1.20218E+17,5,0,5,0,6,5,1.2,52.4582432,0,0,5,0,5,0,6,5,1.2,52.4582432,0,0,
/adult-learner,cet-q1-2025#digital-marketing,5,0,5,3,6,5,1.2,20.5673918,0,1,5,0,5,3,6,5,1.2,20.5673918,0,1,
/adult-learner,cet-q1-2025#engineering,5,0,5,2,5,5,1,16.5707222,0,2,5,0,5,2,5,5,1,16.5707222,0,2,
/adult-learner/course-detail/NYP-ASAP01/advanced-diploma-in-pharmaceutical-sciences,oh2025,5,0,5,1,5,5,1,20.359942,0,5,5,0,5,1,5,5,1,20.359942,0,5,
/adult-learner/course-detail/NYP-ASSP01/specialist-diploma-in-environmental-management-and-applied-water-technology,2025S1-sbm-acet,5,0,5,4,5,5,1,419.545155,0,1,5,0,5,4,5,5,1,419.545155,0,1,
/adult-learner/course-detail/NYP-ASSPA3/post-diploma-certificate-in-energy-management-for-process-industry-part-of-specialist-diploma-in-energy-and-environmental-management-for-process-industry,(not set),5,1,5,2,10,6,1.666666667,165.8313303,0,2,5,1,5,2,10,6,1.666666667,165.8313303,0,2,
/adult-learner/course-detail/NYP-BMLP01/work-study-certificate-leading-to-diploma-in-business-practice-hospitality-and-tourism-management,(not set),5,0,5,4,7,6,1.166666667,44.07168367,0,2,5,0,5,4,7,6,1.166666667,44.07168367,0,2,
/adult-learner/course-detail/NYP-BMSP20/specialist-diploma-in-wholesale-and-trade-management,2024S2-sbm-acet,5,1,5,4,7,6,1.166666667,70.96155317,0.166666667,1,5,1,5,4,7,6,1.166666667,70.96155317,0.166666667,1,
/adult-learner/course-detail/NYP-BMSPA4/post-diploma-certificate-in-materials-management-part-of-specialist-diploma-in-supply-chain-management,(not set),5,0,5,3,11,6,1.833333333,95.004291,0,2,5,0,5,3,11,6,1.833333333,95.004291,0,2,
/adult-learner/course-detail/NYP-BMSPA7/post-diploma-certificate-in-sport-management-part-of-specialist-diploma-in-sport-management-and-marketing,(not set),5,1,5,1,9,6,1.5,315.0358472,0,1,5,1,5,1,9,6,1.5,315.0358472,0,1,
/adult-learner/course-detail/NYP-BMSPA7/post-diploma-certificate-in-sport-management-part-of-specialist-diploma-in-sport-management-and-marketing,(referral),5,0,5,2,6,5,1.2,49.9685034,0,3,5,0,5,2,6,5,1.2,49.9685034,0,3,
/adult-learner/course-detail/NYP-BMSPA8/post-diploma-certificate-in-fund-management-part-of-specialist-diploma-in-fund-management-and-administration,(not set),5,0,5,1,5,5,1,38.5047094,0,0,5,0,5,1,5,5,1,38.5047094,0,0,
/adult-learner/course-detail/NYP-CB0554/sc102-classification-and-the-harmonised-system,(not set),5,0,5,3,6,7,0.857142857,16.213857,0.428571429,2,5,0,5,3,6,7,0.857142857,16.213857,0.428571429,2,
/adult-learner/course-detail/NYP-CB1247/curating-digital-visual-content-with-product-styling-and-photography,cet-q1-2025,5,0,5,0,5,5,1,47.811518,0,4,5,0,5,0,5,5,1,47.811518,0,4,
/adult-learner/course-detail/NYP-CB1250/design-thinking-for-an-innovative-workplace,(not set),5,1,5,3,6,6,1,67.7829525,0,3,5,1,5,3,6,6,1,67.7829525,0,3,
/adult-learner/course-detail/NYP-CB1260/feature-writing-and-digital-newsletter-design,(organic),5,1,5,1,5,5,1,313.7599298,0.2,1,5,1,5,1,5,5,1,313.7599298,0.2,1,
/adult-learner/course-detail/NYP-CB1265/employment-law-essentials-avoiding-legal-pitfalls-in-people-management,(direct),5,0,5,1,5,5,1,41.160336,0,3,5,0,5,1,5,5,1,41.160336,0,3,
/adult-learner/course-detail/NYP-CB1334/digital-marketing,(not set),5,0,5,1,5,6,0.833333333,68.99016667,0.166666667,2,5,0,5,1,5,6,0.833333333,68.99016667,0.166666667,2,
/adult-learner/course-detail/NYP-CB1342/tourism-market-research,cet-q1-2025,5,0,5,1,5,5,1,16.2215394,0,0,5,0,5,1,5,5,1,16.2215394,0,0,
/adult-learner/course-detail/NYP-CB1525/how-marketers-can-win-with-gen-z,(organic),5,2,5,3,5,5,1,14.407509,0.2,2,5,2,5,3,5,5,1,14.407509,0.2,2,
/adult-learner/course-detail/NYP-CB1527/fintech-start-up-and-scale-up-strategy,(organic),5,0,5,2,5,5,1,122.495498,0,1,5,0,5,2,5,5,1,122.495498,0,1,
/adult-learner/course-detail/NYP-CB1531/skills-intelligence-synchronous-e-learning,(not set),5,0,5,0,5,5,1,13.698018,0,2,5,0,5,0,5,5,1,13.698018,0,2,
/adult-learner/course-detail/NYP-CB1571/how-to-build-a-profit-driven-business,(referral),5,4,5,0,5,5,1,293.4383262,0,4,5,4,5,0,5,5,1,293.4383262,0,4,
/adult-learner/course-detail/NYP-CB231013/sustainability-at-our-core-equipping-you-to-drive-impact,2025S1-sbm-acet,5,0,5,3,7,5,1.4,74.6329786,0,0,5,0,5,3,7,5,1.4,74.6329786,0,0,
/adult-learner/course-detail/NYP-CB231018/the-economics-of-supply-management-in-the-sharing-economy-synchronous-elearning,(direct),5,0,5,2,5,5,1,111.8554436,0,1,5,0,5,2,5,5,1,111.8554436,0,1,
/adult-learner/course-detail/NYP-CB231019/digital-marketing-analytics,2025S1-sbm-acet,5,0,5,1,8,5,1.6,96.2252836,0,1,5,0,5,1,8,5,1.6,96.2252836,0,1,
/adult-learner/course-detail/NYP-CB231022/international-trade-and-freight-management,oh2025,5,0,5,3,5,5,1,175.0234448,0,3,5,0,5,3,5,5,1,175.0234448,0,3,
/adult-learner/course-detail/NYP-CB231025/storytelling-for-social-media-101,(referral),5,1,5,0,5,5,1,72.503897,0,2,5,1,5,0,5,5,1,72.503897,0,2,
/adult-learner/course-detail/NYP-CB241006/hospitality-industry-analytics,2025S1-sbm-acet,5,0,5,1,7,6,1.166666667,83.14954083,0,0,5,0,5,1,7,6,1.166666667,83.14954083,0,0,
/adult-learner/course-detail/NYP-CB241008/research-and-insights-for-trade-associations,(direct),5,0,5,3,5,5,1,25.2641622,0.2,2,5,0,5,3,5,5,1,25.2641622,0.2,2,
/adult-learner/course-detail/NYP-CE1154/introduction-to-machine-learning,(organic),5,0,5,3,5,6,0.833333333,7.835959833,0.166666667,1,5,0,5,3,5,6,0.833333333,7.835959833,0.166666667,1,
/adult-learner/course-detail/NYP-CE1231/coding-for-beginners-sync-and-async,(not set),5,0,5,0,5,5,1,56.7117066,0,0,5,0,5,0,5,5,1,56.7117066,0,0,
/adult-learner/course-detail/NYP-CE1239/robotic-process-automation-rpa-for-beginners,2025S1-sbm-acet,5,0,5,4,6,5,1.2,33.9734122,0,1,5,0,5,4,6,5,1.2,33.9734122,0,1,
/adult-learner/course-detail/NYP-CE1256/introduction-to-cnc-machining-processes,(referral),5,5,5,1,7,7,1,43.74384357,0.285714286,6,5,5,5,1,7,7,1,43.74384357,0.285714286,6,
/adult-learner/course-detail/NYP-CE1283/data-analysis-with-python,cet-q1-2025,5,0,5,2,5,5,1,72.118613,0,1,5,0,5,2,5,5,1,72.118613,0,1,
/adult-learner/course-detail/NYP-CE1362/python-a-first-look,cet-q1-2025,5,0,5,1,5,5,1,20.0139352,0,1,5,0,5,1,5,5,1,20.0139352,0,1,
/adult-learner/course-detail/NYP-CE1366/engineering-mathematics,cet-q1-2025,5,0,5,1,5,5,1,79.2123922,0,1,5,0,5,1,5,5,1,79.2123922,0,1,
/adult-learner/course-detail/NYP-CE1380/deep-dive-into-3d-printing-classroom-and-synchronous,(referral),5,3,5,1,6,5,1.2,185.0907808,0,3,5,3,5,1,6,5,1.2,185.0907808,0,3,
/adult-learner/course-detail/NYP-CE1504/anatomical-modelling-and-engineering-in-medical-3d-printing,cet-q1-2025,5,0,5,2,7,6,1.166666667,83.17120017,0.166666667,2,5,0,5,2,7,6,1.166666667,83.17120017,0.166666667,2,
/adult-learner/course-detail/NYP-CE1510/demystify-generative-artificial-intelligence,2025S1-sbm-acet,5,0,5,4,5,6,0.833333333,20.35225883,0,1,5,0,5,4,5,6,0.833333333,20.35225883,0,1,
/adult-learner/course-detail/NYP-CE1544/business-growth-and-sustainability-classroom-and-synchronous-e-learning,(organic),5,0,5,2,5,5,1,41.0112044,0,1,5,0,5,2,5,5,1,41.0112044,0,1,
/adult-learner/course-detail/NYP-CE1544/business-growth-and-sustainability-classroom-and-synchronous-e-learning,cet-q1-2025,5,0,5,2,5,5,1,42.8069182,0,1,5,0,5,2,5,5,1,42.8069182,0,1,
/adult-learner/course-detail/NYP-CE1545/bridging-the-sustainability-gap-for-innovation-and-growth-classroom-and-synchronous-e-learning,(organic),5,0,5,1,5,5,1,34.6386366,0,2,5,0,5,1,5,5,1,34.6386366,0,2,
/adult-learner/course-detail/NYP-CE2012/using-python-for-data-analysis-asynchronous-e-learning,(direct),5,0,5,3,10,5,2,308.2872012,0,0,5,0,5,3,10,5,2,308.2872012,0,0,
/adult-learner/course-detail/NYP-CE231001/building-artificial-intelligence-ai-applications-from-end-to-end-classroom-and-synchronous-e-learning,2024s2-sbm-shortcourses,5,0,5,5,6,6,1,26.6789775,0,1,5,0,5,5,6,6,1,26.6789775,0,1,
/adult-learner/course-detail/NYP-CE231009/introduction-in-the-3d-printing-in-the-maritime-industry-classroom,(direct),5,0,5,3,5,5,1,63.3701412,0.2,2,5,0,5,3,5,5,1,63.3701412,0.2,2,
/adult-learner/course-detail/NYP-CE231013/deep-dive-into-3d-printing,cet-q1-2025,5,0,5,2,9,8,1.125,33.31252738,0.375,5,5,0,5,2,9,8,1.125,33.31252738,0.375,5,
/adult-learner/course-detail/NYP-CE231015/9-day-precision-engineering-assessment-and-reskilling-lab-pearl-cnc-turning,cet-q1-2025#engineering,5,0,5,0,5,5,1,22.601601,0,2,5,0,5,0,5,5,1,22.601601,0,2,
/adult-learner/course-detail/NYP-CE231017/9-day-precision-engineering-assessment-and-reskilling-lab-pearl-conventional-machining,(not set),5,0,5,2,7,5,1.4,47.1334398,0,0,5,0,5,2,7,5,1.4,47.1334398,0,0,
/adult-learner/course-detail/NYP-CE231019/build-mobile-apps-with-no-code-platform-synchronous-e-learning,(direct),5,0,5,1,6,5,1.2,94.525091,0,2,5,0,5,1,6,5,1.2,94.525091,0,2,
/adult-learner/course-detail/NYP-CE234001/digital-transformation-enablers-for-manufacturing-skillsfuture-for-digital-workplace-20,(not set),5,0,5,1,5,5,1,193.5924236,0,1,5,0,5,1,5,5,1,193.5924236,0,1,
/adult-learner/course-detail/NYP-CE234001/digital-transformation-enablers-for-manufacturing-skillsfuture-for-digital-workplace-20,cet-q1-2025#engineering,5,0,5,1,5,5,1,30.7915618,0,1,5,0,5,1,5,5,1,30.7915618,0,1,
/adult-learner/course-detail/NYP-CE234002/digital-transformation-enablers-for-manufacturing-aerospace-mro-skillsfuture-for-digital-workplace-20,(not set),5,0,5,0,5,5,1,0.9699766,0,1,5,0,5,0,5,5,1,0.9699766,0,1,
/adult-learner/course-detail/NYP-CE236013/building-a-green-and-sustainable-manufacturing-industry,(direct),5,1,5,2,9,6,1.5,37.33014883,0,1,5,1,5,2,9,6,1.5,37.33014883,0,1,
/adult-learner/course-detail/NYP-CE241001/microsoft-word-for-workplace,(direct),5,0,5,5,5,5,1,298.8696564,0.2,3,5,0,5,5,5,5,1,298.8696564,0.2,3,
/adult-learner/course-detail/NYP-CE241002/microsoft-excel-for-workplace,2025S1-sbm-acet,5,0,5,2,5,5,1,18.479822,0,3,5,0,5,2,5,5,1,18.479822,0,3,
/adult-learner/course-detail/NYP-CE241003/smart-connected-system-design-and-implementation,cet-q1-2025#engineering,5,0,5,1,7,5,1.4,58.6856894,0,2,5,0,5,1,7,5,1.4,58.6856894,0,2,
/adult-learner/course-detail/NYP-CE241005/medical-device-electrical-safety-testing-iec60601iec62353-and-functional-analysis,(not set),5,1,5,1,7,5,1.4,52.7009106,0,0,5,1,5,1,7,5,1.4,52.7009106,0,0,
/adult-learner/course-detail/NYP-CH231001/navigating-ethical-dilemmas-in-social-services,(direct),5,0,5,1,5,5,1,37.2263354,0,0,5,0,5,1,5,5,1,37.2263354,0,0,
/adult-learner/course-detail/NYP-CI1236/computational-thinking-and-coding,(not set),5,0,5,2,12,5,2.4,164.6448034,0,1,5,0,5,2,12,5,2.4,164.6448034,0,1,
/adult-learner/course-detail/NYP-CI1279/data-visualisation-practicum,(referral),5,2,5,2,7,6,1.166666667,117.8650082,0,3,5,2,5,2,7,6,1.166666667,117.8650082,0,3,
/adult-learner/course-detail/NYP-CI1291/secure-software-development-and-testing,cet-q1-2025,5,0,5,0,5,5,1,119.914004,0,1,5,0,5,0,5,5,1,119.914004,0,1,
/adult-learner/course-detail/NYP-CI1292/cyber-defence-fundamentals,(not set),5,0,5,1,7,5,1.4,63.992082,0,0,5,0,5,1,7,5,1.4,63.992082,0,0,
/adult-learner/course-detail/NYP-CI1326/rpa-for-the-digital-workplace,(referral),5,2,5,2,7,6,1.166666667,201.2619348,0,2,5,2,5,2,7,6,1.166666667,201.2619348,0,2,
/adult-learner/course-detail/NYP-CI241005/scaled-agile-framework-safe-scrum-master-synchronous-and-asynchronous-e-learning,(referral),5,0,5,4,6,6,1,79.086515,0,4,5,0,5,4,6,6,1,79.086515,0,4,
/adult-learner/course-detail/NYP-CI245019/ms-project-training,cet-q1-2025,5,0,5,0,6,5,1.2,21.0714866,0,0,5,0,5,0,6,5,1.2,21.0714866,0,0,
/adult-learner/course-detail/NYP-CK241001/workplace-communication-effective-email-writing-synchronous-elearning,(direct),5,0,5,2,18,5,3.6,222.4583164,0,0,5,0,5,2,18,5,3.6,222.4583164,0,0,
/adult-learner/course-detail/NYP-CL0392/understanding-food-labels,(referral),5,0,5,2,5,5,1,52.4098568,0,2,5,0,5,2,5,5,1,52.4098568,0,2,
/adult-learner/course-detail/NYP-CL0518/creating-your-own-scented-candle,2025S1-sbm-acet,5,0,5,2,5,5,1,12.8595512,0,1,5,0,5,2,5,5,1,12.8595512,0,1,
/adult-learner/course-detail/NYP-CL0901/tcm-life-skills-in-sub-health-management-of-common-conditions,(not set),5,0,5,0,5,5,1,54.6269742,0,1,5,0,5,0,5,5,1,54.6269742,0,1,
/adult-learner/course-detail/NYP-CL1245/create-healthy-ice-cream-based-on-food-science-knowledge-in-food-pilot-plant,(not set),5,1,5,3,14,7,2,64.01325029,0,1,5,1,5,3,14,7,2,64.01325029,0,1,
/adult-learner/course-detail/NYP-CL1249/good-manufacturing-practices-gmp-what-you-need-to-know,(not set),5,2,5,1,9,6,1.5,52.823308,0.333333333,3,5,2,5,1,9,6,1.5,52.823308,0.333333333,3,
/adult-learner/course-detail/NYP-CL1249/good-manufacturing-practices-gmp-what-you-need-to-know,1.20217E+17,5,5,5,0,5,5,1,107.6481344,0.4,5,5,5,5,0,5,5,1,107.6481344,0.4,5,
/adult-learner/course-detail/NYP-CL1301/right-food-with-right-medicine-for-diabetes-and-heart-patients,cet-q1-2025,5,0,5,2,6,6,1,53.7843795,0,2,5,0,5,2,6,6,1,53.7843795,0,2,
/adult-learner/course-detail/NYP-CL230002/introduction-to-peranakan-cuisine,cet-q1-2025#personal-development,5,0,5,2,6,7,0.857142857,202.9735896,0.142857143,3,5,0,5,2,6,7,0.857142857,202.9735896,0.142857143,3,
/adult-learner/course-detail/NYP-CL240003/short-course-on-cultivated-meat-technologies,cet-q1-2025,5,0,5,1,5,5,1,24.7879824,0,1,5,0,5,1,5,5,1,24.7879824,0,1,
/adult-learner/course-detail/NYP-CLLP01/work-study-certificate-leading-to-diploma-in-applied-science-food-technology,(referral),5,1,5,3,9,8,1.125,95.36463988,0.25,2,5,1,5,3,9,8,1.125,95.36463988,0.25,2,
/adult-learner/course-detail/NYP-CX1107/aerial-drone-photography,(referral),5,2,5,3,7,7,1,50.65550771,0.428571429,5,5,2,5,3,7,7,1,50.65550771,0.428571429,5,
/adult-learner/course-detail/NYP-CX1259/bim-revit-for-architecture-level-2,cet-q1-2025,5,0,5,1,6,5,1.2,138.4848714,0,3,5,0,5,1,6,5,1.2,138.4848714,0,3,
/adult-learner/course-detail/NYP-CX1497/blender-for-beginnerscan,(direct),5,5,5,1,7,7,1,10.19148457,0.571428571,7,5,5,5,1,7,7,1,10.19148457,0.571428571,7,
/adult-learner/course-detail/NYP-CX1529/circular-design-and-business-modelling-masterclass,(organic),5,1,5,1,5,5,1,43.3118476,0,2,5,1,5,1,5,5,1,43.3118476,0,2,
/adult-learner/course-detail/NYP-DXSP01/specialist-diploma-in-smart-project-and-facilities-management,1.20218E+17,5,0,1,0,5,5,1,15.1057486,0.6,4,5,0,1,0,5,5,1,15.1057486,0.6,4,
/adult-learner/course-detail/NYP-DXSP01/specialist-diploma-in-smart-project-and-facilities-management,cet-q1-2025#cybersecurity,5,0,2,2,5,5,1,39.0502304,0.2,5,5,0,2,2,5,5,1,39.0502304,0.2,5,
/adult-learner/course-detail/NYP-DXSP02/specialist-diploma-in-visual-effects,1.20218E+17,5,0,4,4,9,6,1.5,20.465563,0.5,6,5,0,4,4,9,6,1.5,20.465563,0.5,6,
/adult-learner/course-detail/NYP-DXSP03/specialist-diploma-in-service-experience-design-and-innovation,1.20218E+17,5,0,3,3,8,5,1.6,237.212273,0.4,5,5,0,3,3,8,5,1.6,237.212273,0.4,5,
/adult-learner/course-detail/NYP-DXSP04/specialist-diploma-in-augmented-reality-and-virtual-reality,1.20218E+17,5,0,3,3,7,6,1.166666667,57.00136733,0.333333333,6,5,0,3,3,7,6,1.166666667,57.00136733,0.333333333,6,
/adult-learner/course-detail/NYP-DXSP05/specialist-diploma-in-digital-media-production,2024s2-sbm-shortcourses,5,0,3,3,7,6,1.166666667,25.39695367,0.333333333,3,5,0,3,3,7,6,1.166666667,25.39695367,0.333333333,3,
/adult-learner/course-detail/NYP-DXSP05/specialist-diploma-in-digital-media-production,2025S1-sbm-acet,5,0,4,4,6,7,0.857142857,36.344988,0.571428571,5,5,0,4,4,6,7,0.857142857,36.344988,0.571428571,5,
/adult-learner/course-detail/NYP-DXSP07/specialist-diploma-in-user-experience-design-and-management,cet-q1-2025#personal-development,5,0,3,3,7,7,1,50.35183071,0.428571429,6,5,0,3,3,7,7,1,50.35183071,0.428571429,6,
/adult-learner/course-detail/NYP-DXSP09/specialist-diploma-in-spatial-design,(not set),5,3,5,0,5,5,1,24.6580684,0.4,3,5,3,5,0,5,5,1,24.6580684,0.4,3,
/adult-learner/course-detail/NYP-DXSP09/specialist-diploma-in-spatial-design,1.20218E+17,5,0,4,1,9,5,1.8,283.5721248,0.2,4,5,0,4,1,9,5,1.8,283.5721248,0.2,4,
/adult-learner/course-detail/NYP-DXSP09/specialist-diploma-in-spatial-design,1.20218E+17,5,0,3,2,11,6,1.833333333,440.7491845,0.333333333,5,5,0,3,2,11,6,1.833333333,440.7491845,0.333333333,5,
/adult-learner/course-detail/NYP-DXSP09/specialist-diploma-in-spatial-design,oh2025,5,0,5,5,8,6,1.333333333,33.76736517,0,3,5,0,5,5,8,6,1.333333333,33.76736517,0,3,
/adult-learner/course-detail/NYP-EG101W/manage-manufacturing-productivity-improvement,(organic),5,0,5,3,9,6,1.5,765.7492138,0,2,5,0,5,3,9,6,1.5,765.7492138,0,2,
/adult-learner/course-detail/NYP-EG103W/apply-mathematical-concepts-in-engineering-solutions,(organic),5,0,5,2,5,5,1,62.242696,0,1,5,0,5,2,5,5,1,62.242696,0,1,
/adult-learner/course-detail/NYP-EG201W/apply-advanced-metrology-and-qa,(direct),5,0,5,4,6,6,1,157.8835112,0,1,5,0,5,4,6,6,1,157.8835112,0,1,
/adult-learner/course-detail/NYP-EG202W/apply-advanced-materials-technology,(direct),5,0,5,2,5,5,1,30.4272068,0,2,5,0,5,2,5,5,1,30.4272068,0,2,
/adult-learner/course-detail/NYP-EG904W/apply-advanced-design-for-additive-manufacturing-pe-sf,cet-q1-2025,5,0,5,1,6,5,1.2,19.2025182,0,2,5,0,5,1,6,5,1.2,19.2025182,0,2,
/adult-learner/course-detail/NYP-EGDP04/diploma-in-engineering-aerospace-manufacturing,2024S2-sbm-acet,5,0,5,2,7,6,1.166666667,65.293784,0,4,5,0,5,2,7,6,1.166666667,65.293784,0,4,
/adult-learner/course-detail/NYP-EGDP05/diploma-in-engineering-mechatronics,OH25,5,0,5,4,7,5,1.4,294.3060154,0,1,5,0,5,4,7,5,1.4,294.3060154,0,1,
/adult-learner/course-detail/NYP-EGEP02/work-study-post-diploma-specialist-diploma-in-converged-infocomm-infrastructure,(not set),5,1,5,3,12,6,2,33.48891017,0.166666667,2,5,1,5,3,12,6,2,33.48891017,0.166666667,2,
/adult-learner/course-detail/NYP-EGEP04/work-study-post-diploma-specialist-diploma-in-biomedical-and-pharmaceutical-engineering,(not set),5,0,5,3,6,6,1,41.89816483,0.166666667,3,5,0,5,3,6,6,1,41.89816483,0.166666667,3,
/adult-learner/course-detail/NYP-EGSP13/specialist-diploma-in-cloud-computing-and-intelligent-services-management,(not set),5,1,5,3,6,5,1.2,42.282748,0,1,5,1,5,3,6,5,1.2,42.282748,0,1,
/adult-learner/course-detail/NYP-EGSP18/specialist-diploma-in-biomedical-and-pharmaceutical-engineering,(not set),5,0,5,3,10,9,1.111111111,145.1034104,0.222222222,7,5,0,5,3,10,9,1.111111111,145.1034104,0.222222222,7,
/adult-learner/course-detail/NYP-EGSP19/specialist-diploma-in-robotics-and-automation-systems-design,(not set),5,0,5,2,5,5,1,42.3088218,0,3,5,0,5,2,5,5,1,42.3088218,0,3,
/adult-learner/course-detail/NYP-EGSP22/specialist-diploma-in-sustainable-materials-management,2025S1-sbm-acet,5,0,5,5,6,6,1,382.1228872,0,4,5,0,5,5,6,6,1,382.1228872,0,4,
/adult-learner/course-detail/NYP-EGSP23/specialist-diploma-in-iot-for-sustainable-solutioning,(not set),5,0,5,4,5,5,1,28.6144092,0.2,1,5,0,5,4,5,5,1,28.6144092,0.2,1,
/adult-learner/course-detail/NYP-EGSP23/specialist-diploma-in-iot-for-sustainable-solutioning,(referral),5,1,5,4,7,5,1.4,194.6526662,0,0,5,1,5,4,7,5,1.4,194.6526662,0,0,
/adult-learner/course-detail/NYP-EGSPA1/post-diploma-certificate-in-gxp-of-operations-management-part-of-specialist-diploma-in-biomedical-and-pharmaceutical-engineering,(not set),5,0,5,3,9,6,1.5,254.0846663,0,1,5,0,5,3,9,6,1.5,254.0846663,0,1,
/adult-learner/course-detail/NYP-EGSPA2/post-diploma-certificate-in-gxp-of-quality-assurance-and-compliance-qac-part-of-specialist-diploma-in-biomedical-and-pharmaceutical-engineering,(referral),5,2,5,3,5,5,1,64.600611,0,2,5,2,5,3,5,5,1,64.600611,0,2,
/adult-learner/course-detail/NYP-EGSPA4/post-diploma-certificate-in-sustainability-reporting-and-esg-data-management-part-of-specialist-diploma-in-carbon-management-for-sustainability-reporting,cet-q1-2025#sustainability,5,0,5,0,7,5,1.4,337.697451,0,1,5,0,5,0,7,5,1.4,337.697451,0,1,
/adult-learner/course-detail/NYP-EGSPA5/post-diploma-certificate-in-materials-sustainability-and-governance-part-of-specialist-diploma-in-sustainable-materials-management,(not set),5,0,5,3,7,5,1.4,226.0513824,0,2,5,0,5,3,7,5,1.4,226.0513824,0,2,
/adult-learner/course-detail/NYP-HSAF26/advanced-diploma-in-nursing-neuroscience,(not set),5,0,5,3,12,6,2,61.08656017,0,3,5,0,5,3,12,6,2,61.08656017,0,3,
/adult-learner/course-detail/NYP-HSAP11/advanced-diploma-in-nursing-management,(referral),5,4,5,1,8,6,1.333333333,90.59815,0,3,5,4,5,1,8,6,1.333333333,90.59815,0,3,
/adult-learner/course-detail/NYP-HSDP01/diploma-in-health-sciences-paramedicine,OH25,5,0,5,4,14,9,1.555555556,298.058229,0.111111111,6,5,0,5,4,14,9,1.555555556,298.058229,0.111111111,6,
/adult-learner/course-detail/NYP-HSSP15/specialist-diploma-in-nursing-ear-nose-and-throat,oh2025,5,0,5,3,5,5,1,24.304791,0,0,5,0,5,3,5,5,1,24.304791,0,0,
/adult-learner/course-detail/NYP-ITDP04/diploma-in-infocomm-and-digital-media-it-network-and-system-administration-dinsa2,1.20218E+17,5,4,5,1,7,7,1,0.114083286,0.857142857,5,5,4,5,1,7,7,1,0.114083286,0.857142857,5,
/adult-learner/course-detail/NYP-ITSP08/specialist-diploma-in-cybersecurity,(referral),5,3,5,2,8,7,1.142857143,62.90493714,0,5,5,3,5,2,8,7,1.142857143,62.90493714,0,5,
/adult-learner/course-detail/NYP-ITSP09/specialist-diploma-in-business-and-big-data-analytics,2025S1-sbm-acet,5,0,5,4,5,5,1,82.0029462,0.2,2,5,0,5,4,5,5,1,82.0029462,0.2,2,
/adult-learner/course-detail/NYP-ITSP12/specialist-diploma-in-applied-artificial-intelligence,2024S2-sbm-acet,5,0,5,1,5,5,1,40.8433164,0,2,5,0,5,1,5,5,1,40.8433164,0,2,
/adult-learner/course-detail/NYP-ITSP13/specialist-diploma-in-cybersecurity-pcm,2025S1-sbm-acet,5,0,5,3,5,5,1,34.6846932,0,1,5,0,5,3,5,5,1,34.6846932,0,1,
/adult-learner/course-detail/NYP-ITSPA1/post-diploma-certificate-in-business-analytics-part-of-specialist-diploma-in-business-and-big-data-analytics,2025S1-sbm-acet,5,0,5,2,7,7,1,18.44400757,0,3,5,0,5,2,7,7,1,18.44400757,0,3,
/adult-learner/course-detail/NYP-ITSPA3/post-diploma-certificate-in-enterprise-big-data-management-part-of-specialist-diploma-in-business-and-big-data-analytics,(referral),5,1,5,4,7,8,0.875,73.51222312,0.125,2,5,1,5,4,7,8,0.875,73.51222312,0.125,2,
/adult-learner/course-detail/NYP-JC1A19/workplace-learning-blueprint-development,(not set),5,0,5,4,8,7,1.142857143,503.9569967,0,5,5,0,5,4,8,7,1.142857143,503.9569967,0,5,
/adult-learner/course-detail/NYP-JC5016/workplace-learning-wpl-train-the-trainer-ttt-programme,(not set),5,0,5,2,5,5,1,41.7069904,0,3,5,0,5,2,5,5,1,41.7069904,0,3,
/adult-learner/course-detail/NYP-SI2001_02/cultivate-the-art-of-collaborative-influence-for-business-success-classroom-facilitated-asynchronous-e-learning,(organic),5,1,5,3,7,6,1.166666667,269.465415,0,4,5,1,5,3,7,6,1.166666667,269.465415,0,4,
/adult-learner/course-detail/NYP-SI4024_021/sell-and-earn-on-tiktok-classroom-facilitated-asynchronous-e-learning,(organic),5,3,5,1,5,6,0.833333333,208.4870503,0.166666667,4,5,3,5,1,5,6,0.833333333,208.4870503,0.166666667,4,
/adult-learner/course-detail/NYP-SI4024_042/sustainability-everyday-grow-green-and-learn-mobile-photography-with-ecommerce-tips-classroom-facilitated-asynchronous-e-learning,cet-q1-2025#personal-development,5,0,5,3,6,6,1,14.57181283,0,2,5,0,5,3,6,6,1,14.57181283,0,2,
/adult-learner/course-detail/NYP-SI4031_006/driving-sales-performance-on-shopee-marketing,(organic),5,4,5,0,6,5,1.2,102.5746258,0.2,4,5,4,5,0,6,5,1.2,102.5746258,0.2,4,
/adult-learner/course-detail/NYP-SI4047_003/social-commerce-boost-awareness-and-engagement-to-drive-your-business-growth-part-1-classroom-facilitated-practical-training-asynchronous-e-learning,cet-q1-2025,5,0,5,1,9,9,1,52.676823,0.444444444,6,5,0,5,1,9,9,1,52.676823,0.444444444,6,
/adult-learner/course-detail/NYP-SI4053_003/casetrust-accreditation-scheme-for-e-commerce-business-individual-training-1-classroom-facilitated-practical-training,(organic),5,5,5,0,5,5,1,51.9243052,0.2,2,5,5,5,0,5,5,1,51.9243052,0.2,2,
/adult-learner/course-detail/NYP-SI4053_004/kickstart-conversation-commerce-through-whatsapp-marketing-campaign-classroom-facilitated-practical-training-asynchronous-e-learning,(direct),5,0,5,3,5,5,1,301.4614452,0,0,5,0,5,3,5,5,1,301.4614452,0,0,
/adult-learner/course-detail/NYP-SI4053_004/kickstart-conversation-commerce-through-whatsapp-marketing-campaign-classroom-facilitated-practical-training-asynchronous-e-learning,(organic),5,0,5,2,5,5,1,24.7260646,0,0,5,0,5,2,5,5,1,24.7260646,0,0,
/adult-learner/course-detail/NYP-SI4059_004/generative-ai-content-creation-workshop-super-sprint-sales-and-marketing-performance-practical-asynchronous-e-learning,(not set),5,0,5,0,5,5,1,1.8465746,0,0,5,0,5,0,5,5,1,1.8465746,0,0,
/adult-learner/course-detail/NYP-SI4065_001/social-commerce-xiao-hong-shu-xhs-classroom-facilitated-practical-training-asynchronous-e-learning,cet-q1-2025,5,0,5,3,6,6,1,16.255621,0.166666667,3,5,0,5,3,6,6,1,16.255621,0.166666667,3,
/adult-learner/course-detail/NYP-SI4066_001/tiktok-influencer-and-content-marketing-strategies-to-drive-sales-classroom-facilitated-asynchronous-e-learning,cet-q1-2025,5,0,5,0,6,5,1.2,43.1978914,0,3,5,0,5,0,6,5,1.2,43.1978914,0,3,
/adult-learner/course-detail/NYP-SI7025_002/fundamentals-to-starting-an-online-business-classroom-facilitated,cet-q1-2025#cybersecurity,5,0,5,1,5,5,1,73.5938032,0,2,5,0,5,1,5,5,1,73.5938032,0,2,
/adult-learner/course-detail/NYP-SI7062/digitalisation-for-retail-skillsfuture-for-digital-workplace-20-classroom-facilitated,(organic),5,4,5,2,8,9,0.888888889,82.82651456,0.555555556,8,5,4,5,2,8,9,0.888888889,82.82651456,0.555555556,8,
/adult-learner/course-detail/NYP-SI7070_001/navigating-ai-and-sustainability-in-the-future-of-business,cet-q1-2025,5,0,5,1,5,5,1,11.0533226,0,0,5,0,5,1,5,5,1,11.0533226,0,0,
/adult-learner/course-detail/NYP-SI7071_001/engage-customers-through-social-media-classroom-facilitated,(direct),5,0,5,2,7,6,1.166666667,46.12182117,0,0,5,0,5,2,7,6,1.166666667,46.12182117,0,0,
/adult-learner/course-detail/NYP-SI7073_001/mobile-photography-inspiring-the-human-connection-classroom-facilitated,(referral),5,0,5,2,5,6,0.833333333,122.923496,0,1,5,0,5,2,5,6,0.833333333,122.923496,0,1,
/adult-learner/course-detail/NYP-SI8041_001/whisky-ambassador,(organic),5,0,5,2,5,6,0.833333333,16.27652167,0.166666667,2,5,0,5,2,5,6,0.833333333,16.27652167,0.166666667,2,
/adult-learner/course-detail/NYP-WSCA05_006/facilitate-effective-communication-and-engagement-at-the-workplace,(organic),5,0,5,1,5,5,1,53.781018,0,1,5,0,5,1,5,5,1,53.781018,0,1,
/adult-learner/course-detail/NYP-WSCC09_001/tea-diffusion-and-coffee-brewing,(direct),5,0,5,0,6,5,1.2,55.6671112,0,1,5,0,5,0,6,5,1.2,55.6671112,0,1,
/adult-learner/course-detail/NYP-WSCC11_804/wsq-certificate-in-food-services-pastry-and-baking,(direct),5,1,5,2,5,5,1,103.867925,0.2,4,5,1,5,2,5,5,1,103.867925,0.2,4,
/adult-learner/course-detail/NYP-WSCD11_001/apply-principles-of-food-and-beverages-concepts-and-setup,(direct),5,0,5,2,5,5,1,43.6974468,0,5,5,0,5,2,5,5,1,43.6974468,0,5,
/adult-learner/course-detail/NYP-WSCD11_008/develop-marketing-campaigns,(organic),5,0,5,3,5,5,1,47.9447156,0,0,5,0,5,3,5,5,1,47.9447156,0,0,
/adult-learner/course-detail/NYP-WSCD11_801/diploma-in-food-services,(direct),5,1,5,3,6,5,1.2,50.8465386,0.2,2,5,1,5,3,6,5,1.2,50.8465386,0.2,2,
/adult-learner/course-detail/NYP-WSCM14_002/classic-french-cuisine,(organic),5,3,5,0,5,5,1,16.3602054,0.2,3,5,3,5,0,5,5,1,16.3602054,0.2,3,
/adult-learner/course-detail/NYP-WSCP29_008/festive-delights,(organic),5,5,5,0,5,5,1,6.9687508,0.8,4,5,5,5,0,5,5,1,6.9687508,0.8,4,
/adult-learner/course-detail/NYP-WSCP29_023/chocolate-decadence,(direct),5,0,5,0,5,5,1,1.1856816,0,0,5,0,5,0,5,5,1,1.1856816,0,0,
/adult-learner/course-detail/NYP-WSCP29_036/yumilicious-breads,(direct),5,1,5,0,5,5,1,16.111596,0.2,1,5,1,5,0,5,5,1,16.111596,0.2,1,
/adult-learner/course-detail/NYP-WSCP41_001/western-roast-and-bake,(direct),5,2,5,0,5,5,1,1.365164,0,1,5,2,5,0,5,5,1,1.365164,0,1,
/adult-learner/course-detail/NYP-WSCP50_002/maintain-safe-and-secure-work-environment-part-of-sctp,(direct),5,0,5,1,5,5,1,16.3894276,0,0,5,0,5,1,5,5,1,16.3894276,0,0,
/adult-learner/course-detail/NYP-WSCP77_001/bread-making-3-part-of-sctp,(direct),5,0,5,0,5,5,1,5.37047,0,1,5,0,5,0,5,5,1,5.37047,0,1,
/adult-learner/course-detail/NYP-WSCV01_010/prepare-basic-sushi,(not set),5,0,5,0,6,5,1.2,44.7408766,0,1,5,0,5,0,6,5,1.2,44.7408766,0,1,
/adult-learner/course-detail/NYP-WSCV01_016/savoury-korean-delights,(referral),5,0,5,3,7,6,1.166666667,214.935243,0,1,5,0,5,3,7,6,1.166666667,214.935243,0,1,
/adult-learner/course-detail/NYP-WSCV02_001/healthy-vegan-and-gluten-free-creations,cet-q1-2025#personal-development,5,0,5,1,5,5,1,58.1265372,0,1,5,0,5,1,5,5,1,58.1265372,0,1,
/adult-learner/course-detail/NYP-WSCV02_010/decorative-cakes,(organic),5,0,5,2,5,5,1,36.1948034,0,2,5,0,5,2,5,5,1,36.1948034,0,2,
/adult-learner/course-detail/NYP-WSCY01_801/sctp-certificate-in-food-services-culinary-arts-part-time,(not set),5,0,5,2,5,6,0.833333333,7.220121333,0.166666667,1,5,0,5,2,5,6,0.833333333,7.220121333,0.166666667,1,
/adult-learner/course-detail/NYP-WSCY04_801/sctp-higher-certificate-in-food-services-pastry-and-baking-part-time,(not set),5,0,5,0,5,5,1,12.0686434,0,2,5,0,5,0,5,5,1,12.0686434,0,2,
/adult-learner/course-detail/NYP-WSCY05_801/sctp-advanced-certificate-in-food-services-culinary-arts-part-time,(not set),5,0,5,1,6,5,1.2,123.787146,0,1,5,0,5,1,6,5,1.2,123.787146,0,1,
/adult-learner/course-detail/NYP-WSCY06_801/sctp-advanced-certificate-in-food-services-pastry-and-baking-part-time,cet-q1-2025#personal-development,5,0,5,3,6,6,1,23.020274,0,5,5,0,5,3,6,6,1,23.020274,0,5,
/adult-learner/course-detail/NYP-WSQA04_011/people-and-relationship-management-sf-supervisor,(organic),5,0,5,2,6,6,1,39.75919333,0.166666667,1,5,0,5,2,6,6,1,39.75919333,0.166666667,1,
/adult-learner/course-detail/NYP-WSQC05_009/pwm-retail-service-leadership-sf-associate,cet-q1-2025,5,0,5,1,5,5,1,19.3384404,0,0,5,0,5,1,5,5,1,19.3384404,0,0,
/adult-learner/course-detail/NYP-WSQD03_801/specialist-diploma-in-retail-operations,(organic),5,0,5,2,5,5,1,106.716687,0,4,5,0,5,2,5,5,1,106.716687,0,4,
/adult-learner/course-detail/NYP-WSQV03_012/productivity-improvement-sf-manager,cet-q1-2025,5,0,5,0,5,5,1,3.5435788,0,1,5,0,5,0,5,5,1,3.5435788,0,1,
/adult-learner/course-types/part-time-diplomas-certificates,1.20218E+17,5,0,5,0,8,5,1.6,38.2484704,0,1,5,0,5,0,8,5,1.6,38.2484704,0,1,
/adult-learner/course-types/part-time-diplomas-certificates,2024s2-sbm-shortcourses,5,0,5,4,11,8,1.375,61.986148,0,3,5,0,5,4,11,8,1.375,61.986148,0,3,
/adult-learner/course-types/post-diploma-programmes,1.20218E+17,5,0,5,1,6,5,1.2,23.0284762,0,0,5,0,5,1,6,5,1.2,23.0284762,0,0,
/adult-learner/course-types/post-diploma-programmes/engineering,1.20218E+17,5,0,5,0,7,5,1.4,24.2251466,0,1,5,0,5,0,7,5,1.4,24.2251466,0,1,
/adult-learner/course-types/recommended/care-economy,(not set),5,0,5,0,5,5,1,11.0872504,0,1,5,0,5,0,5,5,1,11.0872504,0,1,
/adult-learner/course-types/recommended/green-economy,2024S2-sbm-acet,5,0,5,2,5,5,1,44.601836,0,2,5,0,5,2,5,5,1,44.601836,0,2,
/adult-learner/course-types/recommended/green-economy,cet-q1-2025#cybersecurity,5,0,5,0,5,5,1,31.3928044,0,2,5,0,5,0,5,5,1,31.3928044,0,2,
/adult-learner/course-types/recommended/green-economy,oh2025,5,0,5,1,5,5,1,13.1763188,0,1,5,0,5,1,5,5,1,13.1763188,0,1,
/adult-learner/course-types/short-courses,1.20218E+17,5,1,5,0,8,5,1.6,90.7130962,0,2,5,1,5,0,8,5,1.6,90.7130962,0,2,
/adult-learner/course-types/short-courses,1.20218E+17,5,0,5,3,8,5,1.6,242.6397068,0,0,5,0,5,3,8,5,1.6,242.6397068,0,0,
/adult-learner/course-types/short-courses,2024s2-sbm-shortcourses,5,2,5,3,7,6,1.166666667,137.4144777,0.166666667,3,5,2,5,3,7,6,1.166666667,137.4144777,0.166666667,3,
/adult-learner/find-a-course,1.20218E+17,5,0,5,1,8,6,1.333333333,124.6828475,0,2,5,0,5,1,8,6,1.333333333,124.6828475,0,2,
/adult-learner,1.20218E+17,4,0,4,1,4,4,1,8.41634225,0,1,4,0,4,1,4,4,1,8.41634225,0,1,
/adult-learner/course-detail/NYP-AS002Z/staff-training-and-development-part-of-pdc3-of-advanced-diploma-in-pharmaceutical-sciences,2025S1-sbm-acet,4,0,4,2,4,4,1,19.02616125,0,0,4,0,4,2,4,4,1,19.02616125,0,0,
/adult-learner/course-detail/NYP-AS006Z/good-dispensing-practice-part-of-pdc2-of-advanced-diploma-in-pharmaceutical-sciences,(referral),4,1,4,2,5,4,1.25,64.763994,0,2,4,1,4,2,5,4,1.25,64.763994,0,2,
/adult-learner/course-detail/NYP-ASSP01/specialist-diploma-in-environmental-management-and-applied-water-technology,cet-q1-2025#sustainability,4,0,4,0,4,4,1,20.32498325,0,0,4,0,4,0,4,4,1,20.32498325,0,0,
/adult-learner/course-detail/NYP-ASSPA4/post-diploma-certificate-in-environmental-management-for-process-industry-part-of-specialist-diploma-in-energy-and-environmental-management-for-process-industry,cet-q1-2025,4,0,4,1,4,4,1,6.342596,0,3,4,0,4,1,4,4,1,6.342596,0,3,
/adult-learner/course-detail/NYP-BMEP01/work-study-post-diploma-specialist-diploma-human-capital-management,oh2025,4,0,4,0,4,4,1,145.5242925,0,0,4,0,4,0,4,4,1,145.5242925,0,0,
/adult-learner/course-detail/NYP-BMLP01/work-study-certificate-leading-to-diploma-in-business-practice-hospitality-and-tourism-management,2025S1-sbm-acet,4,0,4,2,10,5,2,43.2686002,0,3,4,0,4,2,10,5,2,43.2686002,0,3,
/adult-learner/course-detail/NYP-BMLP01/work-study-certificate-leading-to-diploma-in-business-practice-hospitality-and-tourism-management,OH25,4,0,4,3,4,4,1,21.46024925,0,0,4,0,4,3,4,4,1,21.46024925,0,0,
/adult-learner/course-detail/NYP-BMLP02/work-study-certificate-leading-to-diploma-in-business-practice-accounting,OH25,4,0,4,3,5,4,1.25,10.12627525,0,0,4,0,4,3,5,4,1.25,10.12627525,0,0,
/adult-learner/course-detail/NYP-BMSP16/specialist-diploma-in-fund-management-and-administration,oh2025,4,0,4,3,5,5,1,18.4602534,0,4,4,0,4,3,5,5,1,18.4602534,0,4,
/adult-learner/course-detail/NYP-BMSP21/specialist-diploma-in-hr-analytics-and-digitalisation,oh2025,4,0,4,3,4,4,1,76.93534425,0,2,4,0,4,3,4,4,1,76.93534425,0,2,
/adult-learner/course-detail/NYP-BMSPA4/post-diploma-certificate-in-materials-management-part-of-specialist-diploma-in-supply-chain-management,(referral),4,0,4,3,4,4,1,41.280625,0,0,4,0,4,3,4,4,1,41.280625,0,0,
/adult-learner/course-detail/NYP-CB0553/sc101-customs-procedures,cet-q1-2025,4,0,4,1,4,4,1,30.066047,0,1,4,0,4,1,4,4,1,30.066047,0,1,
/adult-learner/course-detail/NYP-CB0555/sc103-rules-of-origin-free-trade-agreements,2025S1-sbm-acet,4,0,4,3,10,8,1.25,70.59955838,0.125,6,4,0,4,3,10,8,1.25,70.59955838,0.125,6,
/adult-learner/course-detail/NYP-CB0556/sc111-hands-on-tradenet-declaration,cet-q1-2025,4,0,4,2,5,4,1.25,231.3796825,0,2,4,0,4,2,5,4,1.25,231.3796825,0,2,
/adult-learner/course-detail/NYP-CB1037/hr-analytics,(referral),4,2,4,1,6,5,1.2,635.9157236,0,3,4,2,4,1,6,5,1.2,635.9157236,0,3,
/adult-learner/course-detail/NYP-CB1040/digital-health-checks-on-public-listed-companies-a-basic-how-to,(direct),4,0,4,1,5,4,1.25,336.2612188,0,1,4,0,4,1,5,4,1.25,336.2612188,0,1,
/adult-learner/course-detail/NYP-CB1040/digital-health-checks-on-public-listed-companies-a-basic-how-to,(organic),4,1,4,2,6,5,1.2,58.3399638,0,4,4,1,4,2,6,5,1.2,58.3399638,0,4,
/adult-learner/course-detail/NYP-CB1040/digital-health-checks-on-public-listed-companies-a-basic-how-to,cet-q1-2025,4,0,4,2,4,4,1,14.3189435,0,0,4,0,4,2,4,4,1,14.3189435,0,0,
/adult-learner/course-detail/NYP-CB1216/financial-analytics-with-python,(referral),4,3,4,1,4,4,1,25.46308275,0,1,4,3,4,1,4,4,1,25.46308275,0,1,
/adult-learner/course-detail/NYP-CB1260/feature-writing-and-digital-newsletter-design,cet-q1-2025,4,0,4,1,4,4,1,37.8372835,0,0,4,0,4,1,4,4,1,37.8372835,0,0,
/adult-learner/course-detail/NYP-CB1265/employment-law-essentials-avoiding-legal-pitfalls-in-people-management,cet-q1-2025,4,0,4,0,4,4,1,18.1990585,0,2,4,0,4,0,4,4,1,18.1990585,0,2,
/adult-learner/course-detail/NYP-CB1327/managing-change-in-an-age-of-disruption-synchronous-elearning,(organic),4,0,4,1,5,4,1.25,84.09502725,0,1,4,0,4,1,5,4,1.25,84.09502725,0,1,
/adult-learner/course-detail/NYP-CB1333/consumer-behaviour,cet-q1-2025,4,0,4,1,4,5,0.8,16.8936068,0.2,0,4,0,4,1,4,5,0.8,16.8936068,0.2,0,
/adult-learner/course-detail/NYP-CB1335/sales-closing-techniques,(not set),4,0,4,1,4,4,1,25.3454015,0,1,4,0,4,1,4,4,1,25.3454015,0,1,
/adult-learner/course-detail/NYP-CB1336/service-excellence,(referral),4,2,4,3,5,6,0.833333333,278.7475563,0.166666667,4,4,2,4,3,5,6,0.833333333,278.7475563,0.166666667,4,
/adult-learner/course-detail/NYP-CB1337/managing-external-and-internal-stakeholders-effectively,(direct),4,0,4,3,5,5,1,15.650638,0,1,4,0,4,3,5,5,1,15.650638,0,1,
/adult-learner/course-detail/NYP-CB1343/optimising-sales-profit-with-effective-management-of-event-and-roadshow,(organic),4,2,4,0,4,4,1,97.48666525,0.5,3,4,2,4,0,4,4,1,97.48666525,0.5,3,
/adult-learner/course-detail/NYP-CB1365/retail-analytics-async-e-learning,(direct),4,0,4,3,8,6,1.333333333,107.4760853,0.166666667,2,4,0,4,3,8,6,1.333333333,107.4760853,0.166666667,2,
/adult-learner/course-detail/NYP-CB1527/fintech-start-up-and-scale-up-strategy,(direct),4,0,4,2,5,4,1.25,36.153498,0,0,4,0,4,2,5,4,1.25,36.153498,0,0,
/adult-learner/course-detail/NYP-CB1536/certificate-in-fund-administration,(not set),4,0,4,4,7,7,1,36.82704429,0.285714286,2,4,0,4,4,7,7,1,36.82704429,0.285714286,2,
/adult-learner/course-detail/NYP-CB1536/certificate-in-fund-administration,2024S2-sbm-acet,4,0,4,3,6,6,1,18.5882445,0.166666667,3,4,0,4,3,6,6,1,18.5882445,0.166666667,3,
/adult-learner/course-detail/NYP-CB1536/certificate-in-fund-administration,oh2025,4,0,4,4,4,5,0.8,111.4278724,0.2,3,4,0,4,4,4,5,0.8,111.4278724,0.2,3,
/adult-learner/course-detail/NYP-CB1570/how-to-create-a-unique-business,(referral),4,4,4,0,4,4,1,55.40942075,0,3,4,4,4,0,4,4,1,55.40942075,0,3,
/adult-learner/course-detail/NYP-CB1572/reading-signs-and-moving-minds-personality-analysis-for-innovative-negotiation-and-conflict-management,(not set),4,0,4,2,13,5,2.6,196.9271494,0,1,4,0,4,2,13,5,2.6,196.9271494,0,1,
/adult-learner/course-detail/NYP-CB1577/business-storytelling-to-connect-with-your-online-target-audience,(referral),4,1,4,2,4,4,1,258.397503,0,2,4,1,4,2,4,4,1,258.397503,0,2,
/adult-learner/course-detail/NYP-CB1577/business-storytelling-to-connect-with-your-online-target-audience,cet-q1-2025,4,0,4,1,5,6,0.833333333,48.50987317,0,0,4,0,4,1,5,6,0.833333333,48.50987317,0,0,
/adult-learner/course-detail/NYP-CB2001/becoming-a-change-agent-in-a-volatile-world,(not set),4,0,4,2,6,4,1.5,68.65837775,0,0,4,0,4,2,6,4,1.5,68.65837775,0,0,
/adult-learner/course-detail/NYP-CB231013/sustainability-at-our-core-equipping-you-to-drive-impact,(referral),4,3,4,3,5,8,0.625,207.452,0.375,3,4,3,4,3,5,8,0.625,207.452,0.375,3,
/adult-learner/course-detail/NYP-CB231016/communicate-your-innovation-story-through-story-mapping,(direct),4,0,4,1,4,4,1,26.405408,0,0,4,0,4,1,4,4,1,26.405408,0,0,
/adult-learner/course-detail/NYP-CB231017/the-augmented-reality-ar-advantage-for-engaging-customers-and-learners,(direct),4,1,4,3,12,5,2.4,54.6561364,0,2,4,1,4,3,12,5,2.4,54.6561364,0,2,
/adult-learner/course-detail/NYP-CB231017/the-augmented-reality-ar-advantage-for-engaging-customers-and-learners,(organic),4,0,4,2,4,4,1,48.224341,0,1,4,0,4,2,4,4,1,48.224341,0,1,
/adult-learner/course-detail/NYP-CB234003/digitalisation-for-transportation-skillsfuture-for-digital-workplace-20-online,2025S1-sbm-acet,4,0,4,1,5,4,1.25,19.843456,0,0,4,0,4,1,5,4,1.25,19.843456,0,0,
/adult-learner/course-detail/NYP-CB241012/sustainability-reporting-a-practical-guide-and-toolkit-for-small-and-medium-enterprises,(not set),4,0,4,1,4,4,1,20.95587925,0,1,4,0,4,1,4,4,1,20.95587925,0,1,
/adult-learner/course-detail/NYP-CB243001/sctp-certificate-in-digital-marketing-and-content-curation,1.20218E+17,4,2,4,1,6,5,1.2,104.2207066,0,4,4,2,4,1,6,5,1.2,104.2207066,0,4,
/adult-learner/course-detail/NYP-CE0398/design-thinking-workshop,(organic),4,0,4,2,5,4,1.25,47.211476,0,0,4,0,4,2,5,4,1.25,47.211476,0,0,
/adult-learner/course-detail/NYP-CE0414/3d-printing,cet-q1-2025,4,0,4,2,6,5,1.2,119.3178414,0,2,4,0,4,2,6,5,1.2,119.3178414,0,2,
/adult-learner/course-detail/NYP-CE1149/introduction-to-collaborative-robotics,(organic),4,2,4,1,5,5,1,340.8463066,0,4,4,2,4,1,5,5,1,340.8463066,0,4,
/adult-learner/course-detail/NYP-CE1151/introduction-to-deep-learning,(referral),4,1,4,3,5,6,0.833333333,132.4752425,0.166666667,1,4,1,4,3,5,6,0.833333333,132.4752425,0.166666667,1,
/adult-learner/course-detail/NYP-CE1154/introduction-to-machine-learning,(direct),4,0,4,1,4,5,0.8,198.437594,0,2,4,0,4,1,4,5,0.8,198.437594,0,2,
/adult-learner/course-detail/NYP-CE1167/understanding-of-internet-of-things-iot,(organic),4,0,4,3,4,5,0.8,39.9047448,0.2,1,4,0,4,3,4,5,0.8,39.9047448,0.2,1,
/adult-learner/course-detail/NYP-CE1176/digital-storytelling,(direct),4,0,4,3,4,4,1,163.718641,0,0,4,0,4,3,4,4,1,163.718641,0,0,
/adult-learner/course-detail/NYP-CE1205/programmable-logic-controller-programming,cet-q1-2025,4,0,4,1,5,4,1.25,29.501031,0,1,4,0,4,1,5,4,1.25,29.501031,0,1,
/adult-learner/course-detail/NYP-CE1210/smart-iot-basics,cet-q1-2025,4,0,4,0,4,4,1,31.394233,0,1,4,0,4,0,4,4,1,31.394233,0,1,
/adult-learner/course-detail/NYP-CE1231/coding-for-beginners-sync-and-async,cet-q1-2025,4,0,4,2,6,6,1,30.151263,0.166666667,4,4,0,4,2,6,6,1,30.151263,0.166666667,4,
/adult-learner/course-detail/NYP-CE1239/robotic-process-automation-rpa-for-beginners,(not set),4,0,4,3,4,4,1,220.6197617,0,0,4,0,4,3,4,4,1,220.6197617,0,0,
/adult-learner/course-detail/NYP-CE1255/introduction-to-geometric-dimensioning-and-tolerancing-gdandt,(organic),4,2,4,2,4,4,1,36.08031225,0,3,4,2,4,2,4,4,1,36.08031225,0,3,
/adult-learner/course-detail/NYP-CE1353/future-of-connected-homes-and-devices-classroom-and-synchronous-elearning,(direct),4,1,4,3,6,5,1.2,861.238765,0,3,4,1,4,3,6,5,1.2,861.238765,0,3,
/adult-learner/course-detail/NYP-CE1361/composite-repair-design-with-practical-application,(direct),4,0,4,1,4,4,1,117.4496558,0,0,4,0,4,1,4,4,1,117.4496558,0,0,
/adult-learner/course-detail/NYP-CE1361/composite-repair-design-with-practical-application,(organic),4,1,4,1,4,4,1,251.8545543,0,1,4,1,4,1,4,4,1,251.8545543,0,1,
/adult-learner/course-detail/NYP-CE1485/kickstart-your-basic-programming-skills-using-microbit-synchronous-e-learning,(direct),4,0,4,2,4,4,1,12.546017,0,1,4,0,4,2,4,4,1,12.546017,0,1,
/adult-learner/course-detail/NYP-CE1502/digital-manufacturing-3d-printing-applications-classroom-synchronous-e-learning,(direct),4,0,4,3,4,4,1,30.043391,0,0,4,0,4,3,4,4,1,30.043391,0,0,
/adult-learner/course-detail/NYP-CE1502/digital-manufacturing-3d-printing-applications-classroom-synchronous-e-learning,cet-q1-2025,4,0,4,2,6,4,1.5,48.33546025,0,2,4,0,4,2,6,4,1.5,48.33546025,0,2,
/adult-learner/course-detail/NYP-CE1535/build-mobile-apps-with-no-code-platform,cet-q1-2025,4,0,4,2,4,5,0.8,22.9891678,0,2,4,0,4,2,4,5,0.8,22.9891678,0,2,
/adult-learner/course-detail/NYP-CE1545/bridging-the-sustainability-gap-for-innovation-and-growth-classroom-and-synchronous-e-learning,cet-q1-2025,4,0,4,1,5,4,1.25,27.50095325,0,1,4,0,4,1,5,4,1.25,27.50095325,0,1,
/adult-learner/course-detail/NYP-CE2009/simple-ways-for-beginners-to-learn-coding-synchronous-e-learning,(direct),4,0,4,2,8,6,1.333333333,86.56796567,0,1,4,0,4,2,8,6,1.333333333,86.56796567,0,1,
/adult-learner/course-detail/NYP-CE2010/using-python-for-data-analysis,cet-q1-2025#personal-development,4,0,4,0,5,4,1.25,47.28645325,0,2,4,0,4,0,5,4,1.25,47.28645325,0,2,
/adult-learner/course-detail/NYP-CE2011/using-python-for-data-analysis-synchronous-e-learning,(not set),4,0,4,2,4,4,1,36.42792725,0,2,4,0,4,2,4,4,1,36.42792725,0,2,
/adult-learner/course-detail/NYP-CE2011/using-python-for-data-analysis-synchronous-e-learning,(referral),4,1,4,1,4,4,1,5.56744975,0.5,3,4,1,4,1,4,4,1,5.56744975,0.5,3,
/adult-learner/course-detail/NYP-CE231003/apply-generative-artificial-intelligence-for-your-industry,(not set),4,0,4,4,12,6,2,256.7527932,0,1,4,0,4,4,12,6,2,256.7527932,0,1,
/adult-learner/course-detail/NYP-CE231003/apply-generative-artificial-intelligence-for-your-industry,2025S1-sbm-acet,4,0,4,4,4,4,1,20.8030925,0,2,4,0,4,4,4,4,1,20.8030925,0,2,
/adult-learner/course-detail/NYP-CE231006/smart-sensing-and-iot-applications-making-it-work,cet-q1-2025#engineering,4,0,4,2,5,5,1,31.5860066,0,3,4,0,4,2,5,5,1,31.5860066,0,3,
/adult-learner/course-detail/NYP-CE231018/preparatory-mathematics-programme,(organic),4,0,4,3,4,5,0.8,119.8428986,0.2,1,4,0,4,3,4,5,0.8,119.8428986,0.2,1,
/adult-learner/course-detail/NYP-CE231019/build-mobile-apps-with-no-code-platform-synchronous-e-learning,(organic),4,2,4,2,4,5,0.8,33.5428684,0.4,3,4,2,4,2,4,5,0.8,33.5428684,0.4,3,
/adult-learner/course-detail/NYP-CE241001/microsoft-word-for-workplace,(referral),4,3,4,1,5,5,1,41.6453256,0,2,4,3,4,1,5,5,1,41.6453256,0,2,
/adult-learner/course-detail/NYP-CE241001/microsoft-word-for-workplace,cet-q1-2025,4,0,4,1,4,4,1,35.08442325,0,2,4,0,4,1,4,4,1,35.08442325,0,2,
/adult-learner/course-detail/NYP-CE241002/microsoft-excel-for-workplace,(not set),4,0,4,1,7,5,1.4,171.461212,0,0,4,0,4,1,7,5,1.4,171.461212,0,0,
/adult-learner/course-detail/NYP-CE241007/sustainable-futures-exploring-finnish-sustainability-through-innovation-and-social-responsibility,(referral),4,3,4,2,9,9,1,54.08508556,0.666666667,7,4,3,4,2,9,9,1,54.08508556,0.666666667,7,
/adult-learner/course-detail/NYP-CH231002/understanding-and-applying-casework-assessment-and-intervention,(referral),4,2,4,1,5,5,1,93.3738272,0.2,3,4,2,4,1,5,5,1,93.3738272,0.2,3,
/adult-learner/course-detail/NYP-CH231003/suicide-risk-assessment-and-management,(not set),4,0,4,3,8,4,2,162.5136645,0,0,4,0,4,3,8,4,2,162.5136645,0,0,
/adult-learner/course-detail/NYP-CH246002/lifelines-and-listening-tools-for-responding-to-suicide-risk,(organic),4,2,4,1,5,4,1.25,45.76252875,0,1,4,2,4,1,5,4,1.25,45.76252875,0,1,
/adult-learner/course-detail/NYP-CI1276/app-development-with-swift,(referral),4,3,4,1,5,5,1,107.7412922,0.2,5,4,3,4,1,5,5,1,107.7412922,0.2,5,
/adult-learner/course-detail/NYP-CI1291/secure-software-development-and-testing,(not set),4,0,4,3,8,8,1,131.8571805,0.25,5,4,0,4,3,8,8,1,131.8571805,0.25,5,
/adult-learner/course-detail/NYP-CI1291/secure-software-development-and-testing,(referral),4,2,4,1,8,6,1.333333333,555.090618,0.166666667,4,4,2,4,1,8,6,1.333333333,555.090618,0.166666667,4,
/adult-learner/course-detail/NYP-CI1368/data-science-for-power-users,cet-q1-2025,4,0,4,2,6,5,1.2,25.6159244,0.2,1,4,0,4,2,6,5,1.2,25.6159244,0.2,1,
/adult-learner/course-detail/NYP-CI231003/robotic-process-automation,(referral),4,3,4,2,4,6,0.666666667,250.2587188,0.166666667,3,4,3,4,2,4,6,0.666666667,250.2587188,0.166666667,3,
/adult-learner/course-detail/NYP-CI231004/design-thinking-for-innovation,(referral),4,2,4,3,8,6,1.333333333,395.73881,0.333333333,4,4,2,4,3,8,6,1.333333333,395.73881,0.333333333,4,
/adult-learner/course-detail/NYP-CI231005/the-international-council-of-e-commerce-consultants-certified-cloud-security-engineer-ec-council-ccse,(not set),4,0,4,4,5,4,1.25,117.5840648,0,2,4,0,4,4,5,4,1.25,117.5840648,0,2,
/adult-learner/course-detail/NYP-CI234001/digital-transformation-skillsfuture-for-digital-workplace-20,(not set),4,0,4,1,5,4,1.25,190.36749,0,3,4,0,4,1,5,4,1.25,190.36749,0,3,
/adult-learner/course-detail/NYP-CI241003/leading-scaled-agile-framework-safe-synchronous-and-asynchronous-e-learning,(referral),4,3,4,1,5,5,1,204.602015,0,3,4,3,4,1,5,5,1,204.602015,0,3,
/adult-learner/course-detail/NYP-CI241003/leading-scaled-agile-framework-safe-synchronous-and-asynchronous-e-learning,cet-q1-2025,4,0,4,1,4,5,0.8,37.9478198,0,0,4,0,4,1,4,5,0.8,37.9478198,0,0,
/adult-learner/course-detail/NYP-CI241004/project-management-professional-synchronous-e-learning,(not set),4,2,4,2,6,4,1.5,119.664142,0.5,2,4,2,4,2,6,4,1.5,119.664142,0.5,2,
/adult-learner/course-detail/NYP-CI241004/project-management-professional-synchronous-e-learning,2025S1-sbm-acet,4,0,3,3,4,4,1,200.0478533,0.25,3,4,0,3,3,4,4,1,200.0478533,0.25,3,
/adult-learner/course-detail/NYP-CI241006/operational-technology-security-fundamentals,2025S1-sbm-acet,4,0,4,2,5,4,1.25,15.6052915,0,1,4,0,4,2,5,4,1.25,15.6052915,0,1,
/adult-learner/course-detail/NYP-CI245016/data-analysis-and-exploration,(direct),4,1,4,0,4,4,1,1.28675625,0,1,4,1,4,0,4,4,1,1.28675625,0,1,
/adult-learner/course-detail/NYP-CI246001/generative-ai-work,cet-q1-2025,4,0,4,2,4,4,1,28.93750425,0,0,4,0,4,2,4,4,1,28.93750425,0,0,
/adult-learner/course-detail/NYP-CK2017/delivering-successful-presentations,(not set),4,0,4,3,10,5,2,167.8986128,0,1,4,0,4,3,10,5,2,167.8986128,0,1,
/adult-learner/course-detail/NYP-CK2019/emailing-made-easy,(referral),4,2,4,1,4,4,1,338.0272437,0,3,4,2,4,1,4,4,1,338.0272437,0,3,
/adult-learner/course-detail/NYP-CK231001/building-resilience-for-workplace-success,(organic),4,0,4,1,4,4,1,143.4617322,0,1,4,0,4,1,4,4,1,143.4617322,0,1,
/adult-learner/course-detail/NYP-CK241001/workplace-communication-effective-email-writing-synchronous-elearning,(organic),4,0,4,2,5,4,1.25,83.7667925,0,1,4,0,4,2,5,4,1.25,83.7667925,0,1,
/adult-learner/course-detail/NYP-CK241004/business-chinese-for-the-workplace,cet-q1-2025#personal-development,4,0,4,1,4,4,1,5.4842835,0,2,4,0,4,1,4,4,1,5.4842835,0,2,
/adult-learner/course-detail/NYP-CL0392/understanding-food-labels,(not set),4,0,4,3,4,4,1,94.010868,0,2,4,0,4,3,4,4,1,94.010868,0,2,
/adult-learner/course-detail/NYP-CL0518/creating-your-own-scented-candle,(not set),4,0,4,3,4,5,0.8,38.9942922,0.2,1,4,0,4,3,4,5,0.8,38.9942922,0.2,1,
/adult-learner/course-detail/NYP-CL0903/knowing-your-fragrances,(direct),4,0,4,2,6,4,1.5,79.7500025,0,0,4,0,4,2,6,4,1.5,79.7500025,0,0,
/adult-learner/course-detail/NYP-CL1301/right-food-with-right-medicine-for-diabetes-and-heart-patients,cet-q1-2025#personal-development,4,0,4,0,4,4,1,17.350582,0,2,4,0,4,0,4,4,1,17.350582,0,2,
/adult-learner/course-detail/NYP-CL1367/audit-management-i-synchronous-and-asynchronous,(direct),4,0,4,3,5,4,1.25,132.0723625,0,1,4,0,4,3,5,4,1.25,132.0723625,0,1,
/adult-learner/course-detail/NYP-CL1367/audit-management-i-synchronous-and-asynchronous,cet-q1-2025,4,0,4,2,4,4,1,19.00078925,0,1,4,0,4,2,4,4,1,19.00078925,0,1,
/adult-learner/course-detail/NYP-CL231001M01/perform-food-cargo-inspection,cet-q1-2025,4,0,4,1,4,4,1,48.033251,0,1,4,0,4,1,4,4,1,48.033251,0,1,
/adult-learner/course-detail/NYP-CL231002M01/carbon-accounting-and-management,1.20217E+17,4,3,4,0,4,4,1,4.34733625,0.5,4,4,3,4,0,4,4,1,4.34733625,0.5,4,
/adult-learner/course-detail/NYP-CL231003M01/pharmacy-technician-entry-to-practice-framework-pt-etp-train-the-trainer-workshop,(not set),4,0,4,1,9,5,1.8,103.189182,0,1,4,0,4,1,9,5,1.8,103.189182,0,1,
/adult-learner/course-detail/NYP-CLBP01/work-study-post-diploma-advanced-diploma-in-pharmaceutical-sciences,(not set),4,1,4,1,5,6,0.833333333,16.82883883,0.166666667,4,4,1,4,1,5,6,0.833333333,16.82883883,0.166666667,4,
/adult-learner/course-detail/NYP-CLSP05/specialist-diploma-in-energy-and-environmental-management-for-process-industry,cet-q1-2025#sustainability,4,0,4,0,4,4,1,155.3836985,0,1,4,0,4,0,4,4,1,155.3836985,0,1,
/adult-learner/course-detail/NYP-CLSP06/specialist-diploma-in-nutrition-science,OH25,4,0,4,2,4,4,1,376.4251793,0,3,4,0,4,2,4,4,1,376.4251793,0,3,
/adult-learner/course-detail/NYP-CX241003/storytelling-using-generative-artificial-intelligence,cet-q1-2025#cybersecurity,4,0,4,2,6,4,1.5,15.83357675,0,2,4,0,4,2,6,4,1.5,15.83357675,0,2,
/adult-learner/course-detail/NYP-CX241003/storytelling-using-generative-artificial-intelligence,oh2025,4,0,4,3,4,4,1,15.79983025,0,2,4,0,4,3,4,4,1,15.79983025,0,2,
/adult-learner/course-detail/NYP-DXEP05/work-study-post-diploma-specialist-diploma-in-digital-media-production,(not set),4,0,4,0,5,4,1.25,42.9456185,0,1,4,0,4,0,5,4,1.25,42.9456185,0,1,
/adult-learner/course-detail/NYP-DXEP05/work-study-post-diploma-specialist-diploma-in-digital-media-production,2025S1-sbm-acet,4,0,4,3,4,4,1,36.81141225,0,0,4,0,4,3,4,4,1,36.81141225,0,0,
/adult-learner/course-detail/NYP-DXEP07/work-study-post-diploma-programme-specialist-diploma-in-user-experience-design-and-management,(not set),4,0,4,1,6,5,1.2,76.5784588,0,1,4,0,4,1,6,5,1.2,76.5784588,0,1,
/adult-learner/course-detail/NYP-DXEP07/work-study-post-diploma-programme-specialist-diploma-in-user-experience-design-and-management,2025S1-sbm-acet,4,0,4,3,7,6,1.166666667,6.9648445,0,0,4,0,4,3,7,6,1.166666667,6.9648445,0,0,
/adult-learner/course-detail/NYP-DXSP01/specialist-diploma-in-smart-project-and-facilities-management,2024S2-sbm-acet,4,0,3,3,9,7,1.285714286,153.3409907,0.285714286,4,4,0,3,3,9,7,1.285714286,153.3409907,0.285714286,4,
/adult-learner/course-detail/NYP-DXSP01/specialist-diploma-in-smart-project-and-facilities-management,cet-q1-2025#personal-development,4,0,2,2,5,5,1,35.6189754,0.2,5,4,0,2,2,5,5,1,35.6189754,0.2,5,
/adult-learner/course-detail/NYP-DXSP02/specialist-diploma-in-visual-effects,1.20218E+17,4,0,3,3,4,4,1,4.11765025,1,4,4,0,3,3,4,4,1,4.11765025,1,4,
/adult-learner/course-detail/NYP-DXSP02/specialist-diploma-in-visual-effects,cet-q1-2025#digital-marketing,4,0,4,3,6,5,1.2,17.699553,0.2,3,4,0,4,3,6,5,1.2,17.699553,0.2,3,
/adult-learner/course-detail/NYP-DXSP05/specialist-diploma-in-digital-media-production,2024S2-sbm-acet,4,0,4,4,7,7,1,36.87709171,0.142857143,4,4,0,4,4,7,7,1,36.87709171,0.142857143,4,
/adult-learner/course-detail/NYP-DXSP05/specialist-diploma-in-digital-media-production,cet-q1-2025#digital-marketing,4,0,4,3,4,4,1,17.2178585,0.25,3,4,0,4,3,4,4,1,17.2178585,0.25,3,
/adult-learner/course-detail/NYP-DXSP05/specialist-diploma-in-digital-media-production,oh2025,4,0,3,1,4,4,1,12.86739425,0.25,3,4,0,3,1,4,4,1,12.86739425,0.25,3,
/adult-learner/course-detail/NYP-DXSP06/specialist-diploma-in-digital-content-creation-for-e-commerce,1.20218E+17,4,0,3,3,5,5,1,316.5760754,0.2,2,4,0,3,3,5,5,1,316.5760754,0.2,2,
/adult-learner/course-detail/NYP-DXSP06/specialist-diploma-in-digital-content-creation-for-e-commerce,2024s2-sbm-shortcourses,4,0,3,3,7,6,1.166666667,84.01226533,0.333333333,5,4,0,3,3,7,6,1.166666667,84.01226533,0.333333333,5,
/adult-learner/course-detail/NYP-DXSP06/specialist-diploma-in-digital-content-creation-for-e-commerce,OH25,4,0,4,3,5,6,0.833333333,156.8892353,0.166666667,3,4,0,4,3,5,6,0.833333333,156.8892353,0.166666667,3,
/adult-learner/course-detail/NYP-DXSP09/specialist-diploma-in-spatial-design,1.20218E+17,4,0,3,2,9,5,1.8,217.576761,0.6,5,4,0,3,2,9,5,1.8,217.576761,0.6,5,
/adult-learner/course-detail/NYP-EG101W/manage-manufacturing-productivity-improvement,(direct),4,1,4,2,5,6,0.833333333,86.39345983,0,1,4,1,4,2,5,6,0.833333333,86.39345983,0,1,
/adult-learner/course-detail/NYP-EG104W/apply-mechanics-in-design-solutions,(direct),4,0,4,3,4,4,1,24.55065475,0,0,4,0,4,3,4,4,1,24.55065475,0,0,
/adult-learner/course-detail/NYP-EG104W/apply-mechanics-in-design-solutions,(organic),4,0,4,3,4,4,1,36.55938975,0,1,4,0,4,3,4,4,1,36.55938975,0,1,
/adult-learner/course-detail/NYP-EG109W/apply-mechanical-fixture-design,(direct),4,0,4,1,4,4,1,438.0772937,0,0,4,0,4,1,4,4,1,438.0772937,0,0,
/adult-learner/course-detail/NYP-EG109W/apply-mechanical-fixture-design,(organic),4,0,4,3,4,4,1,95.29200125,0,0,4,0,4,3,4,4,1,95.29200125,0,0,
/adult-learner/course-detail/NYP-EG109W/apply-mechanical-fixture-design,cet-q1-2025,4,0,4,0,6,4,1.5,38.392479,0,1,4,0,4,0,6,4,1.5,38.392479,0,1,
/adult-learner/course-detail/NYP-EG123W/apply-advanced-toolroom-machining,(direct),4,0,4,3,4,4,1,25.00994075,0,0,4,0,4,3,4,4,1,25.00994075,0,0,
/adult-learner/course-detail/NYP-EG123W/apply-advanced-toolroom-machining,(organic),4,0,4,1,4,4,1,11.56714475,0,0,4,0,4,1,4,4,1,11.56714475,0,0,
/adult-learner/course-detail/NYP-EG125W/manage-engineering-project-cam-and-cnc-machining,cet-q1-2025,4,0,4,1,5,4,1.25,32.900271,0,2,4,0,4,1,5,4,1.25,32.900271,0,2,
/adult-learner/course-detail/NYP-EG201W/apply-advanced-metrology-and-qa,(organic),4,0,4,1,4,4,1,60.460929,0,0,4,0,4,1,4,4,1,60.460929,0,0,
/adult-learner/course-detail/NYP-EG204W/apply-pedagogy-methodology-for-the-workplace-part-1,(organic),4,0,4,1,4,4,1,12.6928545,0,1,4,0,4,1,4,4,1,12.6928545,0,1,
/adult-learner/course-detail/NYP-EG904W/apply-advanced-design-for-additive-manufacturing-pe-sf,(organic),4,0,4,1,4,4,1,33.898027,0,0,4,0,4,1,4,4,1,33.898027,0,0,
/adult-learner/course-detail/NYP-EGDP04/diploma-in-engineering-aerospace-manufacturing,cet-q1-2025#engineering,4,0,4,0,5,4,1.25,71.8458225,0,1,4,0,4,0,5,4,1.25,71.8458225,0,1,
/adult-learner/course-detail/NYP-EGDP06/diploma-in-engineering-electronic-and-digital-engineering,OH25,4,0,4,4,7,5,1.4,49.781723,0,1,4,0,4,4,7,5,1.4,49.781723,0,1,
/adult-learner/course-detail/NYP-EGEP02/work-study-post-diploma-specialist-diploma-in-converged-infocomm-infrastructure,2025S1-sbm-acet,4,0,4,2,4,4,1,38.16207425,0,0,4,0,4,2,4,4,1,38.16207425,0,0,
/adult-learner/course-detail/NYP-EGEP04/work-study-post-diploma-specialist-diploma-in-biomedical-and-pharmaceutical-engineering,2025S1-sbm-acet,4,0,4,2,5,4,1.25,142.0650883,0,2,4,0,4,2,5,4,1.25,142.0650883,0,2,
/adult-learner/course-detail/NYP-EGQP06/wsq-diploma-in-precision-engineering-master-craftsman-skills,2025S1-sbm-acet,4,0,4,3,4,4,1,58.68677425,0,3,4,0,4,3,4,4,1,58.68677425,0,3,
/adult-learner/course-detail/NYP-EGSP09/specialist-diploma-in-cloud-data-centre-technology-and-management,(not set),4,0,4,2,5,4,1.25,460.5030172,0,1,4,0,4,2,5,4,1.25,460.5030172,0,1,
/adult-learner/course-detail/NYP-EGSP13/specialist-diploma-in-cloud-computing-and-intelligent-services-management,2025S1-sbm-acet,4,0,4,1,4,4,1,33.55441425,0,1,4,0,4,1,4,4,1,33.55441425,0,1,
/adult-learner/course-detail/NYP-EGSP15/specialist-diploma-in-cloud-security-and-iot-cloud-services,2025S1-sbm-acet,4,0,4,2,6,5,1.2,70.0090786,0,1,4,0,4,2,6,5,1.2,70.0090786,0,1,
/adult-learner/course-detail/NYP-EGSP18/specialist-diploma-in-biomedical-and-pharmaceutical-engineering,2025S1-sbm-acet,4,0,4,1,6,4,1.5,107.4928638,0,0,4,0,4,1,6,4,1.5,107.4928638,0,0,
/adult-learner/course-detail/NYP-EGSP21/specialist-diploma-in-carbon-management-for-sustainability-reporting,cet-q1-2025#sustainability,4,0,4,1,6,5,1.2,366.0915434,0,1,4,0,4,1,6,5,1.2,366.0915434,0,1,
/adult-learner/course-detail/NYP-EGSPA1/post-diploma-certificate-in-gxp-of-operations-management-part-of-specialist-diploma-in-biomedical-and-pharmaceutical-engineering,oh2025,4,0,4,1,4,5,0.8,2.4830332,0.2,2,4,0,4,1,4,5,0.8,2.4830332,0.2,2,
/adult-learner/course-detail/NYP-EGSPA6/post-diploma-certificate-in-iot-implementation-for-sustainability-solutioning-part-of-specialist-diploma-in-iot-for-sustainable-solutioning,2025S1-sbm-acet,4,0,4,2,7,5,1.4,88.044404,0.2,2,4,0,4,2,7,5,1.4,88.044404,0.2,2,
/adult-learner/course-detail/NYP-HSAF21/advanced-diploma-in-nursing-midwifery,(referral),4,0,4,4,6,6,1,25.88723467,0.166666667,4,4,0,4,4,6,6,1,25.88723467,0.166666667,4,
/adult-learner/course-detail/NYP-HSAF22/advanced-diploma-in-nursing-mental-health,(direct),4,4,4,0,4,4,1,0,1,4,4,4,4,0,4,4,1,0,1,4,
/adult-learner/course-detail/NYP-HSAF35/advanced-diploma-in-nursing-palliative-care,(referral),4,2,4,2,5,5,1,22.0877952,0.4,2,4,2,4,2,5,5,1,22.0877952,0.4,2,
/adult-learner/course-detail/NYP-HSAF38/advanced-diploma-in-nursing-community-health-adch1,(referral),4,1,4,1,6,6,1,11.51409367,0.5,4,4,1,4,1,6,6,1,11.51409367,0.5,4,
/adult-learner/course-detail/NYP-HSAF38/advanced-diploma-in-nursing-community-health-adch1,2024S2-sbm-acet,4,0,4,1,4,4,1,59.153647,0,1,4,0,4,1,4,4,1,59.153647,0,1,
/adult-learner/course-detail/NYP-HSAF40/advanced-diploma-in-nursing-emergency-adem1,oh2025,4,0,4,2,7,7,1,24.42175743,0.285714286,6,4,0,4,2,7,7,1,24.42175743,0.285714286,6,
/adult-learner/course-detail/NYP-HSAF41/advanced-diploma-in-nursing-gerontology-adgr1,oh2025,4,0,4,2,5,5,1,24.5527982,0,1,4,0,4,2,5,5,1,24.5527982,0,1,
/adult-learner/course-detail/NYP-HSAF42/advanced-diploma-in-nursing-medical-surgical-adms1,oh2025,4,0,4,1,4,4,1,94.3419405,0,3,4,0,4,1,4,4,1,94.3419405,0,3,
/adult-learner/course-detail/NYP-HSAF43/advanced-diploma-in-nursing-mental-health-admh1,(referral),4,1,4,1,5,4,1.25,947.270562,0,3,4,1,4,1,5,4,1.25,947.270562,0,3,
/adult-learner/course-detail/NYP-HSAF44/advanced-diploma-in-nursing-midwifery-admw1,(referral),4,2,4,2,7,7,1,44.27993629,0.285714286,2,4,2,4,2,7,7,1,44.27993629,0.285714286,2,
/adult-learner/course-detail/NYP-HSAF48/advanced-diploma-in-nursing-orthopaedics-adod1,oh2025,4,0,4,3,8,6,1.333333333,193.546967,0,4,4,0,4,3,8,6,1.333333333,193.546967,0,4,
/adult-learner/course-detail/NYP-HSAF49/advanced-diploma-in-nursing-paediatrics-adpd1,(referral),4,4,4,1,6,5,1.2,54.9469334,0,3,4,4,4,1,6,5,1.2,54.9469334,0,3,
/adult-learner/course-detail/NYP-HSSP09/specialist-diploma-in-nursing-diabetes-management-and-education,(not set),4,0,4,2,4,4,1,116.4169888,0,3,4,0,4,2,4,4,1,116.4169888,0,3,
/adult-learner/course-detail/NYP-HSSP09/specialist-diploma-in-nursing-diabetes-management-and-education,(referral),4,2,4,3,6,6,1,7.373824833,0.166666667,5,4,2,4,3,6,6,1,7.373824833,0.166666667,5,
/adult-learner/course-detail/NYP-HSSP15/specialist-diploma-in-nursing-ear-nose-and-throat,(referral),4,0,4,2,4,4,1,23.62757775,0,2,4,0,4,2,4,4,1,23.62757775,0,2,
/adult-learner/course-detail/NYP-HSSP15/specialist-diploma-in-nursing-ear-nose-and-throat,2024S2-sbm-acet,4,0,4,1,4,4,1,24.34794025,0,0,4,0,4,1,4,4,1,24.34794025,0,0,
/adult-learner/course-detail/NYP-HSSP16/specialist-diploma-in-nursing-endoscopy,cet-q1-2025#personal-development,4,0,4,0,5,4,1.25,18.507108,0,0,4,0,4,0,5,4,1.25,18.507108,0,0,
/adult-learner/course-detail/NYP-HSSP18/specialist-diploma-in-nursing-gerontology,oh2025,4,0,4,2,7,6,1.166666667,54.44938767,0.333333333,5,4,0,4,2,7,6,1.166666667,54.44938767,0.333333333,5,
/adult-learner/course-detail/NYP-ITEP02/work-study-post-diploma-specialist-diploma-in-agile-solutioning-and-devsecops,oh2025,4,0,4,2,5,5,1,15.6941066,0,2,4,0,4,2,5,5,1,15.6941066,0,2,
/adult-learner/course-detail/NYP-ITLP01/work-study-certificate-leading-to-diploma-in-infocomm-and-digital-media-it-network-and-system-administration-dinsa2,oh2025,4,0,4,2,5,4,1.25,152.4294352,0,1,4,0,4,2,5,4,1.25,152.4294352,0,1,
/adult-learner/course-detail/NYP-ITSP07/specialist-diploma-in-applied-artificial-intelligence,(direct),4,4,4,1,7,7,1,2.878837286,0.571428571,4,4,4,4,1,7,7,1,2.878837286,0.571428571,4,
/adult-learner/course-detail/NYP-ITSP13/specialist-diploma-in-cybersecurity-pcm,cet-q1-2025#personal-development,4,0,4,0,4,4,1,37.51863175,0,3,4,0,4,0,4,4,1,37.51863175,0,3,
/adult-learner/course-detail/NYP-ITSPA1/post-diploma-certificate-in-business-analytics-part-of-specialist-diploma-in-business-and-big-data-analytics,oh2025,4,0,4,3,4,4,1,110.3258783,0,2,4,0,4,3,4,4,1,110.3258783,0,2,
/adult-learner/course-detail/NYP-JC1A31/assessing-and-reviewing-workplace-learning,(not set),4,0,4,4,10,8,1.25,115.8184415,0,0,4,0,4,4,10,8,1.25,115.8184415,0,0,
/adult-learner/course-detail/NYP-JC1A32/leading-the-future-of-workplace-learning-insights-from-the-national-workplace-learning-certification,(not set),4,0,4,4,11,9,1.222222222,63.73049156,0.111111111,5,4,0,4,4,11,9,1.222222222,63.73049156,0.111111111,5,
/adult-learner/course-detail/NYP-JC1A33/building-a-culture-of-learning-best-practices-and-actionable-strategies-for-managers,(referral),4,0,4,2,4,4,1,83.13800625,0,1,4,0,4,2,4,4,1,83.13800625,0,1,
/adult-learner/course-detail/NYP-JC1D04/best-in-class-workplace-learning-strategies-learning-and-adapting-from-germany,(not set),4,0,4,3,5,4,1.25,148.309151,0,0,4,0,4,3,5,4,1.25,148.309151,0,0,
/adult-learner/course-detail/NYP-JC5016/workplace-learning-wpl-train-the-trainer-ttt-programme,(direct),4,0,4,2,4,4,1,21.513222,0,0,4,0,4,2,4,4,1,21.513222,0,0,
/adult-learner/course-detail/NYP-JC5016/workplace-learning-wpl-train-the-trainer-ttt-programme,(referral),4,0,4,3,4,4,1,40.546134,0,1,4,0,4,3,4,4,1,40.546134,0,1,
/adult-learner/course-detail/NYP-NYP-CB1264/advanced-hr-analytics-using-data-modelling-to-improve-human-capital-performance,(not set),4,1,4,2,9,8,1.125,101.6237918,0.125,2,4,1,4,2,9,8,1.125,101.6237918,0.125,2,
/adult-learner/course-detail/NYP-NYP-CB1264/advanced-hr-analytics-using-data-modelling-to-improve-human-capital-performance,(referral),4,2,4,1,5,5,1,99.518011,0,2,4,2,4,1,5,5,1,99.518011,0,2,
/adult-learner/course-detail/NYP-SI2001_02/cultivate-the-art-of-collaborative-influence-for-business-success-classroom-facilitated-asynchronous-e-learning,(direct),4,0,4,3,5,6,0.833333333,17.75568967,0,0,4,0,4,3,5,6,0.833333333,17.75568967,0,0,
/adult-learner/course-detail/NYP-SI2001_02/cultivate-the-art-of-collaborative-influence-for-business-success-classroom-facilitated-asynchronous-e-learning,cet-q1-2025,4,0,4,0,4,4,1,15.87177925,0,0,4,0,4,0,4,4,1,15.87177925,0,0,
/adult-learner/course-detail/NYP-SI4014_010/mobile-photography-with-your-smartphone-take-amazing-photos-tell-amazing-stories-classroom-facilitated-asynchronous-e-learning,(not set),4,1,4,0,4,4,1,0.36664975,0.25,1,4,1,4,0,4,4,1,0.36664975,0.25,1,
/adult-learner/course-detail/NYP-SI4024_026/home-based-business,2025S1-sbm-acet,4,0,4,2,5,5,1,46.017722,0,1,4,0,4,2,5,5,1,46.017722,0,1,
/adult-learner/course-detail/NYP-SI4024_037/sustainability-everyday-upcycle-fabrics-and-learn-mobile-photography-with-ecommerce-opportunities-classroom-facilitated-asynchronous-e-learning,2025S1-sbm-acet,4,0,4,4,4,4,1,65.39605,0,0,4,0,4,4,4,4,1,65.39605,0,0,
/adult-learner/course-detail/NYP-SI4024_037/sustainability-everyday-upcycle-fabrics-and-learn-mobile-photography-with-ecommerce-opportunities-classroom-facilitated-asynchronous-e-learning,cet-q1-2025#personal-development,4,0,4,1,4,4,1,18.388899,0,2,4,0,4,1,4,4,1,18.388899,0,2,
/adult-learner/course-detail/NYP-SI4024_041/lego-play-for-teams-classroom-facilitated-asynchronous-e-learning,(organic),4,0,4,1,4,4,1,37.12088475,0,3,4,0,4,1,4,4,1,37.12088475,0,3,
/adult-learner/course-detail/NYP-SI4024_042/sustainability-everyday-grow-green-and-learn-mobile-photography-with-ecommerce-tips-classroom-facilitated-asynchronous-e-learning,(not set),4,0,4,2,4,4,1,11.166254,0,3,4,0,4,2,4,4,1,11.166254,0,3,
/adult-learner/course-detail/NYP-SI4025_005/level-up-customer-engagement-through-live-streaming,(organic),4,2,3,0,4,4,1,18.97769725,0.25,3,4,2,3,0,4,4,1,18.97769725,0.25,3,
/adult-learner/course-detail/NYP-SI4025_023/omnichannel-content-marketing-and-leads-generation-classroom-facilitated-asynchronous-e-learning,(organic),4,0,4,1,4,4,1,44.91121775,0,4,4,0,4,1,4,4,1,44.91121775,0,4,
/adult-learner/course-detail/NYP-SI4031_005/getting-started-on-shopee-onboarding,cet-q1-2025,4,0,4,3,6,6,1,154.974232,0,1,4,0,4,3,6,6,1,154.974232,0,1,
/adult-learner/course-detail/NYP-SI4034_010/professional-certificate-in-digital-retail-entertainment,(not set),4,0,4,0,4,4,1,1.98681075,0,0,4,0,4,0,4,4,1,1.98681075,0,0,
/adult-learner/course-detail/NYP-SI4047_004/social-commerce-boost-awareness-and-engagement-to-drive-your-business-growth-part-2-classroom-facilitated-practical-training-asynchronous-e-learning,(not set),4,0,4,0,4,4,1,8.83535375,0,0,4,0,4,0,4,4,1,8.83535375,0,0,
/adult-learner/course-detail/NYP-SI4047_004/social-commerce-boost-awareness-and-engagement-to-drive-your-business-growth-part-2-classroom-facilitated-practical-training-asynchronous-e-learning,(referral),4,0,4,3,4,5,0.8,17.3887716,0,1,4,0,4,3,4,5,0.8,17.3887716,0,1,
/adult-learner/course-detail/NYP-SI4053_002/kickstart-conversation-commerce-through-whatsapp-marketing-campaign-synchronous-e-learning-practical-training,(organic),4,3,4,1,4,4,1,2.968322,0.75,3,4,3,4,1,4,4,1,2.968322,0.75,3,
/adult-learner/course-detail/NYP-SI4058_003/cybersecurity-critical-protection-for-your-business-classroom-facilitated-practical-training-asynchronous-e-learning,(not set),4,1,4,0,4,4,1,1.9968805,0.25,1,4,1,4,0,4,4,1,1.9968805,0.25,1,
/adult-learner/course-detail/NYP-SI4058_003/cybersecurity-critical-protection-for-your-business-classroom-facilitated-practical-training-asynchronous-e-learning,(organic),4,0,4,1,4,5,0.8,18.7041118,0.2,2,4,0,4,1,4,5,0.8,18.7041118,0.2,2,
/adult-learner/course-detail/NYP-SI4059_001/cybersecurity-workshop-critical-protection-for-your-business-practical,(direct),4,1,4,0,4,4,1,1.584396,0,0,4,1,4,0,4,4,1,1.584396,0,0,
/adult-learner/course-detail/NYP-SI4060_004/accelerate-sales-and-conversions-with-ai-powered-data-analytics-classroom-facilitated-practical-training-asynchronous-e-learning,(referral),4,0,4,0,5,4,1.25,66.028635,0,0,4,0,4,0,5,4,1.25,66.028635,0,0,
/adult-learner/course-detail/NYP-SI4063_002/tiktok-shop-optimise-your-social-media-marketing-engagement-and-boost-your-sales-classroom-facilitated-asynchronous-e-learning,(not set),4,0,4,2,5,4,1.25,196.7293535,0,2,4,0,4,2,5,4,1.25,196.7293535,0,2,
/adult-learner/course-detail/NYP-SI4064_006/live-streaming-boost-your-e-commerce-sales-classroom-facilitated-asynchronous-e-learning,cet-q1-2025,4,0,4,0,4,4,1,27.99819625,0,1,4,0,4,0,4,4,1,27.99819625,0,1,
/adult-learner/course-detail/NYP-SI7025_002/fundamentals-to-starting-an-online-business-classroom-facilitated,2025S1-sbm-acet,4,0,4,3,4,4,1,54.56976225,0,3,4,0,4,3,4,4,1,54.56976225,0,3,
/adult-learner/course-detail/NYP-SI7025_002/fundamentals-to-starting-an-online-business-classroom-facilitated,cet-q1-2025#personal-development,4,0,4,0,4,4,1,15.54621975,0,2,4,0,4,0,4,4,1,15.54621975,0,2,
/adult-learner/course-detail/NYP-SI7025_013/introduction-to-digital-marketing-classroom-facilitated,(referral),4,1,4,2,6,6,1,11.22384633,0.166666667,3,4,1,4,2,6,6,1,11.22384633,0.166666667,3,
/adult-learner/course-detail/NYP-SI7025_014/sf-series-personal-online-branding-classroom-facilitated,cet-q1-2025#personal-development,4,0,4,0,5,4,1.25,21.74451775,0,0,4,0,4,0,5,4,1.25,21.74451775,0,0,
/adult-learner/course-detail/NYP-SI7026_003/tapping-into-the-power-of-instagram-for-selling-classroom-facilitated,cet-q1-2025#digital-marketing,4,0,4,1,4,4,1,20.2860765,0.25,2,4,0,4,1,4,4,1,20.2860765,0.25,2,
/adult-learner/course-detail/NYP-SI7070_001/navigating-ai-and-sustainability-in-the-future-of-business,(referral),4,3,4,1,6,5,1.2,172.918326,0.4,4,4,3,4,1,6,5,1.2,172.918326,0.4,4,
/adult-learner/course-detail/NYP-SI8035_002/digitalisation-for-food-services-skillsfuture-for-digital-workplace-20,cet-q1-2025,4,0,4,0,4,4,1,95.895243,0,2,4,0,4,0,4,4,1,95.895243,0,2,
/adult-learner/course-detail/NYP-SI8042_001/wholesome-confinement-essentials,(referral),4,0,4,0,4,4,1,23.26756675,0,1,4,0,4,0,4,4,1,23.26756675,0,1,
/adult-learner/course-detail/NYP-WSCA05_001/food-safety-course-level-3,(not set),4,0,4,2,5,5,1,48.6819628,0.2,3,4,0,4,2,5,5,1,48.6819628,0.2,3,
/adult-learner/course-detail/NYP-WSCA05_001/food-safety-course-level-3,(referral),4,1,4,0,4,4,1,67.85119275,0.25,3,4,1,4,0,4,4,1,67.85119275,0.25,3,
/adult-learner/course-detail/NYP-WSCA05_005/demonstrate-chinese-moist-heat-cooking,(direct),4,0,4,1,6,5,1.2,40.817657,0,2,4,0,4,1,6,5,1.2,40.817657,0,2,
/adult-learner/course-detail/NYP-WSCC12_015/prepare-japanese-cuisine,(organic),4,0,4,3,4,4,1,78.05351275,0,1,4,0,4,3,4,4,1,78.05351275,0,1,
/adult-learner/course-detail/NYP-WSCD11_001/apply-principles-of-food-and-beverages-concepts-and-setup,cet-q1-2025,4,0,4,1,4,4,1,62.5161535,0,1,4,0,4,1,4,4,1,62.5161535,0,1,
/adult-learner/course-detail/NYP-WSCD11_002/participate-in-negotiations,(direct),4,3,4,0,5,5,1,2.5786482,0.4,3,4,3,4,0,5,5,1,2.5786482,0.4,3,
/adult-learner/course-detail/NYP-WSCD11_003/menu-engineering-and-recipe-costing,(organic),4,1,4,2,5,6,0.833333333,150.3217422,0.333333333,3,4,1,4,2,5,6,0.833333333,150.3217422,0.333333333,3,
/adult-learner/course-detail/NYP-WSCD11_006/financial-planning-and-analysis,(referral),4,3,4,1,5,5,1,400.4170236,0,3,4,3,4,1,5,5,1,400.4170236,0,3,
/adult-learner/course-detail/NYP-WSCD11_007/maintain-inventories,2025S1-sbm-acet,4,0,4,1,4,4,1,50.762495,0,1,4,0,4,1,4,4,1,50.762495,0,1,
/adult-learner/course-detail/NYP-WSCM16_001/artisan-breads,(organic),4,1,4,0,5,4,1.25,92.1343535,0.25,3,4,1,4,0,5,4,1.25,92.1343535,0.25,3,
/adult-learner/course-detail/NYP-WSCP29_016/exquisite-floral-pastries-rose-lychee-velvet-cake-and-lavender-citrus-cupcake,(direct),4,0,4,0,4,4,1,2.26766275,0,2,4,0,4,0,4,4,1,2.26766275,0,2,
/adult-learner/course-detail/NYP-WSCP29_043/party-favourites,(direct),4,2,4,0,4,4,1,1.08784825,0.25,1,4,2,4,0,4,4,1,1.08784825,0.25,1,
/adult-learner/course-detail/NYP-WSCP40_006/christmas-fantasy,(direct),4,0,4,0,4,4,1,5.5293885,0,1,4,0,4,0,4,4,1,5.5293885,0,1,
/adult-learner/course-detail/NYP-WSCP47_001/traditional-rice-dumplings,(direct),4,0,4,0,4,4,1,10.72724775,0,2,4,0,4,0,4,4,1,10.72724775,0,2,
/adult-learner/course-detail/NYP-WSCP57_001/prepare-pastry-mise-en-place-part-of-sctp,(direct),4,0,4,0,4,4,1,1.88099375,0,0,4,0,4,0,4,4,1,1.88099375,0,0,
/adult-learner/course-detail/NYP-WSCP58_001/develop-effective-team-engagement-part-of-sctp,(direct),4,0,4,0,4,4,1,0.708177,0,1,4,0,4,0,4,4,1,0.708177,0,1,
/adult-learner/course-detail/NYP-WSCP60_001/pastry-preparation-4-part-of-sctp,(direct),4,0,4,0,4,4,1,2.55903375,0,0,4,0,4,0,4,4,1,2.55903375,0,0,
/adult-learner/course-detail/NYP-WSCP73_001/maintain-inventories-part-of-sctp,(direct),4,1,4,0,4,4,1,1.70095125,0,1,4,1,4,0,4,4,1,1.70095125,0,1,
/adult-learner/course-detail/NYP-WSCP73_001/maintain-inventories-part-of-sctp,(organic),4,0,4,2,4,5,0.8,38.0004342,0.2,3,4,0,4,2,4,5,0.8,38.0004342,0.2,3,
/adult-learner/course-detail/NYP-WSCP76_001/menu-engineering-and-recipe-costing-part-of-sctp,(direct),4,0,4,0,4,4,1,1.12648575,0,0,4,0,4,0,4,4,1,1.12648575,0,0,
/adult-learner/course-detail/NYP-WSCP83_001/prepare-asian-desserts-part-of-sctp,(direct),4,0,4,0,4,4,1,1.5588565,0,0,4,0,4,0,4,4,1,1.5588565,0,0,
/adult-learner/course-detail/NYP-WSCV01_009/basic-french-cuisine,cet-q1-2025,4,0,4,0,4,4,1,93.30713375,0,0,4,0,4,0,4,4,1,93.30713375,0,0,
/adult-learner/course-detail/NYP-WSCV01_015/savoury-vietnamese-delights,(referral),4,1,4,0,4,4,1,60.02700125,0,2,4,1,4,0,4,4,1,60.02700125,0,2,
/adult-learner/course-detail/NYP-WSCV02_002/singapore-inspired-bakes,(not set),4,0,4,1,4,4,1,27.26567475,0,1,4,0,4,1,4,4,1,27.26567475,0,1,
/adult-learner/course-detail/NYP-WSCV02_005/bagel-and-doughnut-creations,(referral),4,0,4,2,4,4,1,25.0249515,0,0,4,0,4,2,4,4,1,25.0249515,0,0,
/adult-learner/course-detail/NYP-WSCV02_009/classic-french-cakes,(referral),4,1,4,1,5,5,1,36.856759,0,1,4,1,4,1,5,5,1,36.856759,0,1,
/adult-learner/course-detail/NYP-WSCV07_001/food-safety-course-level-4,(referral),4,3,4,1,5,5,1,15.2193368,0.2,3,4,3,4,1,5,5,1,15.2193368,0.2,3,
/adult-learner/course-detail/NYP-WSQA04_010/pwm-retail-customer-experience-innovation-sf-supervisor,cet-q1-2025,4,0,4,1,4,4,1,33.83846775,0,2,4,0,4,1,4,4,1,33.83846775,0,2,
/adult-learner/course-detail/NYP-WSQA04_011/people-and-relationship-management-sf-supervisor,(direct),4,0,4,1,5,4,1.25,67.966932,0,0,4,0,4,1,5,4,1.25,67.966932,0,0,
/adult-learner/course-detail/NYP-WSQA04_025/service-planning-and-implementation-sf-supervisor,(organic),4,2,4,0,4,4,1,114.8863583,0,2,4,2,4,0,4,4,1,114.8863583,0,2,
/adult-learner/course-detail/NYP-WSQD02_801/diploma-in-retail-e-commerce-omni-channel,(direct),4,0,4,3,9,7,1.285714286,177.384509,0,6,4,0,4,3,9,7,1.285714286,177.384509,0,6,
/adult-learner/course-detail/NYP-WSQD02_802/diploma-in-retail-operations,(direct),4,0,4,2,5,4,1.25,27.070473,0,3,4,0,4,2,5,4,1.25,27.070473,0,3,
/adult-learner/course-detail/NYP-WSQP53_001/business-environment-analysis-sf-operations-manager-wsp,(direct),4,0,4,1,4,4,1,90.409247,0,1,4,0,4,1,4,4,1,90.409247,0,1,
/adult-learner/course-detail/NYP-WSQV01_003/workplace-communication-sf-associate,(not set),4,0,4,3,6,5,1.2,143.3003916,0,1,4,0,4,3,6,5,1.2,143.3003916,0,1,
/adult-learner/course-detail/NYP-WSQV03_007/customer-experience-innovation-sf-manager-synchronous-e-learning,(direct),4,0,4,2,4,4,1,27.98451975,0,1,4,0,4,2,4,4,1,27.98451975,0,1,
/adult-learner/course-detail/NYP-WSQV03_014/financial-analysis-sf-manager,cet-q1-2025#personal-development,4,0,4,1,4,4,1,10.05108825,0,3,4,0,4,1,4,4,1,10.05108825,0,3,
/adult-learner/course-types/post-diploma-programmes,1.20218E+17,4,0,4,0,5,4,1.25,30.68237,0,0,4,0,4,0,5,4,1.25,30.68237,0,0,
/adult-learner/course-types/post-diploma-programmes/applied-science,2024S2-sbm-acet,4,0,4,3,6,4,1.5,26.6582815,0,2,4,0,4,3,6,4,1.5,26.6582815,0,2,
/adult-learner/course-types/post-diploma-programmes/design-media,1.20218E+17,4,0,4,0,4,4,1,96.29231575,0,0,4,0,4,0,4,4,1,96.29231575,0,0,
/adult-learner/course-types/post-diploma-programmes/design-media,oh2025,4,1,4,3,6,5,1.2,31.6261824,0.2,3,4,1,4,3,6,5,1.2,31.6261824,0.2,3,
/adult-learner/course-types/post-diploma-programmes/health-social-sciences,2024S2-sbm-acet,4,0,4,4,7,5,1.4,16.4159856,0,1,4,0,4,4,7,5,1.4,16.4159856,0,1,
/adult-learner/course-types/recommended/artificial-intelligence,2025S1-sbm-acet,4,0,4,4,4,4,1,27.594436,0,1,4,0,4,4,4,4,1,27.594436,0,1,
/adult-learner/course-types/recommended/augmented-virtual-reality,(organic),4,1,4,2,5,4,1.25,135.5196768,0,1,4,1,4,2,5,4,1.25,135.5196768,0,1,
/adult-learner/course-types/recommended/design-media,cet-q1-2025,4,0,3,2,4,4,1,36.96084425,0.25,3,4,0,3,2,4,4,1,36.96084425,0.25,3,
/adult-learner/course-types/recommended/digital-economy,(not set),4,0,4,1,6,4,1.5,29.12499025,0,0,4,0,4,1,6,4,1.5,29.12499025,0,0,
/adult-learner/funding/bursary-part-time-diploma,oh2025,4,0,3,3,5,4,1.25,16.68784625,0,2,4,0,3,3,5,4,1.25,16.68784625,0,2,
/adult-learner/skillsfuture-credit,1.20218E+17,4,0,4,1,5,5,1,264.3503176,0.2,1,4,0,4,1,5,5,1,264.3503176,0.2,1,
/adult-learner/skillsfuture-credit,1.20218E+17,4,0,3,0,4,4,1,11.5577455,0.25,1,4,0,3,0,4,4,1,11.5577455,0.25,1,
/adult-learner/skillsfuture-credit,1.20218E+17,4,0,4,2,5,5,1,26.4226926,0,0,4,0,4,2,5,5,1,26.4226926,0,0,
/adult-learner/skillsfuture-level-up,1.20218E+17,4,0,2,1,4,4,1,34.2228735,0.5,2,4,0,2,1,4,4,1,34.2228735,0.5,2,
/adult-learner/skillsfuture-level-up,1.20218E+17,4,0,4,0,9,4,2.25,129.8306953,0.25,0,4,0,4,0,9,4,2.25,129.8306953,0.25,0,
/adult-learner/skillsfuture-level-up,cet-q1-2025#engineering,4,0,4,3,8,5,1.6,151.4216518,0,2,4,0,4,3,8,5,1.6,151.4216518,0,2,
/adult-learner/skillsfuture-level-up,cet-q1-2025#sustainability,4,0,3,3,10,7,1.428571429,32.45624929,0.428571429,5,4,0,3,3,10,7,1.428571429,32.45624929,0.428571429,5,
/adult-learner,1.20218E+17,3,0,3,1,3,3,1,13.231847,0,0,3,0,3,1,3,3,1,13.231847,0,0,
/adult-learner,cet-q1-2025#cybersecurity,3,0,3,0,3,3,1,16.841022,0,1,3,0,3,0,3,3,1,16.841022,0,1,
/adult-learner,eae-fest-2024,3,0,2,2,4,3,1.333333333,9.341833667,0.333333333,1,3,0,2,2,4,3,1.333333333,9.341833667,0.333333333,1,
/adult-learner/course-detail/NYP-AS001Z/resource-planning-part-of-pdc3-of-advanced-diploma-in-pharmaceutical-sciences,2025S1-sbm-acet,3,0,3,1,4,3,1.333333333,37.011048,0,0,3,0,3,1,4,3,1.333333333,37.011048,0,0,
/adult-learner/course-detail/NYP-AS003Z/quality-improvement-and-assurance-part-of-pdc3-of-advanced-diploma-in-pharmaceutical-sciences,(not set),3,1,3,1,12,4,3,304.014866,0,1,3,1,3,1,12,4,3,304.014866,0,1,
/adult-learner/course-detail/NYP-AS003Z/quality-improvement-and-assurance-part-of-pdc3-of-advanced-diploma-in-pharmaceutical-sciences,(referral),3,0,3,2,4,3,1.333333333,12.50556933,0,0,3,0,3,2,4,3,1.333333333,12.50556933,0,0,
/adult-learner/course-detail/NYP-AS004Z/medication-management-part-of-the-pdc1-advanced-diploma-in-pharmaceutical-sciences,(referral),3,2,3,0,4,3,1.333333333,291.8076397,0,1,3,2,3,0,4,3,1.333333333,291.8076397,0,1,
/adult-learner/course-detail/NYP-AS005Z/patient-education-part-of-the-pdc1-advanced-diploma-in-pharmaceutical-sciences,(referral),3,0,3,2,3,3,1,55.10501433,0,0,3,0,3,2,3,3,1,55.10501433,0,0,
/adult-learner/course-detail/NYP-AS006Z/good-dispensing-practice-part-of-pdc2-of-advanced-diploma-in-pharmaceutical-sciences,2025S1-sbm-acet,3,0,3,1,3,3,1,51.55755233,0,0,3,0,3,1,3,3,1,51.55755233,0,0,
/adult-learner/course-detail/NYP-AS007Z/drug-information-part-of-pdc2-of-advanced-diploma-in-pharmaceutical-sciences,2025S1-sbm-acet,3,0,3,1,3,3,1,18.383063,0,0,3,0,3,1,3,3,1,18.383063,0,0,
/adult-learner/course-detail/NYP-AS008Z/medication-safety-part-of-pdc2-of-advanced-diploma-in-pharmaceutical-sciences,cet-q1-2025,3,0,3,1,3,3,1,6.016469,0,1,3,0,3,1,3,3,1,6.016469,0,1,
/adult-learner/course-detail/NYP-ASSPA4/post-diploma-certificate-in-environmental-management-for-process-industry-part-of-specialist-diploma-in-energy-and-environmental-management-for-process-industry,(not set),3,0,3,3,4,3,1.333333333,289.8992097,0,1,3,0,3,3,4,3,1.333333333,289.8992097,0,1,
/adult-learner/course-detail/NYP-BMDP04/diploma-in-business-practice-customer-relationship-and-service-management,cet-q1-2025#personal-development,3,0,3,1,4,3,1.333333333,64.10058433,0,1,3,0,3,1,4,3,1.333333333,64.10058433,0,1,
/adult-learner/course-detail/NYP-BMDP05/diploma-in-business-practice-accounting,2024s2-sbm-shortcourses,3,0,3,3,4,3,1.333333333,43.58226333,0,0,3,0,3,3,4,3,1.333333333,43.58226333,0,0,
/adult-learner/course-detail/NYP-BMDP07/diploma-in-business-practice-hospitality-and-tourism-management,OH25,3,0,3,2,4,3,1.333333333,109.5863047,0,2,3,0,3,2,4,3,1.333333333,109.5863047,0,2,
/adult-learner/course-detail/NYP-BMDP07/diploma-in-business-practice-hospitality-and-tourism-management,cet-q1-2025#personal-development,3,0,3,1,4,3,1.333333333,24.983606,0,3,3,0,3,1,4,3,1.333333333,24.983606,0,3,
/adult-learner/course-detail/NYP-BMEP01/work-study-post-diploma-specialist-diploma-human-capital-management will be given priority for this position,(direct),3,3,3,0,3,3,1,68.52494567,0,2,3,3,3,0,3,3,1,68.52494567,0,2,
/adult-learner/course-detail/NYP-BMLP01/work-study-certificate-leading-to-diploma-in-business-practice-hospitality-and-tourism-management,oh2025,3,0,3,1,4,3,1.333333333,123.304033,0,0,3,0,3,1,4,3,1.333333333,123.304033,0,0,
/adult-learner/course-detail/NYP-BMSP18/specialist-diploma-in-sport-management-and-marketing,2024S2-sbm-acet,3,0,3,3,3,3,1,10.02525333,0,1,3,0,3,3,3,3,1,10.02525333,0,1,
/adult-learner/course-detail/NYP-BMSP19/specialist-diploma-in-human-capital-management,(referral),3,0,3,1,3,3,1,15.06655667,0,0,3,0,3,1,3,3,1,15.06655667,0,0,
/adult-learner/course-detail/NYP-BMSP19/specialist-diploma-in-human-capital-management,oh2025,3,0,3,2,3,3,1,253.0228843,0,3,3,0,3,2,3,3,1,253.0228843,0,3,
/adult-learner/course-detail/NYP-BMSP21/specialist-diploma-in-hr-analytics-and-digitalisation,2024s2-sbm-shortcourses,3,0,3,2,4,3,1.333333333,510.3866713,0,2,3,0,3,2,4,3,1.333333333,510.3866713,0,2,
/adult-learner/course-detail/NYP-BMSPA1/post-diploma-certificate-in-applied-analytics-and-digitalisation-in-hr-part-of-specialist-diploma-in-hr-analytics-and-digitalisation,(not set),3,0,3,2,7,3,2.333333333,197.5812787,0,0,3,0,3,2,7,3,2.333333333,197.5812787,0,0,
/adult-learner/course-detail/NYP-BMSPA8/post-diploma-certificate-in-fund-management-part-of-specialist-diploma-in-fund-management-and-administration,(referral),3,0,3,1,3,3,1,115.4949457,0,1,3,0,3,1,3,3,1,115.4949457,0,1,
/adult-learner/course-detail/NYP-CB0554/sc102-classification-and-the-harmonised-system,2025S1-sbm-acet,3,0,3,2,4,4,1,122.3202,0,0,3,0,3,2,4,4,1,122.3202,0,0,
/adult-learner/course-detail/NYP-CB0556/sc111-hands-on-tradenet-declaration,(not set),3,0,3,0,3,3,1,53.58846933,0,2,3,0,3,0,3,3,1,53.58846933,0,2,
/adult-learner/course-detail/NYP-CB0556/sc111-hands-on-tradenet-declaration,2025S1-sbm-acet,3,0,3,3,6,5,1.2,323.166445,0,3,3,0,3,3,6,5,1.2,323.166445,0,3,
/adult-learner/course-detail/NYP-CB1037/hr-analytics,cet-q1-2025,3,0,3,2,3,3,1,114.561535,0,0,3,0,3,2,3,3,1,114.561535,0,0,
/adult-learner/course-detail/NYP-CB1038/machine-learning-in-finance,(referral),3,3,3,1,3,4,0.75,40.86255825,0.5,2,3,3,3,1,3,4,0.75,40.86255825,0.5,2,
/adult-learner/course-detail/NYP-CB1043/survive-the-robots-preparing-hospitality-and-tourism-professionals-synchronous-elearning,(direct),3,0,3,2,14,4,3.5,76.8481,0,2,3,0,3,2,14,4,3.5,76.8481,0,2,
/adult-learner/course-detail/NYP-CB1216/financial-analytics-with-python,2024S2-sbm-acet,3,0,3,2,3,3,1,22.98079133,0,1,3,0,3,2,3,3,1,22.98079133,0,1,
/adult-learner/course-detail/NYP-CB1247/curating-digital-visual-content-with-product-styling-and-photography,(not set),3,0,3,2,5,4,1.25,38.8662655,0.25,2,3,0,3,2,5,4,1.25,38.8662655,0.25,2,
/adult-learner/course-detail/NYP-CB1252/iot-applications-in-supply-chain-management,2025S1-sbm-acet,3,0,3,1,4,4,1,15.792803,0,1,3,0,3,1,4,4,1,15.792803,0,1,
/adult-learner/course-detail/NYP-CB1252/iot-applications-in-supply-chain-management,cet-q1-2025,3,0,3,2,5,5,1,69.3159484,0,2,3,0,3,2,5,5,1,69.3159484,0,2,
/adult-learner/course-detail/NYP-CB1260/feature-writing-and-digital-newsletter-design,(referral),3,3,3,0,4,3,1.333333333,1107.271626,0,2,3,3,3,0,4,3,1.333333333,1107.271626,0,2,
/adult-learner/course-detail/NYP-CB1265/employment-law-essentials-avoiding-legal-pitfalls-in-people-management,(organic),3,0,3,1,3,4,0.75,5.3049095,0,0,3,0,3,1,3,4,0.75,5.3049095,0,0,
/adult-learner/course-detail/NYP-CB1270/managing-change-in-an-age-of-disruption,(organic),3,0,3,3,6,5,1.2,74.8085274,0,1,3,0,3,3,6,5,1.2,74.8085274,0,1,
/adult-learner/course-detail/NYP-CB1271/stand-out-in-the-experience-economy-creating-special-moments-for-customers,2025S1-sbm-acet,3,0,3,2,3,3,1,28.84958333,0,0,3,0,3,2,3,3,1,28.84958333,0,0,
/adult-learner/course-detail/NYP-CB1327/managing-change-in-an-age-of-disruption-synchronous-elearning,(direct),3,0,3,2,3,3,1,14.30600567,0,0,3,0,3,2,3,3,1,14.30600567,0,0,
/adult-learner/course-detail/NYP-CB1334/digital-marketing,(referral),3,2,3,0,3,3,1,26.35578233,0,2,3,2,3,0,3,3,1,26.35578233,0,2,
/adult-learner/course-detail/NYP-CB1334/digital-marketing,oh2025,3,0,2,1,3,3,1,104.9320553,0.666666667,3,3,0,2,1,3,3,1,104.9320553,0.666666667,3,
/adult-learner/course-detail/NYP-CB1340/introduction-to-legal-issues,(direct),3,0,3,1,3,3,1,7.864092667,0,0,3,0,3,1,3,3,1,7.864092667,0,0,
/adult-learner/course-detail/NYP-CB1342/tourism-market-research,(organic),3,0,3,1,3,3,1,296.6276367,0,0,3,0,3,1,3,3,1,296.6276367,0,0,
/adult-learner/course-detail/NYP-CB1370/digital-event-management,(direct),3,0,3,2,3,3,1,40.102538,0,1,3,0,3,2,3,3,1,40.102538,0,1,
/adult-learner/course-detail/NYP-CB1370/digital-event-management,(not set),3,1,3,2,3,3,1,34.04924,0.333333333,1,3,1,3,2,3,3,1,34.04924,0.333333333,1,
/adult-learner/course-detail/NYP-CB1370/digital-event-management,(referral),3,3,3,0,3,3,1,244.5990063,0,3,3,3,3,0,3,3,1,244.5990063,0,3,
/adult-learner/course-detail/NYP-CB1527/fintech-start-up-and-scale-up-strategy,cet-q1-2025,3,0,3,0,3,3,1,264.8314583,0,0,3,0,3,0,3,3,1,264.8314583,0,0,
/adult-learner/course-detail/NYP-CB1531/skills-intelligence-synchronous-e-learning,cet-q1-2025,3,0,3,2,3,3,1,159.0431403,0,0,3,0,3,2,3,3,1,159.0431403,0,0,
/adult-learner/course-detail/NYP-CB1538/social-commerce-fundamentals,(not set),3,0,3,0,3,3,1,2.485247333,0,0,3,0,3,0,3,3,1,2.485247333,0,0,
/adult-learner/course-detail/NYP-CB1573/introduction-to-sustainability-for-hospitality-businesses,2024S2-sbm-acet,3,0,3,1,5,3,1.666666667,27.31189633,0,3,3,0,3,1,5,3,1.666666667,27.31189633,0,3,
/adult-learner/course-detail/NYP-CB1579/ai-for-business-communication,2024s2-sbm-shortcourses,3,0,3,2,4,3,1.333333333,83.91165967,0,2,3,0,3,2,4,3,1.333333333,83.91165967,0,2,
/adult-learner/course-detail/NYP-CB231012/crafting-your-digital-stories,cet-q1-2025,3,0,3,1,4,3,1.333333333,38.65887933,0,0,3,0,3,1,4,3,1.333333333,38.65887933,0,0,
/adult-learner/course-detail/NYP-CB231019/digital-marketing-analytics,(referral),3,1,3,2,4,4,1,17.17438875,0.25,1,3,1,3,2,4,4,1,17.17438875,0.25,1,
/adult-learner/course-detail/NYP-CB231022/international-trade-and-freight-management,(not set),3,0,3,3,4,3,1.333333333,103.0030293,0,1,3,0,3,3,4,3,1.333333333,103.0030293,0,1,
/adult-learner/course-detail/NYP-CB231024/warehouse-and-inventory-management,(not set),3,0,3,2,3,3,1,338.2290707,0,2,3,0,3,2,3,3,1,338.2290707,0,2,
/adult-learner/course-detail/NYP-CB231024/warehouse-and-inventory-management,2024s2-sbm-shortcourses,3,0,3,3,5,3,1.666666667,105.6310467,0,2,3,0,3,3,5,3,1.666666667,105.6310467,0,2,
/adult-learner/course-detail/NYP-CB234001/digitalisation-for-transportation-skillsfuture-for-digital-workplace-20,(not set),3,0,3,1,3,3,1,76.37027033,0,1,3,0,3,1,3,3,1,76.37027033,0,1,
/adult-learner/course-detail/NYP-CB234001/digitalisation-for-transportation-skillsfuture-for-digital-workplace-20,2024S2-sbm-acet,3,0,3,1,4,3,1.333333333,8.341778667,0,1,3,0,3,1,4,3,1.333333333,8.341778667,0,1,
/adult-learner/course-detail/NYP-CB234001/digitalisation-for-transportation-skillsfuture-for-digital-workplace-20,2024s2-sbm-shortcourses,3,0,3,2,4,3,1.333333333,33.64070867,0,1,3,0,3,2,4,3,1.333333333,33.64070867,0,1,
/adult-learner/course-detail/NYP-CB234003/digitalisation-for-transportation-skillsfuture-for-digital-workplace-20-online,(referral),3,0,3,2,3,3,1,15.20393067,0,0,3,0,3,2,3,3,1,15.20393067,0,0,
/adult-learner/course-detail/NYP-CB243001/sctp-certificate-in-digital-marketing-and-content-curation,cet-q1-2025#digital-marketing,3,0,3,2,4,3,1.333333333,18.24409567,0,1,3,0,3,2,4,3,1.333333333,18.24409567,0,1,
/adult-learner/course-detail/NYP-CE0398/design-thinking-workshop,cet-q1-2025,3,0,3,1,6,6,1,36.57031167,0.333333333,4,3,0,3,1,6,6,1,36.57031167,0.333333333,4,
/adult-learner/course-detail/NYP-CE1142/digital-world-of-3d-printing,(referral),3,2,3,0,3,3,1,18.00819167,0,3,3,2,3,0,3,3,1,18.00819167,0,3,
/adult-learner/course-detail/NYP-CE1149/introduction-to-collaborative-robotics,(direct),3,0,3,2,4,4,1,64.935704,0,0,3,0,3,2,4,4,1,64.935704,0,0,
/adult-learner/course-detail/NYP-CE1155/introduction-to-machine-vision,cet-q1-2025,3,0,3,0,5,3,1.666666667,23.11151233,0,1,3,0,3,0,5,3,1.666666667,23.11151233,0,1,
/adult-learner/course-detail/NYP-CE1167/understanding-of-internet-of-things-iot,(direct),3,0,3,3,19,3,6.333333333,253.3090737,0,1,3,0,3,3,19,3,6.333333333,253.3090737,0,1,
/adult-learner/course-detail/NYP-CE1176/digital-storytelling,(organic),3,0,3,2,4,3,1.333333333,8.468374667,0,0,3,0,3,2,4,3,1.333333333,8.468374667,0,0,
/adult-learner/course-detail/NYP-CE1176/digital-storytelling,cet-q1-2025,3,0,3,2,5,4,1.25,134.5240403,0,0,3,0,3,2,5,4,1.25,134.5240403,0,0,
/adult-learner/course-detail/NYP-CE1182/lpwan-making-it-work,(organic),3,0,3,1,3,3,1,122.2076007,0,1,3,0,3,1,3,3,1,122.2076007,0,1,
/adult-learner/course-detail/NYP-CE1201/application-of-industry-robotics-technology,cet-q1-2025,3,0,3,1,3,3,1,31.65250767,0,2,3,0,3,1,3,3,1,31.65250767,0,2,
/adult-learner/course-detail/NYP-CE1210/smart-iot-basics,(direct),3,0,3,3,26,6,4.333333333,188.6065737,0,0,3,0,3,3,26,6,4.333333333,188.6065737,0,0,
/adult-learner/course-detail/NYP-CE1231/coding-for-beginners,cet-q1-2025,3,0,3,1,3,3,1,20.05292,0,0,3,0,3,1,3,3,1,20.05292,0,0,
/adult-learner/course-detail/NYP-CE1239/robotic-process-automation-rpa-for-beginners,(referral),3,0,3,2,4,4,1,345.3647828,0,1,3,0,3,2,4,4,1,345.3647828,0,1,
/adult-learner/course-detail/NYP-CE1239/robotic-process-automation-rpa-for-beginners,2024s2-sbm-shortcourses,3,0,3,3,4,3,1.333333333,21.57539267,0,1,3,0,3,3,4,3,1.333333333,21.57539267,0,1,
/adult-learner/course-detail/NYP-CE1255/introduction-to-geometric-dimensioning-and-tolerancing-gdandt,(direct),3,0,3,2,4,3,1.333333333,79.86379133,0,1,3,0,3,2,4,3,1.333333333,79.86379133,0,1,
/adult-learner/course-detail/NYP-CE1255/introduction-to-geometric-dimensioning-and-tolerancing-gdandt,cet-q1-2025,3,0,3,2,4,4,1,15.28584625,0,1,3,0,3,2,4,4,1,15.28584625,0,1,
/adult-learner/course-detail/NYP-CE1362/python-a-first-look,(referral),3,1,3,0,3,3,1,70.142347,0,2,3,1,3,0,3,3,1,70.142347,0,2,
/adult-learner/course-detail/NYP-CE1366/engineering-mathematics,(referral),3,3,3,0,3,3,1,303.9114267,0,3,3,3,3,0,3,3,1,303.9114267,0,3,
/adult-learner/course-detail/NYP-CE1510/demystify-generative-artificial-intelligence,cet-q1-2025#cybersecurity,3,0,3,2,3,3,1,11.57995167,0,1,3,0,3,2,3,3,1,11.57995167,0,1,
/adult-learner/course-detail/NYP-CE1510/demystify-generative-artificial-intelligence,cet-q1-2025#personal-development,3,0,3,1,4,3,1.333333333,25.647644,0,2,3,0,3,1,4,3,1.333333333,25.647644,0,2,
/adult-learner/course-detail/NYP-CE1543/software-quality-assurance-essentials,(referral),3,3,3,1,4,4,1,253.5366835,0.25,4,3,3,3,1,4,4,1,253.5366835,0.25,4,
/adult-learner/course-detail/NYP-CE2007/introduction-to-design-thinking,(referral),3,1,3,1,3,3,1,25.44941167,0,0,3,1,3,1,3,3,1,25.44941167,0,0,
/adult-learner/course-detail/NYP-CE2009/simple-ways-for-beginners-to-learn-coding-synchronous-e-learning,(organic),3,0,3,2,4,3,1.333333333,65.67712267,0,0,3,0,3,2,4,3,1.333333333,65.67712267,0,0,
/adult-learner/course-detail/NYP-CE2010/using-python-for-data-analysis,(referral),3,0,3,0,3,3,1,70.800803,0,1,3,0,3,0,3,3,1,70.800803,0,1,
/adult-learner/course-detail/NYP-CE2012/using-python-for-data-analysis-asynchronous-e-learning,cet-q1-2025,3,0,3,2,4,4,1,24.3971515,0,0,3,0,3,2,4,4,1,24.3971515,0,0,
/adult-learner/course-detail/NYP-CE231001/building-artificial-intelligence-ai-applications-from-end-to-end-classroom-and-synchronous-e-learning,cet-q1-2025#engineering,3,0,3,0,3,3,1,22.94533533,0,1,3,0,3,0,3,3,1,22.94533533,0,1,
/adult-learner/course-detail/NYP-CE231006/smart-sensing-and-iot-applications-making-it-work,(not set),3,0,3,1,5,3,1.666666667,56.10338367,0,2,3,0,3,1,5,3,1.666666667,56.10338367,0,2,
/adult-learner/course-detail/NYP-CE231009/introduction-in-the-3d-printing-in-the-maritime-industry-classroom,cet-q1-2025,3,0,3,0,4,3,1.333333333,21.196191,0,0,3,0,3,0,4,3,1.333333333,21.196191,0,0,
/adult-learner/course-detail/NYP-CE231011/cloud-computing-awareness,(direct),3,0,3,2,3,5,0.6,335.2937688,0,1,3,0,3,2,3,5,0.6,335.2937688,0,1,
/adult-learner/course-detail/NYP-CE231011/cloud-computing-awareness,cet-q1-2025,3,0,3,0,3,3,1,35.16643633,0,3,3,0,3,0,3,3,1,35.16643633,0,3,
/adult-learner/course-detail/NYP-CE231014/9-day-precision-engineering-assessment-and-reskilling-lab-pearl-cnc-milling,(referral),3,1,3,1,3,3,1,237.9606233,0,2,3,1,3,1,3,3,1,237.9606233,0,2,
/adult-learner/course-detail/NYP-CE231014/9-day-precision-engineering-assessment-and-reskilling-lab-pearl-cnc-milling,cet-q1-2025#engineering,3,0,3,0,4,3,1.333333333,111.2850817,0,0,3,0,3,0,4,3,1.333333333,111.2850817,0,0,
/adult-learner/course-detail/NYP-CE231015/9-day-precision-engineering-assessment-and-reskilling-lab-pearl-cnc-turning,(referral),3,1,3,1,3,3,1,78.37159633,0,1,3,1,3,1,3,3,1,78.37159633,0,1,
/adult-learner/course-detail/NYP-CE231018/preparatory-mathematics-programme,cet-q1-2025,3,0,3,3,5,5,1,23.1190862,0,2,3,0,3,3,5,5,1,23.1190862,0,2,
/adult-learner/course-detail/NYP-CE234001/digital-transformation-enablers-for-manufacturing-skillsfuture-for-digital-workplace-20,cet-q1-2025#personal-development,3,0,3,1,3,3,1,19.58747567,0,1,3,0,3,1,3,3,1,19.58747567,0,1,
/adult-learner/course-detail/NYP-CE234002/digital-transformation-enablers-for-manufacturing-aerospace-mro-skillsfuture-for-digital-workplace-20,cet-q1-2025,3,0,3,0,4,3,1.333333333,9.873447667,0,1,3,0,3,0,4,3,1.333333333,9.873447667,0,1,
/adult-learner/course-detail/NYP-CE241002/microsoft-excel-for-workplace,cet-q1-2025#engineering,3,0,3,1,4,5,0.8,242.452325,0,2,3,0,3,1,4,5,0.8,242.452325,0,2,
/adult-learner/course-detail/NYP-CE241003/smart-connected-system-design-and-implementation,(not set),3,0,3,1,3,3,1,26.584539,0,0,3,0,3,1,3,3,1,26.584539,0,0,
/adult-learner/course-detail/NYP-CE241003/smart-connected-system-design-and-implementation,cet-q1-2025#personal-development,3,0,3,0,4,3,1.333333333,30.203512,0,1,3,0,3,0,4,3,1.333333333,30.203512,0,1,
/adult-learner/course-detail/NYP-CE241005/medical-device-electrical-safety-testing-iec60601iec62353-and-functional-analysis,(referral),3,2,3,2,4,4,1,279.8017015,0.25,3,3,2,3,2,4,4,1,279.8017015,0.25,3,
/adult-learner/course-detail/NYP-CE241008/train-the-trainer-series-gmp-and-quality-compliance-audit-at-workplace,(referral),3,0,3,0,3,3,1,45.68580833,0,0,3,0,3,0,3,3,1,45.68580833,0,0,
/adult-learner/course-detail/NYP-CE246001/ai-roadmapping-for-companies-and-enterprises,(not set),3,0,3,2,3,3,1,8.384282,0,0,3,0,3,2,3,3,1,8.384282,0,0,
/adult-learner/course-detail/NYP-CH0490/diabetes-care-lifestyle-management,(referral),3,1,3,1,3,3,1,22.76935367,0,2,3,1,3,1,3,3,1,22.76935367,0,2,
/adult-learner/course-detail/NYP-CH0527/understand-dementia-just-forgetful-or-dementia,cet-q1-2025#personal-development,3,0,3,1,5,3,1.666666667,156.615836,0,1,3,0,3,1,5,3,1.666666667,156.615836,0,1,
/adult-learner/course-detail/NYP-CH239002/new-perspectives-on-the-mid-level-oral-health-provider,(organic),3,0,3,1,3,3,1,19.97794467,0,1,3,0,3,1,3,3,1,19.97794467,0,1,
/adult-learner/course-detail/NYP-CH239002/new-perspectives-on-the-mid-level-oral-health-provider,cet-q1-2025,3,0,3,0,3,3,1,279.147522,0,0,3,0,3,0,3,3,1,279.147522,0,0,
/adult-learner/course-detail/NYP-CI1171/cyber-security-awareness,(organic),3,0,3,0,3,3,1,29.294741,0,0,3,0,3,0,3,3,1,29.294741,0,0,
/adult-learner/course-detail/NYP-CI1274/learning-to-code,(organic),3,0,3,1,4,4,1,101.5467325,0,1,3,0,3,1,4,4,1,101.5467325,0,1,
/adult-learner/course-detail/NYP-CI1275/swift-foundations,(organic),3,0,3,1,3,3,1,307.3258293,0,1,3,0,3,1,3,3,1,307.3258293,0,1,
/adult-learner/course-detail/NYP-CI1292/cyber-defence-fundamentals,cet-q1-2025#cybersecurity,3,0,3,0,3,3,1,9.926898,0,2,3,0,3,0,3,3,1,9.926898,0,2,
/adult-learner/course-detail/NYP-CI1326/rpa-for-the-digital-workplace,(not set),3,0,3,1,9,4,2.25,55.87659175,0,1,3,0,3,1,9,4,2.25,55.87659175,0,1,
/adult-learner/course-detail/NYP-CI241005/scaled-agile-framework-safe-scrum-master-synchronous-and-asynchronous-e-learning,(not set),3,0,3,2,3,3,1,93.695718,0,1,3,0,3,2,3,3,1,93.695718,0,1,
/adult-learner/course-detail/NYP-CI241005/scaled-agile-framework-safe-scrum-master-synchronous-and-asynchronous-e-learning,2025S1-sbm-acet,3,0,3,3,4,3,1.333333333,309.7869953,0,0,3,0,3,3,4,3,1.333333333,309.7869953,0,0,
/adult-learner/course-detail/NYP-CI241006/operational-technology-security-fundamentals,(referral),3,1,3,0,3,3,1,64.43258367,0,1,3,1,3,0,3,3,1,64.43258367,0,1,
/adult-learner/course-detail/NYP-CI241006/operational-technology-security-fundamentals,cet-q1-2025#engineering,3,0,3,0,3,3,1,14.64238333,0,0,3,0,3,0,3,3,1,14.64238333,0,0,
/adult-learner/course-detail/NYP-CI245009/full-stack-application-development,(not set),3,0,3,1,3,3,1,21.330567,0,1,3,0,3,1,3,3,1,21.330567,0,1,
/adult-learner/course-detail/NYP-CI245019/ms-project-training,(organic),3,0,3,1,3,3,1,38.564455,0,0,3,0,3,1,3,3,1,38.564455,0,0,
/adult-learner/course-detail/NYP-CK1244/workplace-communication-effective-presentation,(referral),3,0,3,2,4,4,1,37.79138075,0.5,2,3,0,3,2,4,4,1,37.79138075,0.5,2,
/adult-learner/course-detail/NYP-CK1491/building-resilience-for-workplace-success-synchronous-e-learning,(direct),3,0,3,3,3,3,1,12.34780533,0,0,3,0,3,3,3,3,1,12.34780533,0,0,
/adult-learner/course-detail/NYP-CK1491/building-resilience-for-workplace-success-synchronous-e-learning,(organic),3,0,3,1,3,3,1,30.05286667,0,1,3,0,3,1,3,3,1,30.05286667,0,1,
/adult-learner/course-detail/NYP-CK1493/emotional-intelligence-for-workplace-success-synchronous-e-learning,(referral),3,2,3,1,3,3,1,31.40074533,0,3,3,2,3,1,3,3,1,31.40074533,0,3,
/adult-learner/course-detail/NYP-CK2018/delivering-successful-presentations-synchronous-e-learning,(organic),3,0,3,2,3,3,1,391.922778,0,3,3,0,3,2,3,3,1,391.922778,0,3,
/adult-learner/course-detail/NYP-CK2019/emailing-made-easy,cet-q1-2025,3,0,3,0,3,3,1,15.45430267,0,0,3,0,3,0,3,3,1,15.45430267,0,0,
/adult-learner/course-detail/NYP-CK2020/emailing-made-easy-synchronous-e-learning,(referral),3,3,3,0,4,4,1,119.5289545,0.25,3,3,3,3,0,4,4,1,119.5289545,0.25,3,
/adult-learner/course-detail/NYP-CL0443/eat-healthy-and-stay-beautiful-through-tcm-infused-diet,(not set),3,0,3,1,3,3,1,23.244019,0,0,3,0,3,1,3,3,1,23.244019,0,0,
/adult-learner/course-detail/NYP-CL0903/knowing-your-fragrances,(not set),3,0,3,1,3,3,1,29.186005,0,1,3,0,3,1,3,3,1,29.186005,0,1,
/adult-learner/course-detail/NYP-CL1245/create-healthy-ice-cream-based-on-food-science-knowledge-in-food-pilot-plant,cet-q1-2025#personal-development,3,0,3,0,3,3,1,5.464277333,0,1,3,0,3,0,3,3,1,5.464277333,0,1,
/adult-learner/course-detail/NYP-CL1299/sanitisation-technology-and-the-management-of-infectious-disease-threat-synchronous-elearning,(organic),3,0,3,1,3,3,1,20.26416567,0,0,3,0,3,1,3,3,1,20.26416567,0,0,
/adult-learner/course-detail/NYP-CL1299/sanitisation-technology-and-the-management-of-infectious-disease-threat-synchronous-elearning,cet-q1-2025,3,0,3,0,3,3,1,22.524142,0,0,3,0,3,0,3,3,1,22.524142,0,0,
/adult-learner/course-detail/NYP-CL1300/understanding-the-immune-system-and-how-medication-interacts-with-it,(referral),3,0,3,1,3,3,1,130.943101,0,0,3,0,3,1,3,3,1,130.943101,0,0,
/adult-learner/course-detail/NYP-CL1300/understanding-the-immune-system-and-how-medication-interacts-with-it,cet-q1-2025#personal-development,3,0,3,0,4,3,1.333333333,20.70356567,0,1,3,0,3,0,4,3,1.333333333,20.70356567,0,1,
/adult-learner/course-detail/NYP-CL230002/introduction-to-peranakan-cuisine,1.20217E+17,3,3,3,0,3,3,1,14.65699933,0.666666667,2,3,3,3,0,3,3,1,14.65699933,0.666666667,2,
/adult-learner/course-detail/NYP-CL241001/reducing-ghg-emissions-through-energy-management-and-audit,2025S1-sbm-acet,3,0,3,3,4,4,1,362.684304,0,1,3,0,3,3,4,4,1,362.684304,0,1,
/adult-learner/course-detail/NYP-CLBP01/work-study-post-diploma-advanced-diploma-in-pharmaceutical-sciences,oh2025,3,0,3,1,3,3,1,57.41548933,0,2,3,0,3,1,3,3,1,57.41548933,0,2,
/adult-learner/course-detail/NYP-CLLP01/work-study-certificate-leading-to-diploma-in-applied-science-food-technology,2025S1-sbm-acet,3,0,3,1,3,3,1,114.1168973,0,1,3,0,3,1,3,3,1,114.1168973,0,1,
/adult-learner/course-detail/NYP-CLLP01/work-study-certificate-leading-to-diploma-in-applied-science-food-technology,OH25,3,0,3,3,3,3,1,6.044854,0,2,3,0,3,3,3,3,1,6.044854,0,2,
/adult-learner/course-detail/NYP-CLSP06/specialist-diploma-in-nutrition-science,1.20217E+17,3,2,3,0,3,3,1,24.06836633,0.333333333,3,3,2,3,0,3,3,1,24.06836633,0.333333333,3,
/adult-learner/course-detail/NYP-CLSP07/specialist-diploma-in-clinical-research-management,1.20217E+17,3,3,3,0,3,3,1,410.109436,0.666666667,3,3,3,3,0,3,3,1,410.109436,0.666666667,3,
/adult-learner/course-detail/NYP-CLSP07/specialist-diploma-in-clinical-research-management,oh2025,3,0,3,1,3,3,1,241.0046117,0,0,3,0,3,1,3,3,1,241.0046117,0,0,
/adult-learner/course-detail/NYP-CX1287/harnessing-design-thinking-for-innovation,(referral),3,0,3,1,3,3,1,8.810929,0,1,3,0,3,1,3,3,1,8.810929,0,1,
/adult-learner/course-detail/NYP-CX1306/video-editing-made-easy-with-smartphone,cet-q1-2025#personal-development,3,0,3,0,3,3,1,8.313548,0,0,3,0,3,0,3,3,1,8.313548,0,0,
/adult-learner/course-detail/NYP-CX1331/storytelling-using-smartphone-photography,(not set),3,1,3,2,13,3,4.333333333,425.768841,0,1,3,1,3,2,13,3,4.333333333,425.768841,0,1,
/adult-learner/course-detail/NYP-CX1331/storytelling-using-smartphone-photography,2024s2-sbm-shortcourses,3,0,3,3,3,3,1,17.239023,0,0,3,0,3,3,3,3,1,17.239023,0,0,
/adult-learner/course-detail/NYP-CX1331/storytelling-using-smartphone-photography,cet-q1-2025#digital-marketing,3,0,3,1,4,4,1,40.21156675,0,0,3,0,3,1,4,4,1,40.21156675,0,0,
/adult-learner/course-detail/NYP-CX1497/blender-for-beginners,(not set),3,0,3,3,3,3,1,16.78458667,0,0,3,0,3,3,3,3,1,16.78458667,0,0,
/adult-learner/course-detail/NYP-CX2006/empathy-driven-customer-experience,(referral),3,2,3,0,3,3,1,354.4695743,0,3,3,2,3,0,3,3,1,354.4695743,0,3,
/adult-learner/course-detail/NYP-CX235005/ai-powered-content-creation,cet-q1-2025,3,0,3,2,6,5,1.2,45.7978826,0.4,1,3,0,3,2,6,5,1.2,45.7978826,0.4,1,
/adult-learner/course-detail/NYP-CX241001/digital-photography-for-working-professionals,(not set),3,0,3,3,3,3,1,77.15003033,0,0,3,0,3,3,3,3,1,77.15003033,0,0,
/adult-learner/course-detail/NYP-CX241001/digital-photography-for-working-professionals,(referral),3,0,3,1,3,4,0.75,13.254029,0,0,3,0,3,1,3,4,0.75,13.254029,0,0,
/adult-learner/course-detail/NYP-CX241001/digital-photography-for-working-professionals,cet-q1-2025#digital-marketing,3,0,3,0,3,3,1,29.62974,0,0,3,0,3,0,3,3,1,29.62974,0,0,
/adult-learner/course-detail/NYP-CX241001/digital-photography-for-working-professionals,oh2025,3,0,3,2,4,3,1.333333333,18.699797,0,2,3,0,3,2,4,3,1.333333333,18.699797,0,2,
/adult-learner/course-detail/NYP-CX245004/digital-content-and-visual-design-with-generative-ai,(not set),3,0,3,2,4,4,1,16.76694925,0,0,3,0,3,2,4,4,1,16.76694925,0,0,
/adult-learner/course-detail/NYP-CX245004/digital-content-and-visual-design-with-generative-ai,cet-q1-2025#personal-development,3,0,3,0,3,3,1,12.47925133,0,0,3,0,3,0,3,3,1,12.47925133,0,0,
/adult-learner/course-detail/NYP-CX245004/digital-content-and-visual-design-with-generative-ai,oh2025,3,0,3,3,3,3,1,92.91873233,0,0,3,0,3,3,3,3,1,92.91873233,0,0,
/adult-learner/course-detail/NYP-DXEP07/work-study-post-diploma-programme-specialist-diploma-in-user-experience-design-and-management,oh2025,3,0,3,2,3,3,1,11.02034367,0,0,3,0,3,2,3,3,1,11.02034367,0,0,
/adult-learner/course-detail/NYP-DXEP09/work-study-post-diploma-specialist-diploma-in-spatial-design,2025S1-sbm-acet,3,0,3,1,3,3,1,23.44879167,0,2,3,0,3,1,3,3,1,23.44879167,0,2,
/adult-learner/course-detail/NYP-DXSP01/specialist-diploma-in-smart-project-and-facilities-management,1.20218E+17,3,0,3,1,3,3,1,21.95224367,0,1,3,0,3,1,3,3,1,21.95224367,0,1,
/adult-learner/course-detail/NYP-DXSP02/specialist-diploma-in-visual-effects,2024s2-sbm-shortcourses,3,0,3,3,4,3,1.333333333,48.39956567,0,3,3,0,3,3,4,3,1.333333333,48.39956567,0,3,
/adult-learner/course-detail/NYP-DXSP04/specialist-diploma-in-augmented-reality-and-virtual-reality,2024s2-sbm-shortcourses,3,0,2,2,4,4,1,11.53974675,0.25,2,3,0,2,2,4,4,1,11.53974675,0.25,2,
/adult-learner/course-detail/NYP-DXSP06/specialist-diploma-in-digital-content-creation-for-e-commerce,1.20218E+17,3,0,3,2,4,3,1.333333333,56.598576,0.666666667,3,3,0,3,2,4,3,1.333333333,56.598576,0.666666667,3,
/adult-learner/course-detail/NYP-DXSP06/specialist-diploma-in-digital-content-creation-for-e-commerce,2024S2-sbm-acet,3,0,3,3,11,9,1.222222222,301.266048,0.333333333,7,3,0,3,3,11,9,1.222222222,301.266048,0.333333333,7,
/adult-learner/course-detail/NYP-DXSP06/specialist-diploma-in-digital-content-creation-for-e-commerce,oh2025,3,0,3,1,3,3,1,49.34576333,0,1,3,0,3,1,3,3,1,49.34576333,0,1,
/adult-learner/course-detail/NYP-DXSP07/specialist-diploma-in-user-experience-design-and-management,1.20218E+17,3,0,3,1,3,3,1,423.7222917,0,3,3,0,3,1,3,3,1,423.7222917,0,3,
/adult-learner/course-detail/NYP-DXSP07/specialist-diploma-in-user-experience-design-and-management,1.20218E+17,3,0,3,3,5,5,1,7.8460718,0.8,4,3,0,3,3,5,5,1,7.8460718,0.8,4,
/adult-learner/course-detail/NYP-DXSP07/specialist-diploma-in-user-experience-design-and-management,2024S2-sbm-acet,3,0,2,2,5,4,1.25,338.6842365,0,2,3,0,2,2,5,4,1.25,338.6842365,0,2,
/adult-learner/course-detail/NYP-DXSP09/specialist-diploma-in-spatial-design,1.20218E+17,3,0,2,2,3,3,1,48.55629033,0,2,3,0,2,2,3,3,1,48.55629033,0,2,
/adult-learner/course-detail/NYP-DXSP09/specialist-diploma-in-spatial-design,2024S2-sbm-acet,3,0,2,2,6,6,1,14.704492,0.5,3,3,0,2,2,6,6,1,14.704492,0.5,3,
/adult-learner/course-detail/NYP-DXSP09/specialist-diploma-in-spatial-design,cet-q1-2025#sustainability,3,0,0,0,3,3,1,10.52589533,0.333333333,3,3,0,0,0,3,3,1,10.52589533,0.333333333,3,
/adult-learner/course-detail/NYP-EG103W/apply-mathematical-concepts-in-engineering-solutions,cet-q1-2025,3,0,3,1,10,8,1.25,198.5744455,0.5,4,3,0,3,1,10,8,1.25,198.5744455,0.5,4,
/adult-learner/course-detail/NYP-EG121W/apply-computer-aided-manufacturing-cam-techniques,(organic),3,0,3,2,3,4,0.75,68.45463025,0.25,0,3,0,3,2,3,4,0.75,68.45463025,0.25,0,
/adult-learner/course-detail/NYP-EG121W/apply-computer-aided-manufacturing-cam-techniques,cet-q1-2025,3,0,3,1,3,3,1,97.74268033,0,0,3,0,3,1,3,3,1,97.74268033,0,0,
/adult-learner/course-detail/NYP-EG125W/manage-engineering-project-cam-and-cnc-machining,(organic),3,0,3,1,3,3,1,23.54879933,0,1,3,0,3,1,3,3,1,23.54879933,0,1,
/adult-learner/course-detail/NYP-EG202W/apply-advanced-materials-technology,(organic),3,0,3,0,3,3,1,78.89226867,0,1,3,0,3,0,3,3,1,78.89226867,0,1,
/adult-learner/course-detail/NYP-EG202W/apply-advanced-materials-technology,cet-q1-2025,3,0,3,0,4,3,1.333333333,34.328448,0,0,3,0,3,0,4,3,1.333333333,34.328448,0,0,
/adult-learner/course-detail/NYP-EG205W/apply-pedagogy-methodology-for-the-workplace-part-2,(direct),3,0,3,0,3,3,1,4.997333,0,0,3,0,3,0,3,3,1,4.997333,0,0,
/adult-learner/course-detail/NYP-EG206W/manage-shopfloor-monitoring-and-process,(organic),3,0,3,1,9,5,1.8,184.1369442,0,3,3,0,3,1,9,5,1.8,184.1369442,0,3,
/adult-learner/course-detail/NYP-EG901W/apply-additive-manufacturing-technology-pe-sf,cet-q1-2025,3,0,3,1,3,3,1,112.8994057,0,1,3,0,3,1,3,3,1,112.8994057,0,1,
/adult-learner/course-detail/NYP-EGDP07/diploma-in-engineering-public-transport-operations,cet-q1-2025#engineering,3,0,3,1,4,4,1,10.714666,0,3,3,0,3,1,4,4,1,10.714666,0,3,
/adult-learner/course-detail/NYP-EGEP06/work-study-post-diploma-specialist-diploma-in-robotics-and-automation-systems-design,2025S1-sbm-acet,3,0,3,2,3,3,1,101.457866,0,1,3,0,3,2,3,3,1,101.457866,0,1,
/adult-learner/course-detail/NYP-EGQP06/wsq-diploma-in-precision-engineering-master-craftsman-skills,(referral),3,2,3,2,5,6,0.833333333,252.02762,0,4,3,2,3,2,5,6,0.833333333,252.02762,0,4,
/adult-learner/course-detail/NYP-EGQP06/wsq-diploma-in-precision-engineering-master-craftsman-skills,cet-q1-2025,3,0,3,1,4,3,1.333333333,71.12804867,0,2,3,0,3,1,4,3,1.333333333,71.12804867,0,2,
/adult-learner/course-detail/NYP-EGQP09/wsq-specialist-diploma-in-precision-engineering-additive-manufacturing,(organic),3,0,3,0,3,3,1,23.12690267,0,2,3,0,3,0,3,3,1,23.12690267,0,2,
/adult-learner/course-detail/NYP-EGSP14/specialist-diploma-in-edge-intelligence-and-embedded-systems,(not set),3,0,3,1,4,4,1,48.515671,0,1,3,0,3,1,4,4,1,48.515671,0,1,
/adult-learner/course-detail/NYP-EGSP18/specialist-diploma-in-biomedical-and-pharmaceutical-engineering,OH25,3,0,3,3,3,4,0.75,43.1900165,0.25,3,3,0,3,3,3,4,0.75,43.1900165,0.25,3,
/adult-learner/course-detail/NYP-EGSP18/specialist-diploma-in-biomedical-and-pharmaceutical-engineering,oh2025,3,0,3,1,3,3,1,33.09721467,0,1,3,0,3,1,3,3,1,33.09721467,0,1,
/adult-learner/course-detail/NYP-EGSP22/specialist-diploma-in-sustainable-materials-management,cet-q1-2025#sustainability,3,0,3,1,4,4,1,17.626142,0,1,3,0,3,1,4,4,1,17.626142,0,1,
/adult-learner/course-detail/NYP-EGSPA1/post-diploma-certificate-in-gxp-of-operations-management-part-of-specialist-diploma-in-biomedical-and-pharmaceutical-engineering,cet-q1-2025#engineering,3,0,3,0,3,3,1,1.040951333,0,0,3,0,3,0,3,3,1,1.040951333,0,0,
/adult-learner/course-detail/NYP-EGSPA5/post-diploma-certificate-in-materials-sustainability-and-governance-part-of-specialist-diploma-in-sustainable-materials-management,2025S1-sbm-acet,3,0,3,2,5,3,1.666666667,765.2662813,0,2,3,0,3,2,5,3,1.666666667,765.2662813,0,2,
/adult-learner/course-detail/NYP-EGSPA5/post-diploma-certificate-in-materials-sustainability-and-governance-part-of-specialist-diploma-in-sustainable-materials-management,cet-q1-2025#personal-development,3,0,3,0,3,3,1,34.69293833,0,0,3,0,3,0,3,3,1,34.69293833,0,0,
/adult-learner/course-detail/NYP-HSAF31/advanced-diploma-in-nursing-nephro-urology,(referral),3,1,3,2,3,3,1,771.2177463,0,3,3,1,3,2,3,3,1,771.2177463,0,3,
/adult-learner/course-detail/NYP-HSAF38/advanced-diploma-in-nursing-community-health-adch1,oh2025,3,0,3,0,3,3,1,13.47515967,0,0,3,0,3,0,3,3,1,13.47515967,0,0,
/adult-learner/course-detail/NYP-HSAF39/advanced-diploma-in-nursing-critical-care-adcc1,(referral),3,1,3,1,5,5,1,36.0023992,0.2,3,3,1,3,1,5,5,1,36.0023992,0.2,3,
/adult-learner/course-detail/NYP-HSAF44/advanced-diploma-in-nursing-midwifery-admw1,2025S1-sbm-acet,3,0,3,2,7,4,1.75,45.64768575,0.25,2,3,0,3,2,7,4,1.75,45.64768575,0.25,2,
/adult-learner/course-detail/NYP-HSAF48/advanced-diploma-in-nursing-orthopaedics-adod1,(not set),3,0,3,1,7,3,2.333333333,101.0407847,0,0,3,0,3,1,7,3,2.333333333,101.0407847,0,0,
/adult-learner/course-detail/NYP-HSAP11/advanced-diploma-in-nursing-management,2024S2-sbm-acet,3,0,3,3,7,4,1.75,328.814304,0.25,4,3,0,3,3,7,4,1.75,328.814304,0.25,4,
/adult-learner/course-detail/NYP-HSCP07/certificate-in-bridging-studies-for-enrolled-nurse,2025S1-sbm-acet,3,0,3,2,3,3,1,484.4008827,0,2,3,0,3,2,3,3,1,484.4008827,0,2,
/adult-learner/course-detail/NYP-HSCP07/certificate-in-bridging-studies-for-enrolled-nurse,oh2025,3,0,3,2,6,4,1.5,603.8019465,0,4,3,0,3,2,6,4,1.5,603.8019465,0,4,
/adult-learner/course-detail/NYP-HSDP01/diploma-in-health-sciences-paramedicine,cet-q1-2025#personal-development,3,0,3,2,3,3,1,8.759415,0,2,3,0,3,2,3,3,1,8.759415,0,2,
/adult-learner/course-detail/NYP-HSVF01/diploma-conversion-in-paramedic-science,cet-q1-2025#personal-development,3,0,3,0,3,3,1,16.726044,0,1,3,0,3,0,3,3,1,16.726044,0,1,
/adult-learner/course-detail/NYP-ITDP04/diploma-in-infocomm-and-digital-media-it-network-and-system-administration-dinsa2,OH25,3,0,3,2,5,4,1.25,359.6455855,0,3,3,0,3,2,5,4,1.25,359.6455855,0,3,
/adult-learner/course-detail/NYP-ITEP02/work-study-post-diploma-specialist-diploma-in-agile-solutioning-and-devsecops,2025S1-sbm-acet,3,0,3,3,4,4,1,15.82364925,0,0,3,0,3,3,4,4,1,15.82364925,0,0,
/adult-learner/course-detail/NYP-ITLP01/work-study-certificate-leading-to-diploma-in-infocomm-and-digital-media-it-network-and-system-administration-dinsa2,2024S2-sbm-acet,3,0,3,1,3,3,1,4.165389,0,0,3,0,3,1,3,3,1,4.165389,0,0,
/adult-learner/course-detail/NYP-ITSP07/specialist-diploma-in-applied-artificial-intelligence,(organic),3,0,3,2,5,4,1.25,66.457243,0,1,3,0,3,2,5,4,1.25,66.457243,0,1,
/adult-learner/course-detail/NYP-ITSP07/specialist-diploma-in-applied-artificial-intelligence,(referral),3,2,3,1,3,3,1,89.18735133,0.666666667,2,3,2,3,1,3,3,1,89.18735133,0.666666667,2,
/adult-learner/course-detail/NYP-ITSP11/specialist-diploma-in-agile-solutioning-and-devsecops,(referral),3,0,3,3,3,3,1,131.8535403,0,2,3,0,3,3,3,3,1,131.8535403,0,2,
/adult-learner/course-detail/NYP-ITSP11/specialist-diploma-in-agile-solutioning-and-devsecops,oh2025,3,0,3,2,3,4,0.75,32.9347705,0.25,1,3,0,3,2,3,4,0.75,32.9347705,0.25,1,
/adult-learner/course-detail/NYP-ITSP12/specialist-diploma-in-applied-artificial-intelligence-pcm,cet-q1-2025#personal-development,3,0,3,2,3,3,1,15.034694,0,0,3,0,3,2,3,3,1,15.034694,0,0,
/adult-learner/course-detail/NYP-ITSP12/specialist-diploma-in-applied-artificial-intelligence-pcm,oh2025,3,0,3,3,6,7,0.857142857,47.39463829,0.428571429,5,3,0,3,3,6,7,0.857142857,47.39463829,0.428571429,5,
/adult-learner/course-detail/NYP-ITSPA2/post-diploma-certificate-in-applied-data-science-part-of-specialist-diploma-in-business-and-big-data-analytics,oh2025,3,1,3,2,3,4,0.75,3.69303075,0.75,3,3,1,3,2,3,4,0.75,3.69303075,0.75,3,
/adult-learner/course-detail/NYP-JC1A19/workplace-learning-blueprint-development,(referral),3,0,3,1,3,3,1,30.760379,0,0,3,0,3,1,3,3,1,30.760379,0,0,
/adult-learner/course-detail/NYP-JC1A22/learning-needs-and-skills-gap-analysis,(referral),3,1,3,0,3,3,1,175.3845117,0.333333333,1,3,1,3,0,3,3,1,175.3845117,0.333333333,1,
/adult-learner/course-detail/NYP-JC1A32/leading-the-future-of-workplace-learning-insights-from-the-national-workplace-learning-certification,(referral),3,0,3,1,3,3,1,36.89389733,0,0,3,0,3,1,3,3,1,36.89389733,0,0,
/adult-learner/course-detail/NYP-JC1D06/best-in-class-workplace-learning-strategies-learning-and-adapting-from-japan,(not set),3,0,3,1,3,3,1,67.599254,0,0,3,0,3,1,3,3,1,67.599254,0,0,
/adult-learner/course-detail/NYP-JC1D06/best-in-class-workplace-learning-strategies-learning-and-adapting-from-japan,(referral),3,0,3,0,3,3,1,81.79143467,0,2,3,0,3,0,3,3,1,81.79143467,0,2,
/adult-learner/course-detail/NYP-SI4014_010/mobile-photography-with-your-smartphone-take-amazing-photos-tell-amazing-stories-classroom-facilitated-asynchronous-e-learning,(referral),3,0,3,0,3,3,1,64.744356,0,1,3,0,3,0,3,3,1,64.744356,0,1,
/adult-learner/course-detail/NYP-SI4022_013/getting-started-on-lazada-onboarding,(organic),3,1,3,0,3,3,1,44.77082667,0,1,3,1,3,0,3,3,1,44.77082667,0,1,
/adult-learner/course-detail/NYP-SI4024_026/home-based-business,(not set),3,0,3,1,5,4,1.25,48.53084875,0,2,3,0,3,1,5,4,1.25,48.53084875,0,2,
/adult-learner/course-detail/NYP-SI4024_027/insights-to-social-and-influencer-marketing,(organic),3,3,3,0,4,3,1.333333333,7.774819333,0.666666667,2,3,3,3,0,4,3,1.333333333,7.774819333,0.666666667,2,
/adult-learner/course-detail/NYP-SI4024_037/sustainability-everyday-upcycle-fabrics-and-learn-mobile-photography-with-ecommerce-opportunities-classroom-facilitated-asynchronous-e-learning,(not set),3,1,3,1,4,4,1,200.5682913,0,3,3,1,3,1,4,4,1,200.5682913,0,3,
/adult-learner/course-detail/NYP-SI4024_038/mastering-the-art-of-making-a-powerful-sales-pitch-classroom-facilitated-asynchronous-e-learning,(referral),3,0,3,2,4,5,0.8,6.3701516,0,2,3,0,3,2,4,5,0.8,6.3701516,0,2,
/adult-learner/course-detail/NYP-SI4024_040/ecommerce-sell-on-carousell-classroom-facilitated-asynchronous-e-learning,(referral),3,0,3,0,3,3,1,5.487785333,0,0,3,0,3,0,3,3,1,5.487785333,0,0,
/adult-learner/course-detail/NYP-SI4024_040/ecommerce-sell-on-carousell-classroom-facilitated-asynchronous-e-learning,2025S1-sbm-acet,3,0,3,2,3,3,1,4.818121667,0,0,3,0,3,2,3,3,1,4.818121667,0,0,
/adult-learner/course-detail/NYP-SI4024_040/ecommerce-sell-on-carousell-classroom-facilitated-asynchronous-e-learning,cet-q1-2025#personal-development,3,0,3,1,3,3,1,59.19293633,0,0,3,0,3,1,3,3,1,59.19293633,0,0,
/adult-learner/course-detail/NYP-SI4024_043/sustainability-everyday-reuse-reduce-and-recycle-plus-learn-mobile-photography-with-ecommerce-tips-classroom-facilitated-asynchronous-e-learning,cet-q1-2025,3,0,3,2,3,3,1,26.69801533,0,2,3,0,3,2,3,3,1,26.69801533,0,2,
/adult-learner/course-detail/NYP-SI4025_022/start-your-business-at-no-cost-using-affiliate-marketing-classroom-facilitated-asynchronous-e-learning,(not set),3,2,3,0,3,3,1,1.630781667,0.333333333,2,3,2,3,0,3,3,1,1.630781667,0.333333333,2,
/adult-learner/course-detail/NYP-SI4025_023/omnichannel-content-marketing-and-leads-generation-classroom-facilitated-asynchronous-e-learning,cet-q1-2025,3,0,3,2,3,3,1,83.73105533,0,0,3,0,3,2,3,3,1,83.73105533,0,0,
/adult-learner/course-detail/NYP-SI4025_023/omnichannel-content-marketing-and-leads-generation-classroom-facilitated-asynchronous-e-learning,cet-q1-2025#digital-marketing,3,0,3,0,4,3,1.333333333,40.100178,0,2,3,0,3,0,4,3,1.333333333,40.100178,0,2,
/adult-learner/course-detail/NYP-SI4034_002/manage-digital-marketing-and-store-performance-alibaba-managerial-elite-program-23,(organic),3,1,3,1,3,3,1,77.486686,0,1,3,1,3,1,3,3,1,77.486686,0,1,
/adult-learner/course-detail/NYP-SI4054_003/enhanced-hvmp-heartland-visual-merchandising-programme-practical-asynchronous-e-learning,(not set),3,1,3,0,3,3,1,2.578373667,0.333333333,3,3,1,3,0,3,3,1,2.578373667,0.333333333,3,
/adult-learner/course-detail/NYP-SI4058_002/generative-ai-content-creation-super-sprint-your-sales-and-marketing-performance-classroom-facilitated-practical,(not set),3,0,3,1,4,3,1.333333333,39.84049567,0,0,3,0,3,1,4,3,1.333333333,39.84049567,0,0,
/adult-learner/course-detail/NYP-SI4058_004/omnicommerce-strategic-integration-to-drive-business-roi-classroom-facilitated-practical-training-asynchronous-e-learning,(not set),3,1,3,0,3,4,0.75,1.6024,0,0,3,1,3,0,3,4,0.75,1.6024,0,0,
/adult-learner/course-detail/NYP-SI4058_005/generative-ai-content-creation-super-sprint-sales-and-marketing-performance-classroom-facilitated-practical-training-asynchronous-e-learning,(not set),3,1,3,0,3,3,1,2.569809333,0,0,3,1,3,0,3,3,1,2.569809333,0,0,
/adult-learner/course-detail/NYP-SI4059_003/cybersecurity-workshop-critical-protection-for-your-business-practical-asynchronous-e-learning,cet-q1-2025#personal-development,3,0,3,2,3,3,1,12.04889067,0,0,3,0,3,2,3,3,1,12.04889067,0,0,
/adult-learner/course-detail/NYP-SI4060_001/accelerate-sales-and-conversions-with-ai-powered-data-analytics-classroom-facilitated-practical-training,(not set),3,2,3,0,3,3,1,15.54845267,0.666666667,2,3,2,3,0,3,3,1,15.54845267,0.666666667,2,
/adult-learner/course-detail/NYP-SI4063_002/tiktok-shop-optimise-your-social-media-marketing-engagement-and-boost-your-sales-classroom-facilitated-asynchronous-e-learning,2025S1-sbm-acet,3,0,3,0,3,3,1,14.777828,0,0,3,0,3,0,3,3,1,14.777828,0,0,
/adult-learner/course-detail/NYP-SI4064_002/how-to-become-a-youtuber-and-get-paid-classroom-facilitated-asynchronous-e-learning,(organic),3,0,3,0,3,3,1,35.627456,0,0,3,0,3,0,3,3,1,35.627456,0,0,
/adult-learner/course-detail/NYP-SI7025_002/fundamentals-to-starting-an-online-business-classroom-facilitated,(not set),3,0,3,2,10,3,3.333333333,113.818646,0,1,3,0,3,2,10,3,3.333333333,113.818646,0,1,
/adult-learner/course-detail/NYP-SI7025_014/sf-series-personal-online-branding-classroom-facilitated,(referral),3,1,3,1,3,3,1,8.125839333,0,0,3,1,3,1,3,3,1,8.125839333,0,0,
/adult-learner/course-detail/NYP-SI7025_015/digital-skills-enhance-your-work-and-daily-productivity-classroom-facilitated,(not set),3,0,3,1,3,3,1,15.88965867,0,0,3,0,3,1,3,3,1,15.88965867,0,0,
/adult-learner/course-detail/NYP-SI7026_002/basics-in-content-generation-classroom-facilitated,cet-q1-2025#digital-marketing,3,0,3,1,3,3,1,12.17061867,0,1,3,0,3,1,3,3,1,12.17061867,0,1,
/adult-learner/course-detail/NYP-SI7026_003/tapping-into-the-power-of-instagram-for-selling-classroom-facilitated,(organic),3,0,3,2,3,3,1,34.18046333,0,0,3,0,3,2,3,3,1,34.18046333,0,0,
/adult-learner/course-detail/NYP-SI7061_02/digital-transformation-skillsfuture-for-digital-workplace-20,(direct),3,0,3,0,3,3,1,89.60662,0,1,3,0,3,0,3,3,1,89.60662,0,1,
/adult-learner/course-detail/NYP-SI7065_002/ai-productivity-boost-unleash-efficiency-and-creativity-with-chatgpt-for-beginnners,(not set),3,0,3,2,4,4,1,67.03021225,0,0,3,0,3,2,4,4,1,67.03021225,0,0,
/adult-learner/course-detail/NYP-SI7071_001/engage-customers-through-social-media-classroom-facilitated,(organic),3,0,3,1,3,3,1,11.309558,0,1,3,0,3,1,3,3,1,11.309558,0,1,
/adult-learner/course-detail/NYP-SI7073_001/mobile-photography-inspiring-the-human-connection-classroom-facilitated,(not set),3,0,3,1,3,3,1,30.569083,0,1,3,0,3,1,3,3,1,30.569083,0,1,
/adult-learner/course-detail/NYP-SI7073_003/mobile-videography-film-edit-and-post-your-amazing-stories-classroom-facilitated,(organic),3,0,3,0,3,3,1,564.628137,0,1,3,0,3,0,3,3,1,564.628137,0,1,
/adult-learner/course-detail/NYP-SI7073_004/generative-ai-get-informed-entertained-and-inspired-with-microsoft-copilot-classroom-facilitated,(referral),3,0,3,1,3,3,1,87.56411133,0,1,3,0,3,1,3,3,1,87.56411133,0,1,
/adult-learner/course-detail/NYP-SI7073_005/generative-ai-smarter-faster-easier-content-creation-on-designsai-classroom-facilitated,cet-q1-2025#personal-development,3,0,3,3,3,3,1,20.879173,0,0,3,0,3,3,3,3,1,20.879173,0,0,
/adult-learner/course-detail/NYP-SI7074_001/generative-ai-get-informed-entertained-and-inspired-with-microsoft-copilot-classroom-facilitated,cet-q1-2025,3,0,3,2,3,3,1,114.8593353,0,1,3,0,3,2,3,3,1,114.8593353,0,1,
/adult-learner/course-detail/NYP-SI8044_001/introduction-to-jelly-art,cet-q1-2025,3,0,3,1,3,3,1,25.64955567,0,1,3,0,3,1,3,3,1,25.64955567,0,1,
/adult-learner/course-detail/NYP-WSCA05_007/manage-food-and-beverage-operations,(direct),3,0,3,1,3,3,1,130.3527207,0,1,3,0,3,1,3,3,1,130.3527207,0,1,
/adult-learner/course-detail/NYP-WSCA05_007/manage-food-and-beverage-operations,(organic),3,0,3,0,3,3,1,11.31920667,0,0,3,0,3,0,3,3,1,11.31920667,0,0,
/adult-learner/course-detail/NYP-WSCA05_007/manage-food-and-beverage-operations,cet-q1-2025,3,0,3,1,3,3,1,56.43736667,0,1,3,0,3,1,3,3,1,56.43736667,0,1,
/adult-learner/course-detail/NYP-WSCA05_008/prepare-singapore-heritage-cuisine,(direct),3,1,3,1,3,3,1,82.52981933,0,2,3,1,3,1,3,3,1,82.52981933,0,2,
/adult-learner/course-detail/NYP-WSCC09_001/tea-diffusion-and-coffee-brewing,(organic),3,0,3,0,3,3,1,76.75783567,0,1,3,0,3,0,3,3,1,76.75783567,0,1,
/adult-learner/course-detail/NYP-WSCC10_012/fabrication-of-meat-and-poultry,cet-q1-2025,3,0,3,0,4,3,1.333333333,79.83987567,0,1,3,0,3,0,4,3,1.333333333,79.83987567,0,1,
/adult-learner/course-detail/NYP-WSCC10_013/project-a-positive-and-professional-image,(direct),3,0,3,1,3,4,0.75,8.62180175,0,1,3,0,3,1,3,4,0.75,8.62180175,0,1,
/adult-learner/course-detail/NYP-WSCC10_013/project-a-positive-and-professional-image,(organic),3,0,3,1,3,3,1,42.77438133,0,0,3,0,3,1,3,3,1,42.77438133,0,0,
/adult-learner/course-detail/NYP-WSCC10_014/maintain-safe-and-secure-work-environment,(direct),3,0,3,2,3,3,1,27.09852133,0,0,3,0,3,2,3,3,1,27.09852133,0,0,
/adult-learner/course-detail/NYP-WSCC10_019/food-safety-course-level-1,cet-q1-2025,3,0,3,2,3,3,1,49.780267,0,0,3,0,3,2,3,3,1,49.780267,0,0,
/adult-learner/course-detail/NYP-WSCC11_005/maintain-safe-and-secure-work-environment,cet-q1-2025,3,0,3,1,3,3,1,34.84036533,0,0,3,0,3,1,3,3,1,34.84036533,0,0,
/adult-learner/course-detail/NYP-WSCC11_803/wsq-certificate-in-food-services-pastry-and-baking,(organic),3,0,3,2,3,3,1,16.97218467,0.333333333,2,3,0,3,2,3,3,1,16.97218467,0.333333333,2,
/adult-learner/course-detail/NYP-WSCC12_014/demonstrate-malay-dry-heat-cooking,cet-q1-2025,3,0,3,1,5,3,1.666666667,62.49250167,0,1,3,0,3,1,5,3,1.666666667,62.49250167,0,1,
/adult-learner/course-detail/NYP-WSCC12_015/prepare-japanese-cuisine,(direct),3,0,3,0,4,3,1.333333333,24.94656567,0,1,3,0,3,0,4,3,1.333333333,24.94656567,0,1,
/adult-learner/course-detail/NYP-WSCD11_002/participate-in-negotiations,cet-q1-2025,3,0,3,0,3,3,1,255.13085,0,1,3,0,3,0,3,3,1,255.13085,0,1,
/adult-learner/course-detail/NYP-WSCD11_009/manage-productivity-improvements,cet-q1-2025,3,0,3,1,3,3,1,31.69367033,0,0,3,0,3,1,3,3,1,31.69367033,0,0,
/adult-learner/course-detail/NYP-WSCD11_801/diploma-in-food-services,cet-q1-2025,3,0,3,1,3,3,1,24.39733133,0,2,3,0,3,1,3,3,1,24.39733133,0,2,
/adult-learner/course-detail/NYP-WSCM22_001/make-cafe-style-breads,(direct),3,0,2,0,4,3,1.333333333,909.0941423,0.333333333,1,3,0,2,0,4,3,1.333333333,909.0941423,0.333333333,1,
/adult-learner/course-detail/NYP-WSCP24_005/hawker-heritage-series-oodles-of-noodles,(direct),3,1,3,0,3,3,1,2.556281,0.333333333,1,3,1,3,0,3,3,1,2.556281,0.333333333,1,
/adult-learner/course-detail/NYP-WSCP28_033/prata-delight,(direct),3,1,3,1,3,3,1,6.794243333,0.333333333,2,3,1,3,1,3,3,1,6.794243333,0.333333333,2,
/adult-learner/course-detail/NYP-WSCP29_022/basic-cream-cake-decoration,(direct),3,0,3,1,4,4,1,9.789863,0,2,3,0,3,1,4,4,1,9.789863,0,2,
/adult-learner/course-detail/NYP-WSCP38_002/hawker-business-fundamentals,cet-q1-2025,3,0,3,3,3,4,0.75,7.4713335,0.25,2,3,0,3,3,3,4,0.75,7.4713335,0.25,2,
/adult-learner/course-detail/NYP-WSCP40_002/eclairs-galore,(organic),3,2,2,0,3,3,1,2.118256667,1,3,3,2,2,0,3,3,1,2.118256667,1,3,
/adult-learner/course-detail/NYP-WSCP41_005/local-kueh-favourites,(direct),3,3,3,0,3,3,1,0,1,3,3,3,3,0,3,3,1,0,1,3,
/adult-learner/course-detail/NYP-WSCP49_002/pwm-food-services-fabrication-of-meat-and-poultry,(organic),3,0,3,2,3,3,1,8.215117333,0,0,3,0,3,2,3,3,1,8.215117333,0,0,
/adult-learner/course-detail/NYP-WSCP51_001/pwm-food-services-food-safety-course-level-1,cet-q1-2025#personal-development,3,0,3,0,3,3,1,6.384341333,0,2,3,0,3,0,3,3,1,6.384341333,0,2,
/adult-learner/course-detail/NYP-WSCP56_001/receive-and-store-products-part-of-sctp,(organic),3,0,3,2,3,3,1,8.208287333,0,1,3,0,3,2,3,3,1,8.208287333,0,1,
/adult-learner/course-detail/NYP-WSCP62_001/critical-thinking-and-problem-solving-part-of-sctp,(referral),3,0,3,0,3,3,1,0.455876667,0,1,3,0,3,0,3,3,1,0.455876667,0,1,
/adult-learner/course-detail/NYP-WSCP75_001/coordinate-food-and-beverage-service-part-of-sctp,(direct),3,0,3,0,3,3,1,0.346993667,0,0,3,0,3,0,3,3,1,0.346993667,0,0,
/adult-learner/course-detail/NYP-WSCV01_002/advanced-baked-and-fried-dim-sum,(referral),3,0,3,1,3,3,1,53.96693,0,0,3,0,3,1,3,3,1,53.96693,0,0,
/adult-learner/course-detail/NYP-WSCV01_003/advanced-steamed-dim-sum,(not set),3,0,3,0,3,3,1,2.762569667,0,1,3,0,3,0,3,3,1,2.762569667,0,1,
/adult-learner/course-detail/NYP-WSCV01_004/basic-cantonese-cuisine,(not set),3,0,3,2,3,3,1,33.317568,0,2,3,0,3,2,3,3,1,33.317568,0,2,
/adult-learner/course-detail/NYP-WSCV01_006/prepare-basic-pasta,2025S1-sbm-acet,3,0,3,1,4,3,1.333333333,80.222996,0,0,3,0,3,1,4,3,1.333333333,80.222996,0,0,
/adult-learner/course-detail/NYP-WSCV01_006/prepare-basic-pasta,cet-q1-2025#personal-development,3,0,3,0,4,3,1.333333333,43.81520533,0,1,3,0,3,0,4,3,1.333333333,43.81520533,0,1,
/adult-learner/course-detail/NYP-WSCV01_007/prepare-noodle-dishes,cet-q1-2025#personal-development,3,0,3,1,4,3,1.333333333,15.932178,0,1,3,0,3,1,4,3,1.333333333,15.932178,0,1,
/adult-learner/course-detail/NYP-WSCV01_010/prepare-basic-sushi,(referral),3,0,3,0,3,3,1,9.959984333,0,2,3,0,3,0,3,3,1,9.959984333,0,2,
/adult-learner/course-detail/NYP-WSCV01_012/zi-char-favourites,cet-q1-2025#personal-development,3,0,3,1,3,3,1,20.41022933,0,1,3,0,3,1,3,3,1,20.41022933,0,1,
/adult-learner/course-detail/NYP-WSCV01_013/sedaplicious-indonesian-flavours,(not set),3,0,3,2,3,3,1,97.506473,0,1,3,0,3,2,3,3,1,97.506473,0,1,
/adult-learner/course-detail/NYP-WSCV01_014/traditional-rice-dumplings,(not set),3,0,3,1,5,4,1.25,51.51735475,0.25,2,3,0,3,1,5,4,1.25,51.51735475,0.25,2,
/adult-learner/course-detail/NYP-WSCV01_014/traditional-rice-dumplings,cet-q1-2025#personal-development,3,0,3,2,3,3,1,11.276027,0,1,3,0,3,2,3,3,1,11.276027,0,1,
/adult-learner/course-detail/NYP-WSCV01_015/savoury-vietnamese-delights,(not set),3,0,3,1,3,3,1,41.753602,0,1,3,0,3,1,3,3,1,41.753602,0,1,
/adult-learner/course-detail/NYP-WSCV01_016/savoury-korean-delights,(not set),3,0,3,1,4,3,1.333333333,50.93948367,0,1,3,0,3,1,4,3,1.333333333,50.93948367,0,1,
/adult-learner/course-detail/NYP-WSCV01_016/savoury-korean-delights,cet-q1-2025#cybersecurity,3,0,3,0,3,3,1,69.850012,0,2,3,0,3,0,3,3,1,69.850012,0,2,
/adult-learner/course-detail/NYP-WSCV02_001/healthy-vegan-and-gluten-free-creations,(referral),3,0,3,2,7,5,1.4,39.9916838,0,2,3,0,3,2,7,5,1.4,39.9916838,0,2,
/adult-learner/course-detail/NYP-WSCV02_002/singapore-inspired-bakes,oh2025,3,0,3,2,3,3,1,33.312181,0,0,3,0,3,2,3,3,1,33.312181,0,0,
/adult-learner/course-detail/NYP-WSCV02_003/classic-french-pastry,(referral),3,0,3,3,3,3,1,103.1748087,0,0,3,0,3,3,3,3,1,103.1748087,0,0,
/adult-learner/course-detail/NYP-WSCV02_003/classic-french-pastry,2025S1-sbm-acet,3,0,3,1,3,3,1,13.523636,0,1,3,0,3,1,3,3,1,13.523636,0,1,
/adult-learner/course-detail/NYP-WSCV02_004/japanese-sweet-breads,(referral),3,0,3,1,3,3,1,356.4370657,0,1,3,0,3,1,3,3,1,356.4370657,0,1,
/adult-learner/course-detail/NYP-WSCV02_005/bagel-and-doughnut-creations,(not set),3,0,3,0,3,3,1,19.77261933,0,1,3,0,3,0,3,3,1,19.77261933,0,1,
/adult-learner/course-detail/NYP-WSCV02_006/decorative-cupcakes,(referral),3,0,3,2,4,4,1,43.56570725,0,1,3,0,3,2,4,4,1,43.56570725,0,1,
/adult-learner/course-detail/NYP-WSCV02_006/decorative-cupcakes,2025S1-sbm-acet,3,0,3,2,3,3,1,38.98655633,0,1,3,0,3,2,3,3,1,38.98655633,0,1,
/adult-learner/course-detail/NYP-WSCV02_006/decorative-cupcakes,cet-q1-2025#personal-development,3,0,3,0,4,3,1.333333333,56.07426333,0,1,3,0,3,0,4,3,1.333333333,56.07426333,0,1,
/adult-learner/course-detail/NYP-WSCV02_011/japanese-cakes-and-pastries,cet-q1-2025#personal-development,3,0,3,0,3,3,1,95.255524,0,1,3,0,3,0,3,3,1,95.255524,0,1,
/adult-learner/course-detail/NYP-WSCV04_001/artisan-breads,(referral),3,0,3,0,3,3,1,83.30850367,0,0,3,0,3,0,3,3,1,83.30850367,0,0,
/adult-learner/course-detail/NYP-WSCV04_003/croissant,(not set),3,0,3,0,3,3,1,294.9821837,0,2,3,0,3,0,3,3,1,294.9821837,0,2,
/adult-learner/course-detail/NYP-WSCV04_003/croissant,cet-q1-2025#personal-development,3,0,3,1,3,3,1,36.12950333,0,1,3,0,3,1,3,3,1,36.12950333,0,1,
/adult-learner/course-detail/NYP-WSCV05_002/wines-of-the-new-world,(direct),3,1,3,1,3,3,1,5.247581333,0.333333333,1,3,1,3,1,3,3,1,5.247581333,0.333333333,1,
/adult-learner/course-detail/NYP-WSCY01_801/sctp-certificate-in-food-services-culinary-arts-part-time,(referral),3,0,3,1,3,3,1,62.15846867,0,0,3,0,3,1,3,3,1,62.15846867,0,0,
/adult-learner/course-detail/NYP-WSCY02_801/sctp-certificate-in-food-services-pastry-and-baking-part-time,cet-q1-2025#personal-development,3,0,3,1,3,3,1,44.06884033,0,1,3,0,3,1,3,3,1,44.06884033,0,1,
/adult-learner/course-detail/NYP-WSCY03_801/sctp-higher-certificate-in-food-services-culinary-arts-part-time,(not set),3,0,3,0,3,3,1,135.136408,0,2,3,0,3,0,3,3,1,135.136408,0,2,
/adult-learner/course-detail/NYP-WSCY05_801/sctp-advanced-certificate-in-food-services-culinary-arts-part-time,(referral),3,0,3,2,3,3,1,236.1327867,0,0,3,0,3,2,3,3,1,236.1327867,0,0,
/adult-learner/course-detail/NYP-WSCY05_801/sctp-advanced-certificate-in-food-services-culinary-arts-part-time,2025S1-sbm-acet,3,0,3,1,3,3,1,29.03548933,0,2,3,0,3,1,3,3,1,29.03548933,0,2,
/adult-learner/course-detail/NYP-WSQA04_007/service-coaching-sf-supervisor,(organic),3,1,3,2,4,4,1,19.8642615,0.25,1,3,1,3,2,4,4,1,19.8642615,0.25,1,
/adult-learner/course-detail/NYP-WSQA04_025/service-planning-and-implementation-sf-supervisor,cet-q1-2025,3,0,3,0,3,3,1,56.79802467,0,1,3,0,3,0,3,3,1,56.79802467,0,1,
/adult-learner/course-detail/NYP-WSQBC1_001/be-a-collaborative-influencer-classroom-facilitated-asynchronous-e-learning,cet-q1-2025,3,0,3,1,3,3,1,42.38010733,0,2,3,0,3,1,3,3,1,42.38010733,0,2,
/adult-learner/course-detail/NYP-WSQC05_802/certificate-in-retail-operations,(direct),3,0,3,3,13,12,1.083333333,149.8119655,0,10,3,0,3,3,13,12,1.083333333,149.8119655,0,10,
/adult-learner/course-detail/NYP-WSQC05_802/certificate-in-retail-operations,cet-q1-2025,3,0,3,2,8,6,1.333333333,92.21967783,0.333333333,4,3,0,3,2,8,6,1.333333333,92.21967783,0.333333333,4,
/adult-learner/course-detail/NYP-WSQC06_001/customer-experience-management-sf-senior-associate-classroom-facilitated,(direct),3,0,3,2,5,5,1,34.3111258,0,2,3,0,3,2,5,5,1,34.3111258,0,2,
/adult-learner/course-detail/NYP-WSQC06_001/pwm-retail-customer-experience-management-sf-senior-associate-classroom-facilitated,2025S1-sbm-acet,3,0,3,3,3,3,1,19.14674867,0,0,3,0,3,3,3,3,1,19.14674867,0,0,
/adult-learner/course-detail/NYP-WSQP53_004/service-excellence-sf-operations-manager-wsp-synchronous-e-learning,(direct),3,0,3,0,3,3,1,140.6271683,0,2,3,0,3,0,3,3,1,140.6271683,0,2,
/adult-learner/course-detail/NYP-WSQP53_004/service-excellence-sf-operations-manager-wsp-synchronous-e-learning,cet-q1-2025,3,0,3,0,3,3,1,15.55138533,0,1,3,0,3,0,3,3,1,15.55138533,0,1,
/adult-learner/course-detail/NYP-WSQV01_003/workplace-communication-sf-associate,cet-q1-2025#personal-development,3,0,3,0,3,3,1,18.586416,0,1,3,0,3,0,3,3,1,18.586416,0,1,
/adult-learner/course-detail/NYP-WSQV03_006/workplace-communications-sf-manager-synchronous-e-learning,(direct),3,0,3,2,3,3,1,12.29585467,0,1,3,0,3,2,3,3,1,12.29585467,0,1,
/adult-learner/course-detail/NYP-WSQV03_011/merchandise-performance-analysis-sf-manager-synchronous-e-learning,(direct),3,0,3,1,5,3,1.666666667,139.2025127,0,1,3,0,3,1,5,3,1.666666667,139.2025127,0,1,
/adult-learner/course-detail/NYP-WSQV03_012/productivity-improvement-sf-manager,cet-q1-2025#personal-development,3,0,3,0,4,3,1.333333333,21.48953433,0,1,3,0,3,0,4,3,1.333333333,21.48953433,0,1,
/adult-learner/course-detail/NYP-WSQV03_015/financial-analysis-sf-manager-synchronous-e-learning,(direct),3,0,3,1,3,3,1,27.99193167,0,0,3,0,3,1,3,3,1,27.99193167,0,0,
/adult-learner/course-type-quiz,(not set),3,0,3,1,4,4,1,10.090243,0.25,2,3,0,3,1,4,4,1,10.090243,0.25,2,
/adult-learner/course-types/brown-bag-learning,cet-q1-2025,3,0,3,0,5,3,1.666666667,24.01554667,0,1,3,0,3,0,5,3,1.666666667,24.01554667,0,1,
/adult-learner/course-types/career-transition-conversion-programmes,1.20218E+17,3,0,3,1,3,3,1,30.85771867,0,1,3,0,3,1,3,3,1,30.85771867,0,1,
/adult-learner/course-types/career-transition-conversion-programmes,cet-q1-2025#personal-development,3,0,3,0,4,3,1.333333333,34.61719933,0,0,3,0,3,0,4,3,1.333333333,34.61719933,0,0,
/adult-learner/course-types/part-time-diplomas-certificates,1.20218E+17,3,0,3,0,3,3,1,29.59408167,0,0,3,0,3,0,3,3,1,29.59408167,0,0,
/adult-learner/course-types/part-time-diplomas-certificates,1.20218E+17,3,0,3,1,4,3,1.333333333,21.11879833,0,0,3,0,3,1,4,3,1.333333333,21.11879833,0,0,
/adult-learner/course-types/post-diploma-programmes,1.20218E+17,3,0,3,0,9,4,2.25,61.5236065,0.25,1,3,0,3,0,9,4,2.25,61.5236065,0.25,1,
/adult-learner/course-types/post-diploma-programmes,1.20218E+17,3,0,3,0,3,3,1,28.99296133,0,0,3,0,3,0,3,3,1,28.99296133,0,0,
/adult-learner/course-types/post-diploma-programmes/design-media,2024S2-sbm-acet,3,0,3,2,5,3,1.666666667,184.4534323,0,1,3,0,3,2,5,3,1.666666667,184.4534323,0,1,
/adult-learner/course-types/post-diploma-programmes/engineering/stories/inspiring-alumnus-Tan-Aik-Khoon,(referral),3,2,3,0,3,3,1,34.600315,0,2,3,2,3,0,3,3,1,34.600315,0,2,
/adult-learner/course-types/recommended/Marketing,2025S1-sbm-acet,3,0,3,0,3,3,1,317.3323663,0,1,3,0,3,0,3,3,1,317.3323663,0,1,
/adult-learner/course-types/recommended/Marketing,cet-q1-2025,3,0,3,1,7,3,2.333333333,57.41635167,0,0,3,0,3,1,7,3,2.333333333,57.41635167,0,0,
/adult-learner/course-types/recommended/digital-economy,(referral),3,0,3,1,5,5,1,26.7568296,0.2,2,3,0,3,1,5,5,1,26.7568296,0.2,2,
/adult-learner/course-types/short-courses,cet-q1-2025#sustainability,3,0,3,0,6,4,1.5,60.3829535,0.25,2,3,0,3,0,6,4,1.5,60.3829535,0.25,2,
/adult-learner/course-types/short-courses/culinary,(not set),3,0,3,2,4,3,1.333333333,48.64346067,0,0,3,0,3,2,4,3,1.333333333,48.64346067,0,0,
/adult-learner/course-types/work-study-certificates,cet-q1-2025#personal-development,3,0,3,1,5,3,1.666666667,48.13454067,0,0,3,0,3,1,5,3,1.666666667,48.13454067,0,0,
/adult-learner/course-types/work-study-post-diplomas,1.20218E+17,3,0,3,0,3,3,1,61.75656667,0,1,3,0,3,0,3,3,1,61.75656667,0,1,
/adult-learner/find-a-course,1.20218E+17,3,0,3,1,5,3,1.666666667,336.99882,0,1,3,0,3,1,5,3,1.666666667,336.99882,0,1,
/adult-learner/funding/bursary-part-time-diploma,(not set),3,0,3,3,3,3,1,38.685894,0,0,3,0,3,3,3,3,1,38.685894,0,0,
/adult-learner/funding/bursary-part-time-diploma,2025S1-sbm-acet,3,0,3,0,3,3,1,12.53581667,0,1,3,0,3,0,3,3,1,12.53581667,0,1,
/adult-learner/skillsfuture-level-up,1.20218E+17,3,0,3,0,5,3,1.666666667,201.042061,0,1,3,0,3,0,5,3,1.666666667,201.042061,0,1,
/adult-learner,1.20215E+17,2,2,2,0,2,2,1,0,1,2,2,2,2,0,2,2,1,0,1,2,
/adult-learner,cil3-roadshow,2,0,2,2,4,4,1,48.5943535,0.25,2,2,0,2,2,4,4,1,48.5943535,0.25,2,
/adult-learner/course-detail/NYP-AS001Z/resource-planning-part-of-pdc3-of-advanced-diploma-in-pharmaceutical-sciences,oh2025,2,0,2,0,2,2,1,73.829657,0,0,2,0,2,0,2,2,1,73.829657,0,0,
/adult-learner/course-detail/NYP-AS002Z/staff-training-and-development-part-of-pdc3-of-advanced-diploma-in-pharmaceutical-sciences,(referral),2,1,2,0,2,2,1,47.4914835,0,0,2,1,2,0,2,2,1,47.4914835,0,0,
/adult-learner/course-detail/NYP-AS004Z/medication-management-part-of-the-pdc1-advanced-diploma-in-pharmaceutical-sciences,cet-q1-2025,2,0,2,1,2,3,0.666666667,11.632832,0,1,2,0,2,1,2,3,0.666666667,11.632832,0,1,
/adult-learner/course-detail/NYP-AS005Z/patient-education-part-of-the-pdc1-advanced-diploma-in-pharmaceutical-sciences,oh2025,2,0,2,2,2,2,1,7.6192465,0,1,2,0,2,2,2,2,1,7.6192465,0,1,
/adult-learner/course-detail/NYP-AS008Z/medication-safety-part-of-pdc2-of-advanced-diploma-in-pharmaceutical-sciences,2025S1-sbm-acet,2,0,2,1,3,3,1,67.95505533,0,1,2,0,2,1,3,3,1,67.95505533,0,1,
/adult-learner/course-detail/NYP-AS010Z/automated-medication-systems-part-of-pdc4-of-advanced-diploma-in-pharmaceutical-sciences,2025S1-sbm-acet,2,0,2,0,2,2,1,14.7299525,0,0,2,0,2,0,2,2,1,14.7299525,0,0,
/adult-learner/course-detail/NYP-ASSPA1/post-diploma-certificate-in-nutrition-research-and-analytical-methods-part-of-specialist-diploma-in-nutrition-science,(referral),2,0,2,2,4,3,1.333333333,394.5455493,0,0,2,0,2,2,4,3,1.333333333,394.5455493,0,0,
/adult-learner/course-detail/NYP-ASSPA2/post-diploma-certificate-in-public-health-communication-part-of-specialist-diploma-in-nutrition-science,(referral),2,0,2,1,2,2,1,7.231795,0,1,2,0,2,1,2,2,1,7.231795,0,1,
/adult-learner/course-detail/NYP-ASSPA3/post-diploma-certificate-in-energy-management-for-process-industry-part-of-specialist-diploma-in-energy-and-environmental-management-for-process-industry,2024S2-sbm-acet,2,0,2,2,2,2,1,6.9285215,0,0,2,0,2,2,2,2,1,6.9285215,0,0,
/adult-learner/course-detail/NYP-ASSPA3/post-diploma-certificate-in-energy-management-for-process-industry-part-of-specialist-diploma-in-energy-and-environmental-management-for-process-industry,2025S1-sbm-acet,2,0,2,1,4,2,2,38.046391,0,0,2,0,2,1,4,2,2,38.046391,0,0,
/adult-learner/course-detail/NYP-ASSPA4/post-diploma-certificate-in-environmental-management-for-process-industry-part-of-specialist-diploma-in-energy-and-environmental-management-for-process-industry,2025S1-sbm-acet,2,0,2,2,2,2,1,5.35291,0,0,2,0,2,2,2,2,1,5.35291,0,0,
/adult-learner/course-detail/NYP-BMDP06/diploma-in-business-practice-supply-chain-management,1.20218E+17,2,0,2,0,2,2,1,18.78212,0,1,2,0,2,0,2,2,1,18.78212,0,1,
/adult-learner/course-detail/NYP-BMDP06/diploma-in-business-practice-supply-chain-management,OH25,2,0,2,2,3,2,1.5,52.071085,0,0,2,0,2,2,3,2,1.5,52.071085,0,0,
/adult-learner/course-detail/NYP-BMEP01/work-study-post-diploma-specialist-diploma-in-human-capital-management,oh2025,2,0,2,2,3,3,1,366.218694,0.333333333,2,2,0,2,2,3,3,1,366.218694,0.333333333,2,
/adult-learner/course-detail/NYP-BMLP01/work-study-certificate-leading-to-diploma-in-business-practice-hospitality-and-tourism-management,cet-q1-2025#personal-development,2,0,2,0,3,2,1.5,45.828143,0,1,2,0,2,0,3,2,1.5,45.828143,0,1,
/adult-learner/course-detail/NYP-BMLP02/work-study-certificate-leading-to-diploma-in-business-practice-accounting,cet-q1-2025#personal-development,2,0,2,0,3,2,1.5,30.0208785,0,0,2,0,2,0,3,2,1.5,30.0208785,0,0,
/adult-learner/course-detail/NYP-BMSP15/specialist-diploma-in-supply-chain-management,2024s2-sbm-shortcourses,2,0,2,2,5,2,2.5,62.883918,0,0,2,0,2,2,5,2,2.5,62.883918,0,0,
/adult-learner/course-detail/NYP-BMSP15/specialist-diploma-in-supply-chain-management,OH25,2,0,2,1,2,2,1,237.5593935,0,2,2,0,2,1,2,2,1,237.5593935,0,2,
/adult-learner/course-detail/NYP-BMSP15/specialist-diploma-in-supply-chain-management,oh2025,2,0,2,0,2,2,1,33.5085925,0,0,2,0,2,0,2,2,1,33.5085925,0,0,
/adult-learner/course-detail/NYP-BMSP16/specialist-diploma-in-fund-management-and-administration,2024s2-sbm-shortcourses,2,0,2,1,4,4,1,6.63730375,0.5,3,2,0,2,1,4,4,1,6.63730375,0.5,3,
/adult-learner/course-detail/NYP-BMSP18/specialist-diploma-in-sport-management-and-marketing,(not set),2,0,2,1,3,2,1.5,28.6381905,0,0,2,0,2,1,3,2,1.5,28.6381905,0,0,
/adult-learner/course-detail/NYP-BMSP18/specialist-diploma-in-sport-management-and-marketing,oh2025,2,0,2,2,4,4,1,17.1885325,0.25,4,2,0,2,2,4,4,1,17.1885325,0.25,4,
/adult-learner/course-detail/NYP-BMSPA1/post-diploma-certificate-in-applied-analytics-and-digitalisation-in-hr-part-of-specialist-diploma-in-hr-analytics-and-digitalisation,cet-q1-2025#personal-development,2,0,2,1,2,2,1,35.616966,0,0,2,0,2,1,2,2,1,35.616966,0,0,
/adult-learner/course-detail/NYP-BMSPA4/post-diploma-certificate-in-materials-management-part-of-specialist-diploma-in-supply-chain-management,cet-q1-2025#personal-development,2,0,2,1,4,2,2,12.7720515,0,1,2,0,2,1,4,2,2,12.7720515,0,1,
/adult-learner/course-detail/NYP-BMSPA7/post-diploma-certificate-in-sport-management-part-of-specialist-diploma-in-sport-management-and-marketing,2025S1-sbm-acet,2,0,2,2,2,2,1,37.958318,0,1,2,0,2,2,2,2,1,37.958318,0,1,
/adult-learner/course-detail/NYP-CB0555/sc103-rules-of-origin-free-trade-agreements,cet-q1-2025,2,0,2,0,2,2,1,9.6660495,0,0,2,0,2,0,2,2,1,9.6660495,0,0,
/adult-learner/course-detail/NYP-CB0557/sc201-basics-of-strategic-goods-control-seminar,(not set),2,0,2,2,4,3,1.333333333,400.5246163,0.333333333,3,2,0,2,2,4,3,1.333333333,400.5246163,0.333333333,3,
/adult-learner/course-detail/NYP-CB0557/sc201-basics-of-strategic-goods-control-seminar,2025S1-sbm-acet,2,0,2,0,2,2,1,363.430614,0,0,2,0,2,0,2,2,1,363.430614,0,0,
/adult-learner/course-detail/NYP-CB0558/sc202-essentials-of-internal-export-control-compliance-programme,cet-q1-2025,2,0,2,1,2,2,1,13.0266095,0,0,2,0,2,1,2,2,1,13.0266095,0,0,
/adult-learner/course-detail/NYP-CB1033/digital-marketing-for-hospitality-management-a-practical-approach,cet-q1-2025,2,0,2,1,2,2,1,5.1739325,0,1,2,0,2,1,2,2,1,5.1739325,0,1,
/adult-learner/course-detail/NYP-CB1037/hr-analytics,(not set),2,0,2,2,10,6,1.666666667,140.048515,0,2,2,0,2,2,10,6,1.666666667,140.048515,0,2,
/adult-learner/course-detail/NYP-CB1039/making-sense-of-customer-digital-analytics-synchronous-e-learning,(direct),2,0,2,1,4,3,1.333333333,745.9722293,0,1,2,0,2,1,4,3,1.333333333,745.9722293,0,1,
/adult-learner/course-detail/NYP-CB1040/digital-health-checks-on-public-listed-companies-a-basic-how-to,(not set),2,0,1,1,6,2,3,73.606477,0.5,1,2,0,1,1,6,2,3,73.606477,0.5,1,
/adult-learner/course-detail/NYP-CB1040/digital-health-checks-on-public-listed-companies-a-basic-how-to,(referral),2,2,2,0,3,2,1.5,129.2061775,0,2,2,2,2,0,3,2,1.5,129.2061775,0,2,
/adult-learner/course-detail/NYP-CB1043/survive-the-robots-preparing-hospitality-and-tourism-professionals-synchronous-elearning,cet-q1-2025,2,0,2,1,2,2,1,4.996628,0,0,2,0,2,1,2,2,1,4.996628,0,0,
/adult-learner/course-detail/NYP-CB1185/business-continuity-and-risk-management-for-tourism-sector-synchronous-elearning,(organic),2,0,2,0,2,2,1,16.9706455,0,0,2,0,2,0,2,2,1,16.9706455,0,0,
/adult-learner/course-detail/NYP-CB1247/curating-digital-visual-content-with-product-styling-and-photography,cet-q1-2025#personal-development,2,0,2,1,2,2,1,2.8590175,0,2,2,0,2,1,2,2,1,2.8590175,0,2,
/adult-learner/course-detail/NYP-CB1250/design-thinking-for-an-innovative-workplace,2024s2-sbm-shortcourses,2,1,2,2,5,4,1.25,22.60407325,0.5,4,2,1,2,2,5,4,1.25,22.60407325,0.5,4,
/adult-learner/course-detail/NYP-CB1252/iot-applications-in-supply-chain-management,(not set),2,0,2,1,8,2,4,210.22026,0,0,2,0,2,1,8,2,4,210.22026,0,0,
/adult-learner/course-detail/NYP-CB1252/iot-applications-in-supply-chain-management,(referral),2,2,2,0,2,2,1,122.709923,0,0,2,2,2,0,2,2,1,122.709923,0,0,
/adult-learner/course-detail/NYP-CB1253/the-augmented-reality-ar-advantage-for-engaging-customers-and-learners-synchronous-elearning,(direct),2,0,2,2,16,4,4,180.4502893,0,0,2,0,2,2,16,4,4,180.4502893,0,0,
/adult-learner/course-detail/NYP-CB1253/the-augmented-reality-ar-advantage-for-engaging-customers-and-learners-synchronous-elearning,(organic),2,0,2,1,4,5,0.8,329.2075634,0.2,1,2,0,2,1,4,5,0.8,329.2075634,0.2,1,
/adult-learner/course-detail/NYP-CB1254/hospitality-industry-analytics-synchronous-elearning,(direct),2,0,2,1,2,2,1,176.4982035,0,0,2,0,2,1,2,2,1,176.4982035,0,0,
/adult-learner/course-detail/NYP-CB1260/feature-writing-and-digital-newsletter-design,(direct),2,0,2,2,2,2,1,52.2924655,0,0,2,0,2,2,2,2,1,52.2924655,0,0,
/adult-learner/course-detail/NYP-CB1260/feature-writing-and-digital-newsletter-design,(not set),2,0,2,2,5,3,1.666666667,74.53349167,0,0,2,0,2,2,5,3,1.666666667,74.53349167,0,0,
/adult-learner/course-detail/NYP-CB1265/employment-law-essentials-avoiding-legal-pitfalls-in-people-management,(not set),2,0,2,2,4,4,1,160.3660918,0,0,2,0,2,2,4,4,1,160.3660918,0,0,
/adult-learner/course-detail/NYP-CB1270/managing-change-in-an-age-of-disruption,(direct),2,0,2,2,2,2,1,122.4811445,0,0,2,0,2,2,2,2,1,122.4811445,0,0,
/adult-learner/course-detail/NYP-CB1277/introduction-to-the-coffee-business,(not set),2,0,2,2,2,2,1,122.701478,0,0,2,0,2,2,2,2,1,122.701478,0,0,
/adult-learner/course-detail/NYP-CB1278/improving-customer-retail-experience-and-engagement-through-digital-means,(direct),2,0,2,1,2,2,1,103.3747945,0,0,2,0,2,1,2,2,1,103.3747945,0,0,
/adult-learner/course-detail/NYP-CB1278/improving-customer-retail-experience-and-engagement-through-digital-means,(organic),2,1,2,1,2,2,1,86.198977,0,0,2,1,2,1,2,2,1,86.198977,0,0,
/adult-learner/course-detail/NYP-CB1295/starting-your-coffee-business,2024S2-sbm-acet,2,0,2,1,2,2,1,89.8398155,0,0,2,0,2,1,2,2,1,89.8398155,0,0,
/adult-learner/course-detail/NYP-CB1295/starting-your-coffee-business,2024s2-sbm-shortcourses,2,0,2,1,3,2,1.5,443.5648495,0,0,2,0,2,1,3,2,1.5,443.5648495,0,0,
/adult-learner/course-detail/NYP-CB1310/digital-video-production,oh2025,2,0,2,1,6,6,1,419.1788172,0.166666667,4,2,0,2,1,6,6,1,419.1788172,0.166666667,4,
/adult-learner/course-detail/NYP-CB1327/managing-change-in-an-age-of-disruption-synchronous-elearning,(not set),2,0,2,1,2,2,1,57.10527,0,1,2,0,2,1,2,2,1,57.10527,0,1,
/adult-learner/course-detail/NYP-CB1327/managing-change-in-an-age-of-disruption-synchronous-elearning,cet-q1-2025,2,0,2,1,2,2,1,10.3236375,0,0,2,0,2,1,2,2,1,10.3236375,0,0,
/adult-learner/course-detail/NYP-CB1336/service-excellence,2024s2-sbm-shortcourses,2,0,2,2,2,2,1,38.538829,0,0,2,0,2,2,2,2,1,38.538829,0,0,
/adult-learner/course-detail/NYP-CB1342/tourism-market-research,(not set),2,0,2,0,2,2,1,0.3369385,0,0,2,0,2,0,2,2,1,0.3369385,0,0,
/adult-learner/course-detail/NYP-CB1355/curating-an-event-experiential-journey,(direct),2,0,2,2,3,3,1,148.0669837,0,0,2,0,2,2,3,3,1,148.0669837,0,0,
/adult-learner/course-detail/NYP-CB1355/curating-an-event-experiential-journey,(organic),2,0,2,1,2,2,1,29.7886995,0,0,2,0,2,1,2,2,1,29.7886995,0,0,
/adult-learner/course-detail/NYP-CB1570/how-to-create-a-unique-business,2024s2-sbm-shortcourses,2,1,2,0,2,2,1,25.3089905,0,2,2,1,2,0,2,2,1,25.3089905,0,2,
/adult-learner/course-detail/NYP-CB1571/how-to-build-a-profit-driven-business,cet-q1-2025,2,0,2,1,2,2,1,20.8154535,0,1,2,0,2,1,2,2,1,20.8154535,0,1,
/adult-learner/course-detail/NYP-CB1572/reading-signs-and-moving-minds-personality-analysis-for-innovative-negotiation-and-conflict-management,cet-q1-2025#digital-marketing,2,0,2,1,3,2,1.5,72.8185425,0.5,1,2,0,2,1,3,2,1.5,72.8185425,0.5,1,
/adult-learner/course-detail/NYP-CB1573/introduction-to-sustainability-for-hospitality-businesses,(not set),2,0,2,1,9,2,4.5,139.2927285,0,0,2,0,2,1,9,2,4.5,139.2927285,0,0,
/adult-learner/course-detail/NYP-CB1573/introduction-to-sustainability-for-hospitality-businesses,cet-q1-2025#sustainability,2,0,2,0,2,2,1,5.5953225,0,0,2,0,2,0,2,2,1,5.5953225,0,0,
/adult-learner/course-detail/NYP-CB1579/ai-for-business-communication,cet-q1-2025#sustainability,2,0,2,1,2,3,0.666666667,4.755620667,0.333333333,1,2,0,2,1,2,3,0.666666667,4.755620667,0.333333333,1,
/adult-learner/course-detail/NYP-CB1579/ai-for-business-communication,oh2025,2,0,2,1,3,3,1,31.70900033,0,3,2,0,2,1,3,3,1,31.70900033,0,3,
/adult-learner/course-detail/NYP-CB2001/becoming-a-change-agent-in-a-volatile-world,2024S2-sbm-acet,2,0,2,0,2,2,1,14.69293,0,1,2,0,2,0,2,2,1,14.69293,0,1,
/adult-learner/course-detail/NYP-CB231004/digital-marketing-for-hospitality-management-a-practical-approach-synchronous-elearning,(organic),2,1,2,1,2,2,1,55.331568,0.5,2,2,1,2,1,2,2,1,55.331568,0.5,2,
/adult-learner/course-detail/NYP-CB231010/1-day-hands-on-pay-per-click-search-advertising,(not set),2,0,2,2,3,2,1.5,326.977594,0,0,2,0,2,2,3,2,1.5,326.977594,0,0,
/adult-learner/course-detail/NYP-CB231010/1-day-hands-on-pay-per-click-search-advertising,oh2025,2,0,2,0,2,2,1,8.28119,0,0,2,0,2,0,2,2,1,8.28119,0,0,
/adult-learner/course-detail/NYP-CB231011/trade-association-101-abridged-ta-101a,(referral),2,1,2,0,2,3,0.666666667,80.68590133,0.333333333,1,2,1,2,0,2,3,0.666666667,80.68590133,0.333333333,1,
/adult-learner/course-detail/NYP-CB231012/crafting-your-digital-stories,(referral),2,0,2,1,2,2,1,470.576698,0,1,2,0,2,1,2,2,1,470.576698,0,1,
/adult-learner/course-detail/NYP-CB231016/communicate-your-innovation-story-through-story-mapping,(not set),2,0,2,2,3,2,1.5,55.0540575,0,0,2,0,2,2,3,2,1.5,55.0540575,0,0,
/adult-learner/course-detail/NYP-CB231018/the-economics-of-supply-management-in-the-sharing-economy-synchronous-elearning,2025S1-sbm-acet,2,0,2,0,2,2,1,28.673624,0,0,2,0,2,0,2,2,1,28.673624,0,0,
/adult-learner/course-detail/NYP-CB231018/the-economics-of-supply-management-in-the-sharing-economy-synchronous-elearning,cet-q1-2025,2,0,2,1,3,3,1,60.77118533,0,1,2,0,2,1,3,3,1,60.77118533,0,1,
/adult-learner/course-detail/NYP-CB231019/digital-marketing-analytics,oh2025,2,0,2,0,2,2,1,5.045442,0,0,2,0,2,0,2,2,1,5.045442,0,0,
/adult-learner/course-detail/NYP-CB231020/digital-marketing-strategy-and-campaign-development,cet-q1-2025,2,0,2,1,2,2,1,220.9261105,0,1,2,0,2,1,2,2,1,220.9261105,0,1,
/adult-learner/course-detail/NYP-CB231023/sustainability-in-sourcing-and-procurement-strategies,cet-q1-2025#personal-development,2,0,2,2,2,2,1,21.400409,0,0,2,0,2,2,2,2,1,21.400409,0,0,
/adult-learner/course-detail/NYP-CB231024/warehouse-and-inventory-management,cet-q1-2025#personal-development,2,0,2,0,2,2,1,44.808998,0,1,2,0,2,0,2,2,1,44.808998,0,1,
/adult-learner/course-detail/NYP-CB231025/storytelling-for-social-media-101,(not set),2,0,2,1,2,2,1,45.9061065,0,0,2,0,2,1,2,2,1,45.9061065,0,0,
/adult-learner/course-detail/NYP-CB231025/storytelling-for-social-media-101,2025S1-sbm-acet,2,0,2,1,2,2,1,10.9475205,0,0,2,0,2,1,2,2,1,10.9475205,0,0,
/adult-learner/course-detail/NYP-CB234001/digitalisation-for-transportation-skillsfuture-for-digital-workplace-20,(referral),2,0,2,0,2,2,1,19.8848515,0,0,2,0,2,0,2,2,1,19.8848515,0,0,
/adult-learner/course-detail/NYP-CB234002/digitalisation-for-tourism-skillsfuture-for-digital-workplace-20,2024S2-sbm-acet,2,0,2,1,4,2,2,15.7178665,0,0,2,0,2,1,4,2,2,15.7178665,0,0,
/adult-learner/course-detail/NYP-CB241002/be-a-sport-safety-champion,2024S2-sbm-acet,2,0,2,2,3,2,1.5,46.992526,0,1,2,0,2,2,3,2,1.5,46.992526,0,1,
/adult-learner/course-detail/NYP-CB241002/be-a-sport-safety-champion,2024s2-sbm-shortcourses,2,0,2,2,5,5,1,59.4727672,0.2,3,2,0,2,2,5,5,1,59.4727672,0.2,3,
/adult-learner/course-detail/NYP-CB241002/be-a-sport-safety-champion,cet-q1-2025,2,0,2,0,2,2,1,11.4056905,0,1,2,0,2,0,2,2,1,11.4056905,0,1,
/adult-learner/course-detail/NYP-CB241002/be-a-sport-safety-champion,oh2025,2,0,2,2,3,2,1.5,41.1510275,0,1,2,0,2,2,3,2,1.5,41.1510275,0,1,
/adult-learner/course-detail/NYP-CB241004/risk-management-in-sport-bizsafe-level-2,cet-q1-2025,2,0,2,0,2,2,1,22.2861695,0,2,2,0,2,0,2,2,1,22.2861695,0,2,
/adult-learner/course-detail/NYP-CB241006/hospitality-industry-analytics,(not set),2,0,2,1,6,2,3,209.150785,0,1,2,0,2,1,6,2,3,209.150785,0,1,
/adult-learner/course-detail/NYP-CB241006/hospitality-industry-analytics,OH25,2,0,2,0,2,2,1,226.7545465,0,0,2,0,2,0,2,2,1,226.7545465,0,0,
/adult-learner/course-detail/NYP-CB241006/hospitality-industry-analytics,oh2025,2,0,2,1,3,2,1.5,37.162386,0,1,2,0,2,1,3,2,1.5,37.162386,0,1,
/adult-learner/course-detail/NYP-CB241008/research-and-insights-for-trade-associations,cet-q1-2025,2,0,2,0,2,2,1,6.126839,0,2,2,0,2,0,2,2,1,6.126839,0,2,
/adult-learner/course-detail/NYP-CB241009/research-and-insights-for-trade-associations-intermediate,(direct),2,0,2,2,2,2,1,74.864128,0,0,2,0,2,2,2,2,1,74.864128,0,0,
/adult-learner/course-detail/NYP-CB241010/sustainability-at-our-core-essentials-of-climate-risk,(referral),2,0,2,1,3,3,1,0.603881333,0,1,2,0,2,1,3,3,1,0.603881333,0,1,
/adult-learner/course-detail/NYP-CB241011/sustainability-at-our-core-uncovering-esg-investing,(referral),2,0,2,2,2,3,0.666666667,3.058071667,0.333333333,1,2,0,2,2,2,3,0.666666667,3.058071667,0.333333333,1,
/adult-learner/course-detail/NYP-CB241012/sustainability-reporting-a-practical-guide-and-toolkit-for-small-and-medium-enterprises,cet-q1-2025#sustainability,2,0,2,0,2,2,1,34.1060705,0,1,2,0,2,0,2,2,1,34.1060705,0,1,
/adult-learner/course-detail/NYP-CB243001/sctp-certificate-in-digital-marketing-and-content-curation,cet-q1-2025#cybersecurity,2,0,2,1,2,2,1,32.281522,0,0,2,0,2,1,2,2,1,32.281522,0,0,
/adult-learner/course-detail/NYP-CB243001/sctp-certificate-in-digital-marketing-and-content-curation,cet-q1-2025#personal-development,2,0,2,2,2,2,1,7.255227,0,2,2,0,2,2,2,2,1,7.255227,0,2,
/adult-learner/course-detail/NYP-CB243001/sctp-certificate-in-digital-marketing-and-content-curation,oh2025,2,0,2,2,6,4,1.5,329.6940203,0,4,2,0,2,2,6,4,1.5,329.6940203,0,4,
/adult-learner/course-detail/NYP-CE0398/design-thinking-workshop,(direct),2,0,2,1,2,3,0.666666667,38.831498,0,0,2,0,2,1,2,3,0.666666667,38.831498,0,0,
/adult-learner/course-detail/NYP-CE0398/design-thinking-workshop,(not set),2,0,2,2,3,3,1,36.66084833,0,0,2,0,2,2,3,3,1,36.66084833,0,0,
/adult-learner/course-detail/NYP-CE0414/3d-printing,(organic),2,0,2,1,2,2,1,42.343251,0,0,2,0,2,1,2,2,1,42.343251,0,0,
/adult-learner/course-detail/NYP-CE1142/digital-world-of-3d-printing,(not set),2,0,2,2,2,2,1,83.325162,0,0,2,0,2,2,2,2,1,83.325162,0,0,
/adult-learner/course-detail/NYP-CE1142/digital-world-of-3d-printing,cet-q1-2025,2,0,2,0,3,2,1.5,33.256616,0,0,2,0,2,0,3,2,1.5,33.256616,0,0,
/adult-learner/course-detail/NYP-CE1145/cyber-security-from-scratch-synchronous-elearning,(referral),2,2,2,0,2,2,1,189.46547,0,2,2,2,2,0,2,2,1,189.46547,0,2,
/adult-learner/course-detail/NYP-CE1145/cyber-security-from-scratch-synchronous-elearning,1.20218E+17,2,1,2,0,3,2,1.5,48.0539315,0,1,2,1,2,0,3,2,1.5,48.0539315,0,1,
/adult-learner/course-detail/NYP-CE1146/fundamentals-of-data-analytics,cet-q1-2025#personal-development,2,0,2,1,3,2,1.5,22.7607855,0,0,2,0,2,1,3,2,1.5,22.7607855,0,0,
/adult-learner/course-detail/NYP-CE1149/introduction-to-collaborative-robotics,cet-q1-2025,2,0,2,1,2,2,1,9.707385,0,0,2,0,2,1,2,2,1,9.707385,0,0,
/adult-learner/course-detail/NYP-CE1150/introduction-to-data-analytics-using-excel,(referral),2,1,2,1,3,3,1,35.22060933,0,2,2,1,2,1,3,3,1,35.22060933,0,2,
/adult-learner/course-detail/NYP-CE1154/introduction-to-machine-learning,cet-q1-2025,2,0,2,1,2,2,1,4.640202,0,0,2,0,2,1,2,2,1,4.640202,0,0,
/adult-learner/course-detail/NYP-CE1155/introduction-to-machine-vision,(direct),2,0,2,1,2,2,1,21.867702,0,0,2,0,2,1,2,2,1,21.867702,0,0,
/adult-learner/course-detail/NYP-CE1156/introduction-to-multicopter,(direct),2,0,2,1,3,2,1.5,68.694937,0,0,2,0,2,1,3,2,1.5,68.694937,0,0,
/adult-learner/course-detail/NYP-CE1156/introduction-to-multicopter,(not set),2,0,2,2,4,2,2,89.513831,0,0,2,0,2,2,4,2,2,89.513831,0,0,
/adult-learner/course-detail/NYP-CE1156/introduction-to-multicopter,(organic),2,0,2,1,2,2,1,46.493032,0,0,2,0,2,1,2,2,1,46.493032,0,0,
/adult-learner/course-detail/NYP-CE1156/introduction-to-multicopter,(referral),2,0,2,1,2,2,1,51.9345705,0,2,2,0,2,1,2,2,1,51.9345705,0,2,
/adult-learner/course-detail/NYP-CE1176/digital-storytelling,(not set),2,0,2,2,7,3,2.333333333,415.8218573,0,0,2,0,2,2,7,3,2.333333333,415.8218573,0,0,
/adult-learner/course-detail/NYP-CE1176/digital-storytelling,cet-q1-2025#personal-development,2,0,2,0,2,2,1,14.5553895,0,1,2,0,2,0,2,2,1,14.5553895,0,1,
/adult-learner/course-detail/NYP-CE1182/lpwan-making-it-work,(direct),2,0,2,1,2,2,1,40.0033225,0,0,2,0,2,1,2,2,1,40.0033225,0,0,
/adult-learner/course-detail/NYP-CE1201/application-of-industry-robotics-technology,(direct),2,0,2,2,2,3,0.666666667,270.007557,0,0,2,0,2,2,2,3,0.666666667,270.007557,0,0,
/adult-learner/course-detail/NYP-CE1205/programmable-logic-controller-programming,(not set),2,0,2,2,3,2,1.5,152.120076,0,0,2,0,2,2,3,2,1.5,152.120076,0,0,
/adult-learner/course-detail/NYP-CE1205/programmable-logic-controller-programming,(referral),2,2,2,0,2,2,1,63.11357,0.5,2,2,2,2,0,2,2,1,63.11357,0.5,2,
/adult-learner/course-detail/NYP-CE1210/smart-iot-basics,(organic),2,0,2,1,2,3,0.666666667,6.010371,0.333333333,0,2,0,2,1,2,3,0.666666667,6.010371,0.333333333,0,
/adult-learner/course-detail/NYP-CE1231/coding-for-beginners,cet-q1-2025#personal-development,2,0,2,1,2,2,1,11.002513,0,2,2,0,2,1,2,2,1,11.002513,0,2,
/adult-learner/course-detail/NYP-CE1239/robotic-process-automation-rpa-for-beginners,cet-q1-2025#cybersecurity,2,0,2,0,2,2,1,15.679007,0,1,2,0,2,0,2,2,1,15.679007,0,1,
/adult-learner/course-detail/NYP-CE1239/robotic-process-automation-rpa-for-beginners,cet-q1-2025#digital-marketing,2,0,2,1,4,2,2,41.327614,0.5,1,2,0,2,1,4,2,2,41.327614,0.5,1,
/adult-learner/course-detail/NYP-CE1256/introduction-to-cnc-machining-processes,(not set),2,0,2,2,5,2,2.5,133.6721615,0,1,2,0,2,2,5,2,2.5,133.6721615,0,1,
/adult-learner/course-detail/NYP-CE1282/process-and-design-optimisation-using-design-of-experiments-doe,cet-q1-2025,2,0,2,1,2,2,1,24.4581355,0,1,2,0,2,1,2,2,1,24.4581355,0,1,
/adult-learner/course-detail/NYP-CE1305/hands-on-3d-printing-and-modelling,(not set),2,0,2,1,6,3,2,239.628223,0,0,2,0,2,1,6,3,2,239.628223,0,0,
/adult-learner/course-detail/NYP-CE1305/hands-on-3d-printing-and-modelling,cet-q1-2025#personal-development,2,0,2,0,2,2,1,27.0633995,0,1,2,0,2,0,2,2,1,27.0633995,0,1,
/adult-learner/course-detail/NYP-CE1353/future-of-connected-homes-and-devices-classroom-and-synchronous-elearning,(referral),2,2,2,0,2,2,1,8.304116,0.5,2,2,2,2,0,2,2,1,8.304116,0.5,2,
/adult-learner/course-detail/NYP-CE1354/electric-vehicle-and-charging-system-classroom-and-synchronous-elearning,2025S1-sbm-acet,2,0,2,0,2,2,1,57.5909865,0,0,2,0,2,0,2,2,1,57.5909865,0,0,
/adult-learner/course-detail/NYP-CE1354/electric-vehicle-and-charging-system-classroom-and-synchronous-elearning,cet-q1-2025#engineering,2,0,2,0,2,2,1,14.3408885,0,0,2,0,2,0,2,2,1,14.3408885,0,0,
/adult-learner/course-detail/NYP-CE1366/engineering-mathematics,cet-q1-2025#engineering,2,0,2,0,2,2,1,4.7944455,0,0,2,0,2,0,2,2,1,4.7944455,0,0,
/adult-learner/course-detail/NYP-CE1366/engineering-mathematics,oh2025,2,0,2,1,2,2,1,24.614483,0,0,2,0,2,1,2,2,1,24.614483,0,0,
/adult-learner/course-detail/NYP-CE1380/deep-dive-into-3d-printing-classroom-and-synchronous,cet-q1-2025#personal-development,2,0,2,0,2,2,1,46.81359,0,0,2,0,2,0,2,2,1,46.81359,0,0,
/adult-learner/course-detail/NYP-CE1485/kickstart-your-basic-programming-skills-using-microbit-synchronous-e-learning,(organic),2,0,2,0,2,2,1,24.676907,0,0,2,0,2,0,2,2,1,24.676907,0,0,
/adult-learner/course-detail/NYP-CE1504/anatomical-modelling-and-engineering-in-medical-3d-printing,(organic),2,1,2,0,2,2,1,42.120821,0,2,2,1,2,0,2,2,1,42.120821,0,2,
/adult-learner/course-detail/NYP-CE1504/anatomical-modelling-and-engineering-in-medical-3d-printing,(referral),2,2,2,0,2,2,1,13.9063525,0,1,2,2,2,0,2,2,1,13.9063525,0,1,
/adult-learner/course-detail/NYP-CE1510/demystify-generative-artificial-intelligence,2024S2-sbm-acet,2,0,2,2,2,2,1,32.882613,0,1,2,0,2,2,2,2,1,32.882613,0,1,
/adult-learner/course-detail/NYP-CE1510/demystify-generative-artificial-intelligence,2024s2-sbm-shortcourses,2,0,2,2,2,2,1,17.30984,0,0,2,0,2,2,2,2,1,17.30984,0,0,
/adult-learner/course-detail/NYP-CE1510/demystify-generative-artificial-intelligence,cet-q1-2025#digital-marketing,2,0,2,2,3,3,1,33.94971433,0.333333333,1,2,0,2,2,3,3,1,33.94971433,0.333333333,1,
/adult-learner/course-detail/NYP-CE1510/demystify-generative-artificial-intelligence,oh2025,2,0,2,2,2,2,1,25.108094,0,1,2,0,2,2,2,2,1,25.108094,0,1,
/adult-learner/course-detail/NYP-CE1540/introduction-to-artificial-intelligence-and-machine-learning-synchronous-e-learning,2024s2-sbm-shortcourses,2,0,2,2,2,2,1,7.996309,0,1,2,0,2,2,2,2,1,7.996309,0,1,
/adult-learner/course-detail/NYP-CE1540/introduction-to-artificial-intelligence-and-machine-learning-synchronous-e-learning,cet-q1-2025#cybersecurity,2,0,2,1,2,2,1,16.430258,0,0,2,0,2,1,2,2,1,16.430258,0,0,
/adult-learner/course-detail/NYP-CE1545/bridging-the-sustainability-gap-for-innovation-and-growth-classroom-and-synchronous-e-learning,(not set),2,0,2,1,4,2,2,90.0647955,0,0,2,0,2,1,4,2,2,90.0647955,0,0,
/adult-learner/course-detail/NYP-CE2007/introduction-to-design-thinking,(not set),2,0,2,1,4,2,2,77.92568,0,0,2,0,2,1,4,2,2,77.92568,0,0,
/adult-learner/course-detail/NYP-CE2008/simple-ways-for-beginners-to-learn-coding,cet-q1-2025#personal-development,2,0,2,0,4,2,2,29.4020575,0,1,2,0,2,0,4,2,2,29.4020575,0,1,
/adult-learner/course-detail/NYP-CE2009/simple-ways-for-beginners-to-learn-coding-synchronous-e-learning,(referral),2,2,2,1,3,3,1,39.41909567,0.333333333,3,2,2,2,1,3,3,1,39.41909567,0.333333333,3,
/adult-learner/course-detail/NYP-CE2010/using-python-for-data-analysis,cet-q1-2025#engineering,2,0,2,0,2,2,1,22.4467055,0,0,2,0,2,0,2,2,1,22.4467055,0,0,
/adult-learner/course-detail/NYP-CE2010/using-python-for-data-analysis,oh2025,2,0,2,0,2,2,1,141.060398,0,1,2,0,2,0,2,2,1,141.060398,0,1,
/adult-learner/course-detail/NYP-CE231001/building-artificial-intelligence-ai-applications-from-end-to-end-classroom-and-synchronous-e-learning,2024S2-sbm-acet,2,0,2,2,2,2,1,50.518957,0,0,2,0,2,2,2,2,1,50.518957,0,0,
/adult-learner/course-detail/NYP-CE231001/building-artificial-intelligence-ai-applications-from-end-to-end-classroom-and-synchronous-e-learning,OH25,2,0,2,2,2,2,1,12.855066,0,1,2,0,2,2,2,2,1,12.855066,0,1,
/adult-learner/course-detail/NYP-CE231001/building-artificial-intelligence-ai-applications-from-end-to-end-classroom-and-synchronous-e-learning,cet-q1-2025#digital-marketing,2,0,2,1,2,2,1,54.789931,0.5,0,2,0,2,1,2,2,1,54.789931,0.5,0,
/adult-learner/course-detail/NYP-CE231002/sustainability-101-for-the-green-economy,(not set),2,1,2,1,5,3,1.666666667,58.92541833,0.333333333,2,2,1,2,1,5,3,1.666666667,58.92541833,0.333333333,2,
/adult-learner/course-detail/NYP-CE231002/sustainability-101-for-the-green-economy,cet-q1-2025#personal-development,2,0,2,1,2,2,1,24.7397385,0,0,2,0,2,1,2,2,1,24.7397385,0,0,
/adult-learner/course-detail/NYP-CE231003/apply-generative-artificial-intelligence-for-your-industry,2024S2-sbm-acet,2,0,2,2,2,2,1,94.732652,0,1,2,0,2,2,2,2,1,94.732652,0,1,
/adult-learner/course-detail/NYP-CE231006/smart-sensing-and-iot-applications-making-it-work,(referral),2,2,2,0,5,5,1,185.574898,0.6,4,2,2,2,0,5,5,1,185.574898,0.6,4,
/adult-learner/course-detail/NYP-CE231006/smart-sensing-and-iot-applications-making-it-work,cet-q1-2025#cybersecurity,2,0,2,0,2,2,1,28.486466,0,0,2,0,2,0,2,2,1,28.486466,0,0,
/adult-learner/course-detail/NYP-CE231011/cloud-computing-awareness,(not set),2,0,2,1,6,2,3,99.206955,0,0,2,0,2,1,6,2,3,99.206955,0,0,
/adult-learner/course-detail/NYP-CE231012/data-analytics-tools,(not set),2,0,2,2,7,5,1.4,69.128806,0,1,2,0,2,2,7,5,1.4,69.128806,0,1,
/adult-learner/course-detail/NYP-CE231015/9-day-precision-engineering-assessment-and-reskilling-lab-pearl-cnc-turning,(not set),2,0,2,1,2,2,1,33.1023085,0,0,2,0,2,1,2,2,1,33.1023085,0,0,
/adult-learner/course-detail/NYP-CE231015/9-day-precision-engineering-assessment-and-reskilling-lab-pearl-cnc-turning,2025S1-sbm-acet,2,0,2,2,3,2,1.5,623.3125635,0,0,2,0,2,2,3,2,1.5,623.3125635,0,0,
/adult-learner/course-detail/NYP-CE231016/9-day-precision-engineering-assessment-and-reskilling-lab-pearl-basic-metrology-and-interpretation-of-drawing,(referral),2,0,2,1,3,2,1.5,632.5927005,0,1,2,0,2,1,3,2,1.5,632.5927005,0,1,
/adult-learner/course-detail/NYP-CE231016/9-day-precision-engineering-assessment-and-reskilling-lab-pearl-basic-metrology-and-interpretation-of-drawing,cet-q1-2025,2,0,2,0,3,2,1.5,19.323718,0,0,2,0,2,0,3,2,1.5,19.323718,0,0,
/adult-learner/course-detail/NYP-CE231016/9-day-precision-engineering-assessment-and-reskilling-lab-pearl-basic-metrology-and-interpretation-of-drawing,cet-q1-2025#engineering,2,0,2,0,2,2,1,1.140994,0,0,2,0,2,0,2,2,1,1.140994,0,0,
/adult-learner/course-detail/NYP-CE231017/9-day-precision-engineering-assessment-and-reskilling-lab-pearl-conventional-machining,(referral),2,1,2,0,2,2,1,2.60993,0.5,1,2,1,2,0,2,2,1,2.60993,0.5,1,
/adult-learner/course-detail/NYP-CE234001/digital-transformation-enablers-for-manufacturing-skillsfuture-for-digital-workplace-20,(referral),2,0,2,1,2,2,1,39.0939135,0,0,2,0,2,1,2,2,1,39.0939135,0,0,
/adult-learner/course-detail/NYP-CE234001/digital-transformation-enablers-for-manufacturing-skillsfuture-for-digital-workplace-20,cet-q1-2025#cybersecurity,2,0,2,0,2,2,1,14.184067,0,1,2,0,2,0,2,2,1,14.184067,0,1,
/adult-learner/course-detail/NYP-CE236013/building-a-green-and-sustainable-manufacturing-industry,(organic),2,0,2,0,2,2,1,33.2651765,0,0,2,0,2,0,2,2,1,33.2651765,0,0,
/adult-learner/course-detail/NYP-CE241002/microsoft-excel-for-workplace,cet-q1-2025#digital-marketing,2,0,2,0,2,2,1,12.2207465,0,2,2,0,2,0,2,2,1,12.2207465,0,2,
/adult-learner/course-detail/NYP-CE241004/open-sound-control-based-synchronization-of-immersive-audio-systems,(not set),2,0,2,2,2,2,1,158.3409515,0,0,2,0,2,2,2,2,1,158.3409515,0,0,
/adult-learner/course-detail/NYP-CE241005/medical-device-electrical-safety-testing-iec60601iec62353-and-functional-analysis,cet-q1-2025#personal-development,2,0,2,1,2,2,1,103.054328,0,1,2,0,2,1,2,2,1,103.054328,0,1,
/adult-learner/course-detail/NYP-CE241008/train-the-trainer-series-gmp-and-quality-compliance-audit-at-workplace,(not set),2,0,2,1,2,2,1,9.0146055,0,0,2,0,2,1,2,2,1,9.0146055,0,0,
/adult-learner/course-detail/NYP-CE241008/train-the-trainer-series-gmp-and-quality-compliance-audit-at-workplace,cet-q1-2025,2,0,2,1,2,2,1,0.7687285,0,0,2,0,2,1,2,2,1,0.7687285,0,0,
/adult-learner/course-detail/NYP-CE241009/sustainability-reporting-learning-journey-deep-dive-into-carbon-management,(referral),2,1,2,1,7,8,0.875,10.124354,0.75,6,2,1,2,1,7,8,0.875,10.124354,0.75,6,
/adult-learner/course-detail/NYP-CE241009/sustainability-reporting-learning-journey-deep-dive-into-carbon-management,cet-q1-2025,2,0,2,2,2,2,1,54.2105195,0,1,2,0,2,2,2,2,1,54.2105195,0,1,
/adult-learner/course-detail/NYP-CE245005/ai-practitioner-preparatory-course,2025S1-sbm-acet,2,0,2,2,2,2,1,12.811118,0,2,2,0,2,2,2,2,1,12.811118,0,2,
/adult-learner/course-detail/NYP-CE246001/ai-roadmapping-for-companies-and-enterprises,2025S1-sbm-acet,2,0,2,2,2,2,1,23.1786085,0,0,2,0,2,2,2,2,1,23.1786085,0,0,
/adult-learner/course-detail/NYP-CH0529/living-well-designing-an-elderly-and-dementia-inclusive-smart-environment,(referral),2,0,2,0,2,2,1,23.5848095,0,1,2,0,2,0,2,2,1,23.5848095,0,1,
/adult-learner/course-detail/NYP-CH1186/dental-care-for-people-with-special-needs,(not set),2,0,2,1,2,2,1,11.985318,0,2,2,0,2,1,2,2,1,11.985318,0,2,
/adult-learner/course-detail/NYP-CH1186/dental-care-for-people-with-special-needs,2025S1-sbm-acet,2,0,2,1,2,2,1,6.120111,0,0,2,0,2,1,2,2,1,6.120111,0,0,
/adult-learner/course-detail/NYP-CH1348/phlebotomy-short-course,(referral),2,0,2,1,2,2,1,24.470189,0,1,2,0,2,1,2,2,1,24.470189,0,1,
/adult-learner/course-detail/NYP-CH2013/stress-and-crises-in-relationships-for-working-adults,(referral),2,0,2,0,2,2,1,6.2342575,0,0,2,0,2,0,2,2,1,6.2342575,0,0,
/adult-learner/course-detail/NYP-CH231003/suicide-risk-assessment-and-management,(referral),2,1,2,0,2,2,1,9.391823,0,1,2,1,2,0,2,2,1,9.391823,0,1,
/adult-learner/course-detail/NYP-CH231003/suicide-risk-assessment-and-management,2025S1-sbm-acet,2,0,2,2,3,3,1,32.80632633,0,1,2,0,2,2,3,3,1,32.80632633,0,1,
/adult-learner/course-detail/NYP-CH231003/suicide-risk-assessment-and-management,oh2025,2,0,2,1,2,2,1,30.1770075,0,2,2,0,2,1,2,2,1,30.1770075,0,2,
/adult-learner/course-detail/NYP-CH231004/leading-self-in-organisations,(not set),2,0,2,2,5,4,1.25,38.98289475,0.25,1,2,0,2,2,5,4,1.25,38.98289475,0.25,1,
/adult-learner/course-detail/NYP-CH231004/leading-self-in-organisations,2025S1-sbm-acet,2,0,2,0,2,2,1,12.2262205,0,1,2,0,2,0,2,2,1,12.2262205,0,1,
/adult-learner/course-detail/NYP-CH236003/biological-management-of-caries-and-the-role-of-silver-diamine-fluoride-in-our-practise,(organic),2,0,2,0,2,2,1,2.6107165,0,0,2,0,2,0,2,2,1,2.6107165,0,0,
/adult-learner/course-detail/NYP-CH246002/lifelines-and-listening-tools-for-responding-to-suicide-risk,(referral),2,1,2,1,4,4,1,39.112701,0.25,3,2,1,2,1,4,4,1,39.112701,0.25,3,
/adult-learner/course-detail/NYP-CI1171/cyber-security-awareness,(referral),2,2,2,0,2,2,1,51.014172,0,2,2,2,2,0,2,2,1,51.014172,0,2,
/adult-learner/course-detail/NYP-CI1274/learning-to-code,(not set),2,0,2,1,2,2,1,71.802348,0,0,2,0,2,1,2,2,1,71.802348,0,0,
/adult-learner/course-detail/NYP-CI1274/learning-to-code,cet-q1-2025,2,0,2,1,2,2,1,45.47727,0,0,2,0,2,1,2,2,1,45.47727,0,0,
/adult-learner/course-detail/NYP-CI1275/swift-foundations,(referral),2,0,2,2,3,3,1,61.25115833,0.333333333,3,2,0,2,2,3,3,1,61.25115833,0.333333333,3,
/adult-learner/course-detail/NYP-CI1275/swift-foundations,cet-q1-2025,2,0,2,0,2,2,1,13.2816495,0,0,2,0,2,0,2,2,1,13.2816495,0,0,
/adult-learner/course-detail/NYP-CI1276/app-development-with-swift,cet-q1-2025,2,0,2,0,2,2,1,48.540697,0,1,2,0,2,0,2,2,1,48.540697,0,1,
/adult-learner/course-detail/NYP-CI1279/data-visualisation-practicum,2025S1-sbm-acet,2,0,2,2,2,2,1,148.005949,0,1,2,0,2,2,2,2,1,148.005949,0,1,
/adult-learner/course-detail/NYP-CI1292/cyber-defence-fundamentals,(referral),2,1,2,2,4,3,1.333333333,1249.103786,0,3,2,1,2,2,4,3,1.333333333,1249.103786,0,3,
/adult-learner/course-detail/NYP-CI1326/rpa-for-the-digital-workplace,cet-q1-2025#personal-development,2,0,2,1,2,2,1,8.7215275,0,0,2,0,2,1,2,2,1,8.7215275,0,0,
/adult-learner/course-detail/NYP-CI1368/data-science-for-power-users,(referral),2,2,2,0,2,2,1,12.516076,0,1,2,2,2,0,2,2,1,12.516076,0,1,
/adult-learner/course-detail/NYP-CI231001/the-international-council-of-e-commerce-consultants-ec-council-certified-threat-intelligence-analyst-ctia,2025S1-sbm-acet,2,0,2,2,3,2,1.5,22.169763,0,2,2,0,2,2,3,2,1.5,22.169763,0,2,
/adult-learner/course-detail/NYP-CI231002,(direct),2,0,2,2,3,4,0.75,193.9086405,0.25,2,2,0,2,2,3,4,0.75,193.9086405,0.25,2,
/adult-learner/course-detail/NYP-CI231003/robotic-process-automation,(not set),2,0,2,1,3,2,1.5,68.1661795,0,1,2,0,2,1,3,2,1.5,68.1661795,0,1,
/adult-learner/course-detail/NYP-CI231004/design-thinking-for-innovation,2025S1-sbm-acet,2,0,2,0,2,2,1,20.8936445,0,1,2,0,2,0,2,2,1,20.8936445,0,1,
/adult-learner/course-detail/NYP-CI231004/design-thinking-for-innovation,oh2025,2,0,2,1,2,2,1,6.768021,0,1,2,0,2,1,2,2,1,6.768021,0,1,
/adult-learner/course-detail/NYP-CI231005/the-international-council-of-e-commerce-consultants-certified-cloud-security-engineer-ec-council-ccse,OH25,2,0,2,1,2,2,1,19.8971625,0,1,2,0,2,1,2,2,1,19.8971625,0,1,
/adult-learner/course-detail/NYP-CI231005/the-international-council-of-e-commerce-consultants-certified-cloud-security-engineer-ec-council-ccse,cet-q1-2025#personal-development,2,0,2,1,2,2,1,23.980092,0,1,2,0,2,1,2,2,1,23.980092,0,1,
/adult-learner/course-detail/NYP-CI234001/digital-transformation-skillsfuture-for-digital-workplace-20,(referral),2,2,2,0,2,2,1,29.992329,0.5,2,2,2,2,0,2,2,1,29.992329,0.5,2,
/adult-learner/course-detail/NYP-CI241001/applied-generative-artificial-intelligence-real-world-project-development,2025S1-sbm-acet,2,0,2,1,2,2,1,27.6120765,0,0,2,0,2,1,2,2,1,27.6120765,0,0,
/adult-learner/course-detail/NYP-CI241002/mastering-power-apps-from-beginner-to-pro,(not set),2,0,2,2,9,2,4.5,105.6139935,0,1,2,0,2,2,9,2,4.5,105.6139935,0,1,
/adult-learner/course-detail/NYP-CI241002/mastering-power-apps-from-beginner-to-pro,2024S2-sbm-acet,2,0,2,1,2,2,1,76.020008,0,1,2,0,2,1,2,2,1,76.020008,0,1,
/adult-learner/course-detail/NYP-CI241002/mastering-power-apps-from-beginner-to-pro,cil3-roadshow,2,0,2,1,2,2,1,108.648817,0,1,2,0,2,1,2,2,1,108.648817,0,1,
/adult-learner/course-detail/NYP-CI241003/leading-scaled-agile-framework-safe-synchronous-and-asynchronous-e-learning,cet-q1-2025#personal-development,2,0,2,0,2,2,1,5.5537675,0,1,2,0,2,0,2,2,1,5.5537675,0,1,
/adult-learner/course-detail/NYP-CI241004/project-management-professional-synchronous-e-learning,oh2025,2,0,2,1,2,2,1,79.9420905,0,0,2,0,2,1,2,2,1,79.9420905,0,0,
/adult-learner/course-detail/NYP-CI245016/data-analysis-and-exploration,(organic),2,0,2,0,2,2,1,15.497283,0,1,2,0,2,0,2,2,1,15.497283,0,1,
/adult-learner/course-detail/NYP-CI245023/the-art-of-effective-prompting-for-productivity,(not set),2,0,2,0,3,2,1.5,1106.617955,0,0,2,0,2,0,3,2,1.5,1106.617955,0,0,
/adult-learner/course-detail/NYP-CI245023/the-art-of-effective-prompting-for-productivity,(referral),2,0,2,1,2,2,1,23.3024475,0,0,2,0,2,1,2,2,1,23.3024475,0,0,
/adult-learner/course-detail/NYP-CI5834/data-analytics-workshop,(not set),2,0,2,1,3,3,1,23.07636667,0,0,2,0,2,1,3,3,1,23.07636667,0,0,
/adult-learner/course-detail/NYP-CK1244/workplace-communication-effective-presentation,(not set),2,0,2,2,4,3,1.333333333,227.0802267,0,1,2,0,2,2,4,3,1.333333333,227.0802267,0,1,
/adult-learner/course-detail/NYP-CK1308/workplace-communication-effective-email-writing,2025S1-sbm-acet,2,0,2,2,2,2,1,59.442737,0,1,2,0,2,2,2,2,1,59.442737,0,1,
/adult-learner/course-detail/NYP-CK1493/emotional-intelligence-for-workplace-success-synchronous-e-learning,(not set),2,0,2,2,5,2,2.5,185.0674035,0,1,2,0,2,2,5,2,2.5,185.0674035,0,1,
/adult-learner/course-detail/NYP-CK1493/emotional-intelligence-for-workplace-success-synchronous-e-learning,cet-q1-2025,2,0,2,1,2,2,1,41.12155,0,0,2,0,2,1,2,2,1,41.12155,0,0,
/adult-learner/course-detail/NYP-CK2019/emailing-made-easy,(not set),2,0,2,2,4,3,1.333333333,69.12623567,0,0,2,0,2,2,4,3,1.333333333,69.12623567,0,0,
/adult-learner/course-detail/NYP-CK2020/emailing-made-easy-synchronous-e-learning,(organic),2,0,2,0,2,2,1,8.5061335,0,0,2,0,2,0,2,2,1,8.5061335,0,0,
/adult-learner/course-detail/NYP-CK2020/emailing-made-easy-synchronous-e-learning,cet-q1-2025,2,0,2,0,2,2,1,7.3578155,0,0,2,0,2,0,2,2,1,7.3578155,0,0,
/adult-learner/course-detail/NYP-CK231001/building-resilience-for-workplace-success,(direct),2,0,2,2,3,2,1.5,52.9019455,0,1,2,0,2,2,3,2,1.5,52.9019455,0,1,
/adult-learner/course-detail/NYP-CK231001/building-resilience-for-workplace-success,(not set),2,0,2,2,3,2,1.5,98.3531275,0,0,2,0,2,2,3,2,1.5,98.3531275,0,0,
/adult-learner/course-detail/NYP-CL0522/ice-cream-making-made-easy,1.20217E+17,2,0,2,0,2,2,1,20.259351,0,1,2,0,2,0,2,2,1,20.259351,0,1,
/adult-learner/course-detail/NYP-CL0524/the-science-of-aging-gracefully-diet-exercise-and-skin-care,(not set),2,0,2,0,2,2,1,84.571179,0,0,2,0,2,0,2,2,1,84.571179,0,0,
/adult-learner/course-detail/NYP-CL0524/the-science-of-aging-gracefully-diet-exercise-and-skin-care,(referral),2,0,2,1,2,2,1,320.2518545,0,1,2,0,2,1,2,2,1,320.2518545,0,1,
/adult-learner/course-detail/NYP-CL0897/tcm-and-your-immune-system-boosting-your-immunity-with-ideas-from-east-and-west,OH25,2,0,2,2,3,3,1,56.89084633,0,2,2,0,2,2,3,3,1,56.89084633,0,2,
/adult-learner/course-detail/NYP-CL0897/tcm-and-your-immune-system-boosting-your-immunity-with-ideas-from-east-and-west,cet-q1-2025#personal-development,2,0,2,0,3,2,1.5,23.8105805,0,0,2,0,2,0,3,2,1.5,23.8105805,0,0,
/adult-learner/course-detail/NYP-CL0897/tcm-and-your-immune-system-boosting-your-immunity-with-ideas-from-east-and-west,oh2025,2,0,2,1,2,2,1,59.453125,0,1,2,0,2,1,2,2,1,59.453125,0,1,
/adult-learner/course-detail/NYP-CL0899/tcm-life-skills-in-sub-health-management-fundamental-approaches,(referral),2,1,2,0,2,2,1,29.1262775,0,1,2,1,2,0,2,2,1,29.1262775,0,1,
/adult-learner/course-detail/NYP-CL0901/tcm-life-skills-in-sub-health-management-of-common-conditions,OH25,2,0,2,2,2,2,1,13.408115,0,1,2,0,2,2,2,2,1,13.408115,0,1,
/adult-learner/course-detail/NYP-CL0903/knowing-your-fragrances,cet-q1-2025,2,0,2,1,2,2,1,34.382697,0,0,2,0,2,1,2,2,1,34.382697,0,0,
/adult-learner/course-detail/NYP-CL1082/overview-of-sustainable-and-renewable-energy-technologies-for-a-smart-city,2024S2-sbm-acet,2,0,2,1,2,2,1,15.259664,0,1,2,0,2,1,2,2,1,15.259664,0,1,
/adult-learner/course-detail/NYP-CL1082/overview-of-sustainable-and-renewable-energy-technologies-for-a-smart-city,cet-q1-2025#cybersecurity,2,0,2,0,5,3,1.666666667,27.77509867,0.333333333,2,2,0,2,0,5,3,1.666666667,27.77509867,0.333333333,2,
/adult-learner/course-detail/NYP-CL1082/overview-of-sustainable-and-renewable-energy-technologies-for-a-smart-city,cet-q1-2025#digital-marketing,2,0,2,2,2,3,0.666666667,4.437552667,0.333333333,1,2,0,2,2,2,3,0.666666667,4.437552667,0.333333333,1,
/adult-learner/course-detail/NYP-CL1082/overview-of-sustainable-and-renewable-energy-technologies-for-a-smart-city,cet-q1-2025#personal-development,2,0,2,1,3,2,1.5,33.060538,0,0,2,0,2,1,3,2,1.5,33.060538,0,0,
/adult-learner/course-detail/NYP-CL1245/create-healthy-ice-cream-based-on-food-science-knowledge-in-food-pilot-plant,2024S2-sbm-acet,2,0,1,1,4,3,1.333333333,19.50694933,0.333333333,1,2,0,1,1,4,3,1.333333333,19.50694933,0.333333333,1,
/adult-learner/course-detail/NYP-CL1245/create-healthy-ice-cream-based-on-food-science-knowledge-in-food-pilot-plant,2025S1-sbm-acet,2,0,2,1,3,3,1,12.73499533,0.333333333,2,2,0,2,1,3,3,1,12.73499533,0.333333333,2,
/adult-learner/course-detail/NYP-CL1300/understanding-the-immune-system-and-how-medication-interacts-with-it,(not set),2,0,2,0,2,2,1,122.474756,0,0,2,0,2,0,2,2,1,122.474756,0,0,
/adult-learner/course-detail/NYP-CL1300/understanding-the-immune-system-and-how-medication-interacts-with-it-synchronous-elearning,oh2025,2,0,2,2,2,2,1,21.8399915,0,2,2,0,2,2,2,2,1,21.8399915,0,2,
/adult-learner/course-detail/NYP-CL1302/functional-food-in-human-studies,cet-q1-2025#personal-development,2,0,2,0,2,2,1,1.198876,0,0,2,0,2,0,2,2,1,1.198876,0,0,
/adult-learner/course-detail/NYP-CL230002/introduction-to-peranakan-cuisine,2025S1-sbm-acet,2,0,2,1,2,2,1,213.916798,0,1,2,0,2,1,2,2,1,213.916798,0,1,
/adult-learner/course-detail/NYP-CL230002/introduction-to-peranakan-cuisine,oh2025,2,0,2,2,3,2,1.5,34.4493895,0,1,2,0,2,2,3,2,1.5,34.4493895,0,1,
/adult-learner/course-detail/NYP-CL231001M01/perform-food-cargo-inspection,(not set),2,0,2,2,3,2,1.5,129.059303,0,0,2,0,2,2,3,2,1.5,129.059303,0,0,
/adult-learner/course-detail/NYP-CL231002M01/carbon-accounting-and-management,2024s2-sbm-shortcourses,2,0,2,2,4,4,1,13.35052925,0,1,2,0,2,2,4,4,1,13.35052925,0,1,
/adult-learner/course-detail/NYP-CL231002M01/carbon-accounting-and-management,2025S1-sbm-acet,2,0,2,1,2,2,1,28.758205,0,0,2,0,2,1,2,2,1,28.758205,0,0,
/adult-learner/course-detail/NYP-CL231002M01/carbon-accounting-and-management,cet-q1-2025#personal-development,2,0,2,1,2,2,1,66.9960185,0,1,2,0,2,1,2,2,1,66.9960185,0,1,
/adult-learner/course-detail/NYP-CL240001/certificate-in-ojt-foundational-program,(referral),2,0,2,0,2,2,1,341.0708915,0,2,2,0,2,0,2,2,1,341.0708915,0,2,
/adult-learner/course-detail/NYP-CL240005/food-safety-and-cold-chain-management,2024S2-sbm-acet,2,0,2,2,5,4,1.25,47.025838,0.25,3,2,0,2,2,5,4,1.25,47.025838,0.25,3,
/adult-learner/course-detail/NYP-CL240005/food-safety-and-cold-chain-management,2025S1-sbm-acet,2,0,2,2,2,2,1,19.485737,0.5,2,2,0,2,2,2,2,1,19.485737,0.5,2,
/adult-learner/course-detail/NYP-CL240007/science-behind-sourdough-bread,(referral),2,0,2,1,2,2,1,11.6307445,0,0,2,0,2,1,2,2,1,11.6307445,0,0,
/adult-learner/course-detail/NYP-CL240007/science-behind-sourdough-bread,cet-q1-2025#personal-development,2,0,2,0,2,2,1,76.6799505,0,1,2,0,2,0,2,2,1,76.6799505,0,1,
/adult-learner/course-detail/NYP-CL246001/create-healthy-ice-cream,cet-q1-2025,2,0,2,0,2,2,1,8.6349655,0,1,2,0,2,0,2,2,1,8.6349655,0,1,
/adult-learner/course-detail/NYP-CLDP01/diploma-in-applied-science-food-technology,2024s2-sbm-shortcourses,2,0,2,2,3,4,0.75,49.3630075,0.25,1,2,0,2,2,3,4,0.75,49.3630075,0.25,1,
/adult-learner/course-detail/NYP-CLDP01/diploma-in-applied-science-food-technology,OH25,2,0,2,2,6,4,1.5,126.2084455,0,1,2,0,2,2,6,4,1.5,126.2084455,0,1,
/adult-learner/course-detail/NYP-CLLP01/work-study-certificate-leading-to-diploma-in-applied-science-food-technology,2024S2-sbm-acet,2,0,2,0,2,2,1,30.1525865,0,2,2,0,2,0,2,2,1,30.1525865,0,2,
/adult-learner/course-detail/NYP-CLSP05/specialist-diploma-in-energy-and-environmental-management-for-process-industry,2025S1-sbm-acet,2,0,2,2,3,2,1.5,112.6748965,0,1,2,0,2,2,3,2,1.5,112.6748965,0,1,
/adult-learner/course-detail/NYP-CLSP05/specialist-diploma-in-energy-and-environmental-management-for-process-industry,oh2025,2,0,2,1,2,2,1,59.479818,0,0,2,0,2,1,2,2,1,59.479818,0,0,
/adult-learner/course-detail/NYP-CLSP07/specialist-diploma-in-clinical-research-management,OH25,2,0,2,2,2,2,1,7.2515225,0,1,2,0,2,2,2,2,1,7.2515225,0,1,
/adult-learner/course-detail/NYP-CX1107/aerial-drone-photography,2025S1-sbm-acet,2,0,2,1,2,2,1,5.437842,0,0,2,0,2,1,2,2,1,5.437842,0,0,
/adult-learner/course-detail/NYP-CX1107/aerial-drone-photography,cet-q1-2025#personal-development,2,0,2,0,2,2,1,11.178145,0,1,2,0,2,0,2,2,1,11.178145,0,1,
/adult-learner/course-detail/NYP-CX1287/harnessing-design-thinking-for-innovation,(not set),2,0,2,2,10,5,2,108.2307034,0.2,2,2,0,2,2,10,5,2,108.2307034,0.2,2,
/adult-learner/course-detail/NYP-CX1288/service-experience-design-4-day-mini-series,2024S2-sbm-acet,2,0,2,0,3,2,1.5,17.3983905,0,1,2,0,2,0,3,2,1.5,17.3983905,0,1,
/adult-learner/course-detail/NYP-CX1306/video-editing-made-easy-with-smartphone,(referral),2,0,2,0,2,2,1,231.080169,0,2,2,0,2,0,2,2,1,231.080169,0,2,
/adult-learner/course-detail/NYP-CX1331/storytelling-using-smartphone-photography,2025S1-sbm-acet,2,0,2,2,2,2,1,32.604759,0,1,2,0,2,2,2,2,1,32.604759,0,1,
/adult-learner/course-detail/NYP-CX1497/blender-for-beginners,2025S1-sbm-acet,2,0,2,0,2,2,1,31.6257995,0,0,2,0,2,0,2,2,1,31.6257995,0,0,
/adult-learner/course-detail/NYP-CX1497/blender-for-beginners,oh2025,2,0,2,1,2,2,1,53.882598,0,0,2,0,2,1,2,2,1,53.882598,0,0,
/adult-learner/course-detail/NYP-CX1529/circular-design-and-business-modelling-masterclass,(not set),2,0,2,2,9,3,3,264.0593317,0,2,2,0,2,2,9,3,3,264.0593317,0,2,
/adult-learner/course-detail/NYP-CX1529/circular-design-and-business-modelling-masterclass,cet-q1-2025,2,0,2,0,2,2,1,7.8899155,0,2,2,0,2,0,2,2,1,7.8899155,0,2,
/adult-learner/course-detail/NYP-CX1541/digital-sculpting-in-blender,cet-q1-2025,2,0,2,0,2,2,1,1.014662,0,0,2,0,2,0,2,2,1,1.014662,0,0,
/adult-learner/course-detail/NYP-CX2005/embrace-innovation-through-design-thinking,(not set),2,0,2,2,2,2,1,122.702755,0,0,2,0,2,2,2,2,1,122.702755,0,0,
/adult-learner/course-detail/NYP-CX2006/empathy-driven-customer-experience,(organic),2,1,2,1,5,5,1,338.6412836,0.2,1,2,1,2,1,5,5,1,338.6412836,0.2,1,
/adult-learner/course-detail/NYP-CX235005/ai-powered-content-creation,(referral),2,2,2,0,2,2,1,274.7342695,0,2,2,2,2,0,2,2,1,274.7342695,0,2,
/adult-learner/course-detail/NYP-CX241001/digital-photography-for-working-professionals,2025S1-sbm-acet,2,0,2,1,2,2,1,76.3337665,0,1,2,0,2,1,2,2,1,76.3337665,0,1,
/adult-learner/course-detail/NYP-CX241002/user-experience-for-everyone,cet-q1-2025,2,0,2,1,2,2,1,16.085332,0,0,2,0,2,1,2,2,1,16.085332,0,0,
/adult-learner/course-detail/NYP-CX241003/storytelling-using-generative-artificial-intelligence,2024s2-sbm-shortcourses,2,0,2,2,2,2,1,35.8488235,0,0,2,0,2,2,2,2,1,35.8488235,0,0,
/adult-learner/course-detail/NYP-CX245004/digital-content-and-visual-design-with-generative-ai,(referral),2,0,2,2,2,2,1,11.07931,0,0,2,0,2,2,2,2,1,11.07931,0,0,
/adult-learner/course-detail/NYP-DXEP06/work-study-post-diploma-specialist-dip-in-digital-content-creation-for-e-commerce,(not set),2,0,2,1,4,4,1,15.6965555,0.25,2,2,0,2,1,4,4,1,15.6965555,0.25,2,
/adult-learner/course-detail/NYP-DXEP06/work-study-post-diploma-specialist-dip-in-digital-content-creation-for-e-commerce,2025S1-sbm-acet,2,0,2,2,3,2,1.5,10.5284575,0,0,2,0,2,2,3,2,1.5,10.5284575,0,0,
/adult-learner/course-detail/NYP-DXEP06/work-study-post-diploma-specialist-dip-in-digital-content-creation-for-e-commerce,OH25,2,0,2,2,7,7,1,4.738159286,0.428571429,5,2,0,2,2,7,7,1,4.738159286,0.428571429,5,
/adult-learner/course-detail/NYP-DXEP07/work-study-post-diploma-programme-specialist-diploma-in-user-experience-design-and-management,cet-q1-2025#personal-development,2,0,2,1,2,2,1,547.0288105,0,1,2,0,2,1,2,2,1,547.0288105,0,1,
/adult-learner/course-detail/NYP-DXEP09/work-study-post-diploma-specialist-diploma-in-spatial-design,(not set),2,0,2,1,3,3,1,19.25676133,0,1,2,0,2,1,3,3,1,19.25676133,0,1,
/adult-learner/course-detail/NYP-DXSP01/specialist-diploma-in-smart-project-and-facilities-management,1.20218E+17,2,0,2,1,2,2,1,824.0631075,0,2,2,0,2,1,2,2,1,824.0631075,0,2,
/adult-learner/course-detail/NYP-DXSP02/specialist-diploma-in-visual-effects,cet-q1-2025#cybersecurity,2,0,1,1,3,3,1,6.229562,0.666666667,3,2,0,1,1,3,3,1,6.229562,0.666666667,3,
/adult-learner/course-detail/NYP-DXSP02/specialist-diploma-in-visual-effects,oh2025,2,0,2,1,3,2,1.5,115.3348075,0,1,2,0,2,1,3,2,1.5,115.3348075,0,1,
/adult-learner/course-detail/NYP-DXSP03/specialist-diploma-in-service-experience-design-and-innovation,cet-q1-2025#digital-marketing,2,0,2,1,2,2,1,21.828203,0,1,2,0,2,1,2,2,1,21.828203,0,1,
/adult-learner/course-detail/NYP-DXSP04/specialist-diploma-in-augmented-reality-and-virtual-reality,2025S1-sbm-acet,2,0,1,0,3,3,1,7.091683,0.666666667,3,2,0,1,0,3,3,1,7.091683,0.666666667,3,
/adult-learner/course-detail/NYP-DXSP06/specialist-diploma-in-digital-content-creation-for-e-commerce,cet-q1-2025#sustainability,2,0,2,1,2,2,1,31.7313765,0,1,2,0,2,1,2,2,1,31.7313765,0,1,
/adult-learner/course-detail/NYP-DXSP07/specialist-diploma-in-user-experience-design-and-management,2024s2-sbm-shortcourses,2,0,2,2,3,3,1,18.72192933,0,2,2,0,2,2,3,3,1,18.72192933,0,2,
/adult-learner/course-detail/NYP-DXSP07/specialist-diploma-in-user-experience-design-and-management,OH25,2,0,2,2,6,7,0.857142857,8.206010143,0.285714286,5,2,0,2,2,6,7,0.857142857,8.206010143,0.285714286,5,
/adult-learner/course-detail/NYP-DXSP07/specialist-diploma-in-user-experience-design-and-management,cet-q1-2025#engineering,2,0,0,0,2,2,1,0,1,2,2,0,0,0,2,2,1,0,1,2,
/adult-learner/course-detail/NYP-DXSP07/specialist-diploma-in-user-experience-design-and-management,cet-q1-2025#sustainability,2,0,2,1,2,2,1,11.646669,0,1,2,0,2,1,2,2,1,11.646669,0,1,
/adult-learner/course-detail/NYP-DXSP09/specialist-diploma-in-spatial-design,1.20218E+17,2,0,2,1,2,2,1,16.649469,0.5,2,2,0,2,1,2,2,1,16.649469,0.5,2,
/adult-learner/course-detail/NYP-DXSP09/specialist-diploma-in-spatial-design,2025S1-sbm-acet,2,0,0,0,3,3,1,9.991847667,0.333333333,3,2,0,0,0,3,3,1,9.991847667,0.333333333,3,
/adult-learner/course-detail/NYP-EG102W/apply-productivity-improvement-tools,(direct),2,0,2,2,2,2,1,27.171923,0,0,2,0,2,2,2,2,1,27.171923,0,0,
/adult-learner/course-detail/NYP-EG102W/apply-productivity-improvement-tools,cet-q1-2025,2,0,2,0,2,2,1,35.009418,0,0,2,0,2,0,2,2,1,35.009418,0,0,
/adult-learner/course-detail/NYP-EG103W/apply-mathematical-concepts-in-engineering-solutions,2025S1-sbm-acet,2,0,2,2,2,2,1,12.49802,0,1,2,0,2,2,2,2,1,12.49802,0,1,
/adult-learner/course-detail/NYP-EG121W/apply-computer-aided-manufacturing-cam-techniques,cet-q1-2025#engineering,2,0,2,0,2,2,1,35.7877725,0,1,2,0,2,0,2,2,1,35.7877725,0,1,
/adult-learner/course-detail/NYP-EG122W/apply-advanced-cnc-machining,2025S1-sbm-acet,2,0,2,1,3,3,1,114.804688,0,2,2,0,2,1,3,3,1,114.804688,0,2,
/adult-learner/course-detail/NYP-EG122W/apply-advanced-cnc-machining,cet-q1-2025#engineering,2,0,2,0,2,2,1,25.7184805,0,0,2,0,2,0,2,2,1,25.7184805,0,0,
/adult-learner/course-detail/NYP-EG123W/apply-advanced-toolroom-machining,cet-q1-2025#engineering,2,0,2,0,2,2,1,5.2473465,0,0,2,0,2,0,2,2,1,5.2473465,0,0,
/adult-learner/course-detail/NYP-EG124W/apply-process-optimisation-and-cutting-technologies,(direct),2,0,2,1,2,2,1,15.5169535,0,0,2,0,2,1,2,2,1,15.5169535,0,0,
/adult-learner/course-detail/NYP-EG203W/apply-advanced-manufacturing-technology-and-process,(not set),2,0,2,0,2,2,1,4.3483875,0,0,2,0,2,0,2,2,1,4.3483875,0,0,
/adult-learner/course-detail/NYP-EG204W/apply-pedagogy-methodology-for-the-workplace-part-1,cet-q1-2025,2,0,2,1,2,2,1,2.989821,0,1,2,0,2,1,2,2,1,2.989821,0,1,
/adult-learner/course-detail/NYP-EG901W/apply-additive-manufacturing-technology-pe-sf,2025S1-sbm-acet,2,0,2,1,2,2,1,5.089529,0,0,2,0,2,1,2,2,1,5.089529,0,0,
/adult-learner/course-detail/NYP-EGDP05/diploma-in-engineering-mechatronics,2024S2-sbm-acet,2,0,2,0,2,2,1,7.087467,0,1,2,0,2,0,2,2,1,7.087467,0,1,
/adult-learner/course-detail/NYP-EGDP05/diploma-in-engineering-mechatronics,2025S1-sbm-acet,2,0,2,1,4,3,1.333333333,144.2273773,0,0,2,0,2,1,4,3,1.333333333,144.2273773,0,0,
/adult-learner/course-detail/NYP-EGDP06/diploma-in-engineering-electronic-and-digital-engineering,cet-q1-2025#engineering,2,0,2,1,2,2,1,28.9787875,0,2,2,0,2,1,2,2,1,28.9787875,0,2,
/adult-learner/course-detail/NYP-EGDP07/diploma-in-engineering-public-transport-operations,cet-q1-2025#personal-development,2,0,2,0,2,2,1,0.9819895,0,1,2,0,2,0,2,2,1,0.9819895,0,1,
/adult-learner/course-detail/NYP-EGEP06/work-study-post-diploma-specialist-diploma-in-robotics-and-automation-systems-design,(not set),2,0,2,2,2,2,1,11.0114805,0,2,2,0,2,2,2,2,1,11.0114805,0,2,
/adult-learner/course-detail/NYP-EGQP09/wspostdip-wsq-specialist-diploma-in-precision-engineering-additive-manufacturing,(direct),2,0,2,1,3,2,1.5,60.4323015,0,1,2,0,2,1,3,2,1.5,60.4323015,0,1,
/adult-learner/course-detail/NYP-EGSP09/specialist-diploma-in-cloud-data-centre-technology-and-management,OH25,2,0,2,0,2,2,1,36.4078505,0,0,2,0,2,0,2,2,1,36.4078505,0,0,
/adult-learner/course-detail/NYP-EGSP14/specialist-diploma-in-edge-intelligence-and-embedded-systems,(referral),2,1,2,0,2,2,1,434.233286,0,2,2,1,2,0,2,2,1,434.233286,0,2,
/adult-learner/course-detail/NYP-EGSP15/specialist-diploma-in-cloud-security-and-iot-cloud-services,cet-q1-2025#engineering,2,0,2,0,2,2,1,0.5757975,0,1,2,0,2,0,2,2,1,0.5757975,0,1,
/adult-learner/course-detail/NYP-EGSP15/specialist-diploma-in-cloud-security-and-iot-cloud-services,oh2025,2,0,2,1,2,2,1,22.716816,0,0,2,0,2,1,2,2,1,22.716816,0,0,
/adult-learner/course-detail/NYP-EGSP18/specialist-diploma-in-biomedical-and-pharmaceutical-engineering,cet-q1-2025#personal-development,2,0,2,0,2,2,1,2.0366435,0,1,2,0,2,0,2,2,1,2.0366435,0,1,
/adult-learner/course-detail/NYP-EGSP19/specialist-diploma-in-robotics-and-automation-systems-design,2025S1-sbm-acet,2,0,2,0,2,2,1,20.9494525,0,0,2,0,2,0,2,2,1,20.9494525,0,0,
/adult-learner/course-detail/NYP-EGSP19/specialist-diploma-in-robotics-and-automation-systems-design,OH25,2,0,2,1,2,2,1,28.905788,0,1,2,0,2,1,2,2,1,28.905788,0,1,
/adult-learner/course-detail/NYP-EGSP19/specialist-diploma-in-robotics-and-automation-systems-design,cet-q1-2025#engineering,2,0,2,0,2,2,1,37.798378,0,0,2,0,2,0,2,2,1,37.798378,0,0,
/adult-learner/course-detail/NYP-EGSP21/specialist-diploma-in-carbon-management-for-sustainability-reporting,2025S1-sbm-acet,2,0,2,1,2,2,1,17.402552,0,1,2,0,2,1,2,2,1,17.402552,0,1,
/adult-learner/course-detail/NYP-EGSP22/specialist-diploma-in-sustainable-materials-management,OH25,2,0,2,1,2,2,1,58.843593,0,2,2,0,2,1,2,2,1,58.843593,0,2,
/adult-learner/course-detail/NYP-EGSP22/specialist-diploma-in-sustainable-materials-management,cet-q1-2025#personal-development,2,0,2,1,2,2,1,1.915495,0,1,2,0,2,1,2,2,1,1.915495,0,1,
/adult-learner/course-detail/NYP-EGSP23/specialist-diploma-in-iot-for-sustainable-solutioning,2025S1-sbm-acet,2,0,2,1,2,2,1,7.3462545,0,2,2,0,2,1,2,2,1,7.3462545,0,2,
/adult-learner/course-detail/NYP-EGSP23/specialist-diploma-in-iot-for-sustainable-solutioning,cet-q1-2025#sustainability,2,0,2,1,3,3,1,176.6111157,0,1,2,0,2,1,3,3,1,176.6111157,0,1,
/adult-learner/course-detail/NYP-EGSP23/specialist-diploma-in-iot-for-sustainable-solutioning,oh2025,2,0,2,1,2,2,1,71.8568635,0,2,2,0,2,1,2,2,1,71.8568635,0,2,
/adult-learner/course-detail/NYP-EGSPA1d/post-diploma-certificate-in-gxp-of-operations-management-part-of-specialist-diploma-in-biomedical-and-pharmaceutical-engineeringffdf,(direct),2,0,2,2,8,11,0.727272727,73.21259536,0.363636364,3,2,0,2,2,8,11,0.727272727,73.21259536,0.363636364,3,
/adult-learner/course-detail/NYP-EGSPA3,(direct),2,2,2,1,3,3,1,2808.695982,0.333333333,2,2,2,2,1,3,3,1,2808.695982,0.333333333,2,
/adult-learner/course-detail/NYP-EGSPA3/post-diploma-certificate-in-carbon-management-for-a-sustainable-economy-part-of-specialist-diploma-in-carbon-management-for-sustainability-reporting,cet-q1-2025#sustainability,2,0,2,0,3,2,1.5,129.587453,0,1,2,0,2,0,3,2,1.5,129.587453,0,1,
/adult-learner/course-detail/NYP-EGSPA4/post-diploma-certificate-in-sustainability-reporting-and-esg-data-management-part-of-specialist-diploma-in-carbon-management-for-sustainability-reporting,cil3-roadshow,2,0,2,1,5,5,1,60.3218466,0,1,2,0,2,1,5,5,1,60.3218466,0,1,
/adult-learner/course-detail/NYP-EGSPA4/post-diploma-certificate-in-sustainability-reporting-and-esg-data-management-part-of-specialist-diploma-in-carbon-management-for-sustainability-reporting,oh2025,2,0,2,0,4,2,2,128.0413015,0,0,2,0,2,0,4,2,2,128.0413015,0,0,
/adult-learner/course-detail/NYP-EGSPA6/post-diploma-certificate-in-iot-implementation-for-sustainability-solutioning-part-of-specialist-diploma-in-iot-for-sustainable-solutioning,cet-q1-2025#engineering,2,0,2,1,2,2,1,0.4604715,0,0,2,0,2,1,2,2,1,0.4604715,0,0,
/adult-learner/course-detail/NYP-EGSPA6/post-diploma-certificate-in-iot-implementation-for-sustainability-solutioning-part-of-specialist-diploma-in-iot-for-sustainable-solutioning,cet-q1-2025#personal-development,2,0,2,1,2,2,1,0.6915235,0,0,2,0,2,1,2,2,1,0.6915235,0,0,
/adult-learner/course-detail/NYP-EGSPA6/post-diploma-certificate-in-iot-implementation-for-sustainability-solutioning-part-of-specialist-diploma-in-iot-for-sustainable-solutioning,cet-q1-2025#sustainability,2,0,2,1,2,2,1,29.0541955,0,0,2,0,2,1,2,2,1,29.0541955,0,0,
/adult-learner/course-detail/NYP-EGSPA6/post-diploma-certificate-in-iot-implementation-for-sustainability-solutioning-part-of-specialist-diploma-in-iot-for-sustainable-solutioning,oh2025,2,0,2,2,2,2,1,7.377218,0,0,2,0,2,2,2,2,1,7.377218,0,0,
/adult-learner/course-detail/NYP-HSAF26/advanced-diploma-in-nursing-neuroscience,2024S2-sbm-acet,2,0,2,0,2,2,1,47.9478085,0,0,2,0,2,0,2,2,1,47.9478085,0,0,
/adult-learner/course-detail/NYP-HSAF29/advanced-diploma-in-nursing-medical-surgical,(not set),2,0,2,1,2,3,0.666666667,28.432286,0.333333333,1,2,0,2,1,2,3,0.666666667,28.432286,0.333333333,1,
/adult-learner/course-detail/NYP-HSAF31/advanced-diploma-in-nursing-nephro-urology,(not set),2,0,2,1,2,2,1,214.8445215,0,1,2,0,2,1,2,2,1,214.8445215,0,1,
/adult-learner/course-detail/NYP-HSAF31/advanced-diploma-in-nursing-nephro-urology,oh2025,2,0,2,0,2,2,1,286.379956,0,2,2,0,2,0,2,2,1,286.379956,0,2,
/adult-learner/course-detail/NYP-HSAF32/advanced-diploma-in-nursing-community-health,2025S1-sbm-acet,2,0,2,2,2,2,1,28.783747,0,0,2,0,2,2,2,2,1,28.783747,0,0,
/adult-learner/course-detail/NYP-HSAF34/advanced-diploma-in-nursing-perianaesthesia,(organic),2,1,1,0,2,2,1,0.7682735,0.5,1,2,1,1,0,2,2,1,0.7682735,0.5,1,
/adult-learner/course-detail/NYP-HSAF35/advanced-diploma-in-nursing-palliative-care,(not set),2,0,2,1,2,2,1,68.431415,0,1,2,0,2,1,2,2,1,68.431415,0,1,
/adult-learner/course-detail/NYP-HSAF35/advanced-diploma-in-nursing-palliative-care,2025S1-sbm-acet,2,0,2,1,2,2,1,966.786449,0,0,2,0,2,1,2,2,1,966.786449,0,0,
/adult-learner/course-detail/NYP-HSAF39/advanced-diploma-in-nursing-critical-care-adcc1,2025S1-sbm-acet,2,0,2,1,2,2,1,15.357745,0.5,1,2,0,2,1,2,2,1,15.357745,0.5,1,
/adult-learner/course-detail/NYP-HSAF40/advanced-diploma-in-nursing-emergency-adem1,(referral),2,0,2,1,3,3,1,19.25823533,0,0,2,0,2,1,3,3,1,19.25823533,0,0,
/adult-learner/course-detail/NYP-HSAF44/advanced-diploma-in-nursing-midwifery-admw1,oh2025,2,0,2,2,2,3,0.666666667,18.70777333,0.333333333,1,2,0,2,2,2,3,0.666666667,18.70777333,0.333333333,1,
/adult-learner/course-detail/NYP-HSAF45/advanced-diploma-in-nursing-nephro-urology-adnu1,2025S1-sbm-acet,2,0,2,0,2,2,1,9.7347845,0,1,2,0,2,0,2,2,1,9.7347845,0,1,
/adult-learner/course-detail/NYP-HSAF47/advanced-diploma-in-nursing-oncology-adoc1,(referral),2,1,2,0,2,2,1,69.6752115,0,1,2,1,2,0,2,2,1,69.6752115,0,1,
/adult-learner/course-detail/NYP-HSAF47/advanced-diploma-in-nursing-oncology-adoc1,oh2025,2,0,2,2,9,7,1.285714286,76.55089086,0.571428571,7,2,0,2,2,9,7,1.285714286,76.55089086,0.571428571,7,
/adult-learner/course-detail/NYP-HSAF48/advanced-diploma-in-nursing-orthopaedics-adod1,(referral),2,1,2,0,2,2,1,7.4077185,0,1,2,1,2,0,2,2,1,7.4077185,0,1,
/adult-learner/course-detail/NYP-HSAF51/advanced-diploma-in-nursing-perianaesthesia-adpa1,(referral),2,0,2,1,3,3,1,8.032725333,0,0,2,0,2,1,3,3,1,8.032725333,0,0,
/adult-learner/course-detail/NYP-HSSP09/specialist-diploma-in-nursing-diabetes-management-and-education,oh2025,2,0,2,2,2,2,1,39.6828905,0,0,2,0,2,2,2,2,1,39.6828905,0,0,
/adult-learner/course-detail/NYP-HSSP14/specialist-diploma-in-clinical-education,oh2025,2,0,2,1,2,2,1,19.4004775,0,0,2,0,2,1,2,2,1,19.4004775,0,0,
/adult-learner/course-detail/NYP-HSSP15/specialist-diploma-in-nursing-ear-nose-and-throat,OH25,2,0,2,1,2,2,1,171.60925,0,1,2,0,2,1,2,2,1,171.60925,0,1,
/adult-learner/course-detail/NYP-HSSP16/specialist-diploma-in-nursing-endoscopy,(not set),2,0,2,0,2,2,1,7.698749,0,0,2,0,2,0,2,2,1,7.698749,0,0,
/adult-learner/course-detail/NYP-HSSP18/specialist-diploma-in-nursing-gerontology,2025S1-sbm-acet,2,0,2,0,2,2,1,28.460122,0,0,2,0,2,0,2,2,1,28.460122,0,0,
/adult-learner/course-detail/NYP-ITLP01/work-study-certificate-leading-to-diploma-in-infocomm-and-digital-media-it-network-and-system-administration-dinsa2,OH25,2,0,2,1,3,3,1,75.03493933,0,0,2,0,2,1,3,3,1,75.03493933,0,0,
/adult-learner/course-detail/NYP-ITSP08/specialist-diploma-in-cybersecurity,OH25,2,0,2,0,4,2,2,16.8122375,0,1,2,0,2,0,4,2,2,16.8122375,0,1,
/adult-learner/course-detail/NYP-ITSP09/specialist-diploma-in-business-and-big-data-analytics,1.20218E+17,2,0,2,0,4,2,2,35.166287,0,0,2,0,2,0,4,2,2,35.166287,0,0,
/adult-learner/course-detail/NYP-ITSP09/specialist-diploma-in-business-and-big-data-analytics,OH25,2,0,2,2,5,4,1.25,160.5970345,0.25,3,2,0,2,2,5,4,1.25,160.5970345,0.25,3,
/adult-learner/course-detail/NYP-ITSP12/specialist-diploma-in-applied-artificial-intelligence,OH25,2,0,2,1,2,2,1,424.0645995,0,0,2,0,2,1,2,2,1,424.0645995,0,0,
/adult-learner/course-detail/NYP-ITSP12/specialist-diploma-in-applied-artificial-intelligence-pcm,1.20218E+17,2,0,2,0,2,2,1,37.5947925,0,1,2,0,2,0,2,2,1,37.5947925,0,1,
/adult-learner/course-detail/NYP-ITSPA1/post-diploma-certificate-in-business-analytics-part-of-specialist-diploma-in-business-and-big-data-analytics,2024S2-sbm-acet,2,0,2,0,2,2,1,13.675847,0,0,2,0,2,0,2,2,1,13.675847,0,0,
/adult-learner/course-detail/NYP-JC1A15/mentoring-for-the-workplace,(direct),2,2,2,0,2,2,1,0,1,2,2,2,2,0,2,2,1,0,1,2,
/adult-learner/course-detail/NYP-JC1A15/mentoring-for-the-workplace,(organic),2,0,2,1,2,2,1,8.500154,0,1,2,0,2,1,2,2,1,8.500154,0,1,
/adult-learner/course-detail/NYP-JC1A20/mentoring-for-the-workplace,(referral),2,1,2,1,2,2,1,26.6490305,0,0,2,1,2,1,2,2,1,26.6490305,0,0,
/adult-learner/course-detail/NYP-JC1A20/mentoring-for-the-workplace,2025S1-sbm-acet,2,0,2,1,2,2,1,33.908348,0,0,2,0,2,1,2,2,1,33.908348,0,0,
/adult-learner/course-detail/NYP-JC1A21/coaching-for-the-workplace,2025S1-sbm-acet,2,0,2,2,2,2,1,5.915877,0,0,2,0,2,2,2,2,1,5.915877,0,0,
/adult-learner/course-detail/NYP-JC1A21/coaching-for-the-workplace,cet-q1-2025#personal-development,2,0,2,0,2,2,1,9.4897195,0,0,2,0,2,0,2,2,1,9.4897195,0,0,
/adult-learner/course-detail/NYP-JC1A21/coaching-for-the-workplace,oh2025,2,0,2,2,2,2,1,7.2451505,0,1,2,0,2,2,2,2,1,7.2451505,0,1,
/adult-learner/course-detail/NYP-JC1A31/assessing-and-reviewing-workplace-learning,(referral),2,1,2,1,6,3,2,60.99272433,0,2,2,1,2,1,6,3,2,60.99272433,0,2,
/adult-learner/course-detail/NYP-JC1A33/building-a-culture-of-learning-best-practices-and-actionable-strategies-for-managers,(not set),2,0,2,2,4,3,1.333333333,72.92269933,0,0,2,0,2,2,4,3,1.333333333,72.92269933,0,0,
/adult-learner/course-detail/NYP-JC1D02/a-new-dimension-in-workplace-learning-to-drive-business-growth-innovating-and-benchmarking-with-switzerlands-best-in-class,(direct),2,0,2,2,2,2,1,21.605512,0,0,2,0,2,2,2,2,1,21.605512,0,0,
/adult-learner/course-detail/NYP-JC1D02/a-new-dimension-in-workplace-learning-to-drive-business-growth-innovating-and-benchmarking-with-switzerlands-best-in-class,(organic),2,0,2,1,3,3,1,69.11445333,0,1,2,0,2,1,3,3,1,69.11445333,0,1,
/adult-learner/course-detail/NYP-JC1D02/workplace-learning-with-switzerlands-best-in-class,(organic),2,0,2,1,2,2,1,51.1899235,0,0,2,0,2,1,2,2,1,51.1899235,0,0,
/adult-learner/course-detail/NYP-JC1D03/a-new-dimension-in-workplace-learning-to-drive-business-growth-innovating-and-benchmarking-with-japans-best-in-class,(not set),2,0,2,2,2,2,1,23.638121,0,0,2,0,2,2,2,2,1,23.638121,0,0,
/adult-learner/course-detail/NYP-JC1D04/best-in-class-workplace-learning-strategies-learning-and-adapting-from-germany,(referral),2,0,2,0,2,2,1,30.1122735,0,0,2,0,2,0,2,2,1,30.1122735,0,0,
/adult-learner/course-detail/NYP-JC1D04/best-in-class-workplace-learning-strategies-learning-and-adapting-from-germany,cet-q1-2025#personal-development,2,0,2,0,2,2,1,8.738106,0,1,2,0,2,0,2,2,1,8.738106,0,1,
/adult-learner/course-detail/NYP-SI4014_010/mobile-photography-with-your-smartphone-take-amazing-photos-tell-amazing-stories-classroom-facilitated-asynchronous-e-learning,cet-q1-2025#digital-marketing,2,0,2,1,2,2,1,60.676366,0,1,2,0,2,1,2,2,1,60.676366,0,1,
/adult-learner/course-detail/NYP-SI4022_013/getting-started-on-lazada-onboarding,(not set),2,0,2,0,2,2,1,18.136057,0,0,2,0,2,0,2,2,1,18.136057,0,0,
/adult-learner/course-detail/NYP-SI4022_013/getting-started-on-lazada-onboarding,cet-q1-2025,2,0,2,1,2,2,1,98.7346675,0,0,2,0,2,1,2,2,1,98.7346675,0,0,
/adult-learner/course-detail/NYP-SI4024_022/be-the-best-service-ambassador-for-your-organisation,(direct),2,1,2,0,2,2,1,1.311877,0.5,1,2,1,2,0,2,2,1,1.311877,0.5,1,
/adult-learner/course-detail/NYP-SI4024_041/lego-play-for-teams-classroom-facilitated-asynchronous-e-learning,(direct),2,0,2,1,2,2,1,527.522397,0,0,2,0,2,1,2,2,1,527.522397,0,0,
/adult-learner/course-detail/NYP-SI4024_041/lego-play-for-teams-classroom-facilitated-asynchronous-e-learning,cet-q1-2025,2,0,2,0,3,2,1.5,14.4086895,0,0,2,0,2,0,3,2,1.5,14.4086895,0,0,
/adult-learner/course-detail/NYP-SI4024_043/sustainability-everyday-reuse-reduce-and-recycle-plus-learn-mobile-photography-with-ecommerce-tips-classroom-facilitated-asynchronous-e-learning,(organic),2,2,2,0,2,2,1,15.3437945,0,1,2,2,2,0,2,2,1,15.3437945,0,1,
/adult-learner/course-detail/NYP-SI4025_010/how-to-become-a-youtuber-and-get-paid-classroom-facilitated-asynchronous-e-learning,(referral),2,2,2,0,2,2,1,292.786474,0,2,2,2,2,0,2,2,1,292.786474,0,2,
/adult-learner/course-detail/NYP-SI4025_011/generate-leads-for-free-and-maximise-your-sales-conversions-classroom-facilitated-asynchronous-e-learning,(organic),2,0,2,1,2,2,1,30.4935965,0.5,1,2,0,2,1,2,2,1,30.4935965,0.5,1,
/adult-learner/course-detail/NYP-SI4025_011/generate-leads-for-free-and-maximise-your-sales-conversions-classroom-facilitated-asynchronous-e-learning,2025S1-sbm-acet,2,0,2,1,2,2,1,7.39882,0,0,2,0,2,1,2,2,1,7.39882,0,0,
/adult-learner/course-detail/NYP-SI4025_021/cross-border-e-commerce-mastering-selling-strategies-on-amazoncom-classroom-facilitated-asynchronous-e-learning,(not set),2,0,2,0,2,2,1,0.1193645,0,0,2,0,2,0,2,2,1,0.1193645,0,0,
/adult-learner/course-detail/NYP-SI4025_022/start-your-business-at-no-cost-using-affiliate-marketing-classroom-facilitated-asynchronous-e-learning,(referral),2,0,2,0,2,2,1,160.7840815,0,0,2,0,2,0,2,2,1,160.7840815,0,0,
/adult-learner/course-detail/NYP-SI4025_022/start-your-business-at-no-cost-using-affiliate-marketing-classroom-facilitated-asynchronous-e-learning,2025S1-sbm-acet,2,0,2,1,2,2,1,12.1332855,0,1,2,0,2,1,2,2,1,12.1332855,0,1,
/adult-learner/course-detail/NYP-SI4025_023/omnichannel-content-marketing-and-leads-generation-classroom-facilitated-asynchronous-e-learning,(not set),2,0,2,0,2,2,1,3.1668515,0,0,2,0,2,0,2,2,1,3.1668515,0,0,
/adult-learner/course-detail/NYP-SI4031_005/getting-started-on-shopee-onboarding,2025S1-sbm-acet,2,0,2,2,2,2,1,516.4574045,0,1,2,0,2,2,2,2,1,516.4574045,0,1,
/adult-learner/course-detail/NYP-SI4032_801/alibaba-ceo-master-programme,cet-q1-2025,2,0,2,0,2,2,1,137.9824815,0,0,2,0,2,0,2,2,1,137.9824815,0,0,
/adult-learner/course-detail/NYP-SI4034_010/professional-certificate-in-digital-retail-entertainment,(organic),2,0,2,1,2,2,1,145.248078,0,1,2,0,2,1,2,2,1,145.248078,0,1,
/adult-learner/course-detail/NYP-SI4047_002/boost-your-business-with-social-commerce-part-2,(not set),2,0,2,0,2,2,1,1.398292,0,0,2,0,2,0,2,2,1,1.398292,0,0,
/adult-learner/course-detail/NYP-SI4047_003/social-commerce-boost-awareness-and-engagement-to-drive-your-business-growth-part-1-classroom-facilitated-practical-training-asynchronous-e-learning,(not set),2,0,2,0,2,2,1,0.1033255,0,0,2,0,2,0,2,2,1,0.1033255,0,0,
/adult-learner/course-detail/NYP-SI4047_003/social-commerce-boost-awareness-and-engagement-to-drive-your-business-growth-part-1-classroom-facilitated-practical-training-asynchronous-e-learning,cet-q1-2025#digital-marketing,2,0,2,0,2,2,1,9.204244,0,0,2,0,2,0,2,2,1,9.204244,0,0,
/adult-learner/course-detail/NYP-SI4047_004/social-commerce-boost-awareness-and-engagement-to-drive-your-business-growth-part-2-classroom-facilitated-practical-training-asynchronous-e-learning,cet-q1-2025#digital-marketing,2,0,2,0,2,2,1,5.842283,0,0,2,0,2,0,2,2,1,5.842283,0,0,
/adult-learner/course-detail/NYP-SI4052_002/casetrust-accreditation-scheme-for-e-commerce-business-individual-training-2-classroom-facilitated-practical-training,(not set),2,1,2,0,2,2,1,0.3878655,0.5,1,2,1,2,0,2,2,1,0.3878655,0.5,1,
/adult-learner/course-detail/NYP-SI4054_002/enhanced-hvmp-heartland-visual-merchandising-programme,(not set),2,0,2,0,2,3,0.666666667,0.750117333,0.333333333,1,2,0,2,0,2,3,0.666666667,0.750117333,0.333333333,1,
/adult-learner/course-detail/NYP-SI4058_003/cybersecurity-critical-protection-for-your-business-classroom-facilitated-practical-training-asynchronous-e-learning,cet-q1-2025,2,0,2,0,2,2,1,15.7978415,0,0,2,0,2,0,2,2,1,15.7978415,0,0,
/adult-learner/course-detail/NYP-SI4059_002/generative-ai-content-creation-super-sprint-your-sales-and-marketing-performance-practical,(not set),2,0,2,1,2,2,1,84.626785,0,1,2,0,2,1,2,2,1,84.626785,0,1,
/adult-learner/course-detail/NYP-SI4059_002/generative-ai-content-creation-super-sprint-your-sales-and-marketing-performance-practical,cet-q1-2025,2,0,2,0,3,2,1.5,29.978257,0,0,2,0,2,0,3,2,1.5,29.978257,0,0,
/adult-learner/course-detail/NYP-SI4059_003/cybersecurity-workshop-critical-protection-for-your-business-practical-asynchronous-e-learning,(not set),2,0,2,0,2,2,1,343.4081185,0,1,2,0,2,0,2,2,1,343.4081185,0,1,
/adult-learner/course-detail/NYP-SI4059_004/generative-ai-content-creation-workshop-super-sprint-sales-and-marketing-performance-practical-asynchronous-e-learning,(referral),2,0,2,1,2,3,0.666666667,26.407924,0.333333333,1,2,0,2,1,2,3,0.666666667,26.407924,0.333333333,1,
/adult-learner/course-detail/NYP-SI4060_005/supercharge-sales-with-automated-omnichannel-integration-classroom-facilitated-practical-training-asynchronous-e-learning,cet-q1-2025#personal-development,2,0,2,1,2,2,1,2.058643,0,0,2,0,2,1,2,2,1,2.058643,0,0,
/adult-learner/course-detail/NYP-SI4062_003/tiktok-shop-optimise-your-social-media-marketing-engagement-and-boost-your-sales-classroom-facilitated-asynchronous-e-learning,cet-q1-2025,2,0,2,0,2,2,1,292.1649095,0,0,2,0,2,0,2,2,1,292.1649095,0,0,
/adult-learner/course-detail/NYP-SI4062_004/mastering-the-art-of-making-a-powerful-sales-pitch-classroom-facilitated-asynchronous-e-learning,(direct),2,0,2,2,2,2,1,38.2800125,0,0,2,0,2,2,2,2,1,38.2800125,0,0,
/adult-learner/course-detail/NYP-SI4063_002/tiktok-shop-optimise-your-social-media-marketing-engagement-and-boost-your-sales-classroom-facilitated-asynchronous-e-learning,(referral),2,0,2,0,2,2,1,41.853213,0,0,2,0,2,0,2,2,1,41.853213,0,0,
/adult-learner/course-detail/NYP-SI4063_002/tiktok-shop-optimise-your-social-media-marketing-engagement-and-boost-your-sales-classroom-facilitated-asynchronous-e-learning,cet-q1-2025#personal-development,2,0,2,0,4,2,2,36.17655,0,0,2,0,2,0,4,2,2,36.17655,0,0,
/adult-learner/course-detail/NYP-SI4064_007/youtube-content-creation-develop-your-unique-brand-that-stands-out-and-drives-engagement-classroom-facilitated-asynchronous-e-learning,(not set),2,0,2,0,2,2,1,78.8583245,0,0,2,0,2,0,2,2,1,78.8583245,0,0,
/adult-learner/course-detail/NYP-SI4064_007/youtube-content-creation-develop-your-unique-brand-that-stands-out-and-drives-engagement-classroom-facilitated-asynchronous-e-learning,(referral),2,0,2,0,2,2,1,691.1795185,0,1,2,0,2,0,2,2,1,691.1795185,0,1,
/adult-learner/course-detail/NYP-SI4065_001/social-commerce-xiao-hong-shu-xhs-classroom-facilitated-practical-training-asynchronous-e-learning,(not set),2,1,2,0,2,2,1,0.2212015,0,0,2,1,2,0,2,2,1,0.2212015,0,0,
/adult-learner/course-detail/NYP-SI4068_001/ai-content-creation-with-designsai-smarter-faster-easier-classroom-facilitated-practical-training-asynchronous-e-learning,(not set),2,0,2,0,2,2,1,4.7515925,0,0,2,0,2,0,2,2,1,4.7515925,0,0,
/adult-learner/course-detail/NYP-SI4068_001/ai-content-creation-with-designsai-smarter-faster-easier-classroom-facilitated-practical-training-asynchronous-e-learning,(referral),2,0,2,1,2,2,1,7.6847945,0,2,2,0,2,1,2,2,1,7.6847945,0,2,
/adult-learner/course-detail/NYP-SI4068_001/ai-content-creation-with-designsai-smarter-faster-easier-classroom-facilitated-practical-training-asynchronous-e-learning,cet-q1-2025,2,0,2,2,2,2,1,26.7045615,0,0,2,0,2,2,2,2,1,26.7045615,0,0,
/adult-learner/course-detail/NYP-SI4069_001/digital-commerce-and-marketing-developing-a-digital-omnichannel-business-to-drive-success-classroom-facilitated-practical-training-asynchronous-e-learning,(direct),2,0,2,1,2,2,1,49.2452555,0,0,2,0,2,1,2,2,1,49.2452555,0,0,
/adult-learner/course-detail/NYP-SI7025_002/fundamentals-to-starting-an-online-business-classroom-facilitated,2024s2-sbm-shortcourses,2,0,2,2,3,3,1,16.60392167,0,1,2,0,2,2,3,3,1,16.60392167,0,1,
/adult-learner/course-detail/NYP-SI7025_013/introduction-to-digital-marketing-classroom-facilitated,(not set),2,0,2,2,4,4,1,36.19894625,0.5,0,2,0,2,2,4,4,1,36.19894625,0.5,0,
/adult-learner/course-detail/NYP-SI7025_013/introduction-to-digital-marketing-classroom-facilitated,cet-q1-2025#personal-development,2,0,2,1,3,2,1.5,43.220287,0,2,2,0,2,1,3,2,1.5,43.220287,0,2,
/adult-learner/course-detail/NYP-SI7025_014/sf-series-personal-online-branding-classroom-facilitated,oh2025,2,0,2,2,2,2,1,6.5044065,0,1,2,0,2,2,2,2,1,6.5044065,0,1,
/adult-learner/course-detail/NYP-SI7026_002/basics-in-content-generation-classroom-facilitated,cet-q1-2025#cybersecurity,2,0,2,0,2,2,1,96.1105885,0,0,2,0,2,0,2,2,1,96.1105885,0,0,
/adult-learner/course-detail/NYP-SI7062/digitalisation-for-retail-skillsfuture-for-digital-workplace-20-classroom-facilitated,cet-q1-2025,2,0,2,0,2,2,1,146.212167,0,0,2,0,2,0,2,2,1,146.212167,0,0,
/adult-learner/course-detail/NYP-SI7065_002/ai-productivity-boost-unleash-efficiency-and-creativity-with-chatgpt-for-beginnners,(direct),2,0,2,0,2,2,1,102.342562,0,0,2,0,2,0,2,2,1,102.342562,0,0,
/adult-learner/course-detail/NYP-SI7065_002/ai-productivity-boost-unleash-efficiency-and-creativity-with-chatgpt-for-beginnners,(organic),2,0,2,1,2,2,1,35.244395,0,0,2,0,2,1,2,2,1,35.244395,0,0,
/adult-learner/course-detail/NYP-SI7065_002/ai-productivity-boost-unleash-efficiency-and-creativity-with-chatgpt-for-beginnners,(referral),2,0,2,1,2,2,1,86.757039,0,0,2,0,2,1,2,2,1,86.757039,0,0,
/adult-learner/course-detail/NYP-SI7070_001/navigating-ai-and-sustainability-in-the-future-of-business,(not set),2,1,2,1,2,2,1,237.945267,0,1,2,1,2,1,2,2,1,237.945267,0,1,
/adult-learner/course-detail/NYP-SI7071_002/sf-series-personal-online-branding-classroom-facilitated,cet-q1-2025,2,0,2,1,3,2,1.5,38.2086085,0,0,2,0,2,1,3,2,1.5,38.2086085,0,0,
/adult-learner/course-detail/NYP-SI7073_001/mobile-photography-inspiring-the-human-connection-classroom-facilitated,2025S1-sbm-acet,2,0,2,2,2,2,1,2.4249675,0,1,2,0,2,2,2,2,1,2.4249675,0,1,
/adult-learner/course-detail/NYP-SI7073_001/mobile-photography-inspiring-the-human-connection-classroom-facilitated,oh2025,2,0,2,2,2,2,1,34.170714,0,0,2,0,2,2,2,2,1,34.170714,0,0,
/adult-learner/course-detail/NYP-SI7073_002/mobile-photography-turning-products-into-visual-stories-classroom-facilitated,(referral),2,1,2,0,2,2,1,101.171823,0,1,2,1,2,0,2,2,1,101.171823,0,1,
/adult-learner/course-detail/NYP-SI7073_003/mobile-videography-film-edit-and-post-your-amazing-stories-classroom-facilitated,cet-q1-2025#personal-development,2,0,2,0,2,2,1,22.6316855,0,2,2,0,2,0,2,2,1,22.6316855,0,2,
/adult-learner/course-detail/NYP-SI7073_004/generative-ai-get-informed-entertained-and-inspired-with-microsoft-copilot-classroom-facilitated,1.20218E+17,2,0,2,1,2,2,1,16.622648,0,1,2,0,2,1,2,2,1,16.622648,0,1,
/adult-learner/course-detail/NYP-SI7073_005/generative-ai-smarter-faster-easier-content-creation-on-designsai-classroom-facilitated,cet-q1-2025#digital-marketing,2,0,2,2,2,2,1,78.8627765,0,1,2,0,2,2,2,2,1,78.8627765,0,1,
/adult-learner/course-detail/NYP-SI8032_004/service-excellence,(direct),2,0,2,1,2,2,1,113.4002875,0,1,2,0,2,1,2,2,1,113.4002875,0,1,
/adult-learner/course-detail/NYP-SI8032_004/service-excellence,(referral),2,1,2,1,2,2,1,17.1027535,0.5,2,2,1,2,1,2,2,1,17.1027535,0.5,2,
/adult-learner/course-detail/NYP-SI8032_004/service-excellence,cet-q1-2025,2,0,2,0,3,2,1.5,16.452656,0,0,2,0,2,0,3,2,1.5,16.452656,0,0,
/adult-learner/course-detail/NYP-SI8035_002/digitalisation-for-food-services-skillsfuture-for-digital-workplace-20,(not set),2,0,2,0,2,2,1,37.368447,0,1,2,0,2,0,2,2,1,37.368447,0,1,
/adult-learner/course-detail/NYP-SI8038_001/ang-ku-kueh-delights,(referral),2,0,2,1,2,3,0.666666667,48.44850633,0,2,2,0,2,1,2,3,0.666666667,48.44850633,0,2,
/adult-learner/course-detail/NYP-SI8039_001/chwee-kuey-and-char-kueh,(referral),2,0,2,1,2,2,1,29.6784035,0,0,2,0,2,1,2,2,1,29.6784035,0,0,
/adult-learner/course-detail/NYP-SI8039_001/chwee-kuey-and-char-kueh,cet-q1-2025,2,0,2,2,2,2,1,155.115393,0,0,2,0,2,2,2,2,1,155.115393,0,0,
/adult-learner/course-detail/NYP-SI8042_001/wholesome-confinement-essentials,(not set),2,0,2,1,2,2,1,36.3332315,0,1,2,0,2,1,2,2,1,36.3332315,0,1,
/adult-learner/course-detail/NYP-SI8043_001/wagashi,(referral),2,0,2,0,2,2,1,50.416135,0,0,2,0,2,0,2,2,1,50.416135,0,0,
/adult-learner/course-detail/NYP-SI8044_001/introduction-to-jelly-art,(referral),2,0,2,0,2,2,1,27.64843,0,0,2,0,2,0,2,2,1,27.64843,0,0,
/adult-learner/course-detail/NYP-WSCA05_001/food-safety-course-level-3,oh2025,2,0,2,1,4,4,1,8.06780575,0.5,4,2,0,2,1,4,4,1,8.06780575,0.5,4,
/adult-learner/course-detail/NYP-WSCA05_004/prepare-basic-indian-cuisine,(direct),2,0,2,0,2,2,1,27.9434775,0,1,2,0,2,0,2,2,1,27.9434775,0,1,
/adult-learner/course-detail/NYP-WSCA05_004/prepare-basic-indian-cuisine,cet-q1-2025,2,0,2,1,2,2,1,19.180544,0,0,2,0,2,1,2,2,1,19.180544,0,0,
/adult-learner/course-detail/NYP-WSCA05_005/demonstrate-chinese-moist-heat-cooking,(organic),2,0,2,1,2,2,1,10.52196,0,0,2,0,2,1,2,2,1,10.52196,0,0,
/adult-learner/course-detail/NYP-WSCA05_006/facilitate-effective-communication-and-engagement-at-the-workplace,cet-q1-2025,2,0,2,1,3,3,1,48.36967133,0.333333333,1,2,0,2,1,3,3,1,48.36967133,0.333333333,1,
/adult-learner/course-detail/NYP-WSCA05_008/prepare-singapore-heritage-cuisine,cet-q1-2025,2,0,2,0,2,2,1,49.847636,0,0,2,0,2,0,2,2,1,49.847636,0,0,
/adult-learner/course-detail/NYP-WSCC09_001/tea-diffusion-and-coffee-brewing,cet-q1-2025,2,0,2,0,2,2,1,58.4834095,0,1,2,0,2,0,2,2,1,58.4834095,0,1,
/adult-learner/course-detail/NYP-WSCC10_019/food-safety-course-level-1,2025S1-sbm-acet,2,0,2,1,4,2,2,616.137265,0,0,2,0,2,1,4,2,2,616.137265,0,0,
/adult-learner/course-detail/NYP-WSCC11_004/food-safety-course-level-1,(organic),2,0,2,1,3,2,1.5,81.3339405,0,0,2,0,2,1,3,2,1.5,81.3339405,0,0,
/adult-learner/course-detail/NYP-WSCC12_014/demonstrate-malay-dry-heat-cooking,(organic),2,0,2,1,2,2,1,7.283822,0,1,2,0,2,1,2,2,1,7.283822,0,1,
/adult-learner/course-detail/NYP-WSCD10_001/wines-of-the-new-world,(organic),2,0,2,2,3,3,1,6.064550667,0.333333333,2,2,0,2,2,3,3,1,6.064550667,0.333333333,2,
/adult-learner/course-detail/NYP-WSCD11_003/menu-engineering-and-recipe-costing,2025S1-sbm-acet,2,0,2,1,2,2,1,70.489096,0,0,2,0,2,1,2,2,1,70.489096,0,0,
/adult-learner/course-detail/NYP-WSCD11_003/menu-engineering-and-recipe-costing,cet-q1-2025,2,0,2,2,3,3,1,13.435667,0.333333333,3,2,0,2,2,3,3,1,13.435667,0.333333333,3,
/adult-learner/course-detail/NYP-WSCD11_004/foster-entrepreneurship,(direct),2,0,2,1,2,2,1,6.5409075,0,0,2,0,2,1,2,2,1,6.5409075,0,0,
/adult-learner/course-detail/NYP-WSCD11_005/develop-customer-service-excellence,2025S1-sbm-acet,2,0,2,1,2,2,1,79.7917575,0,0,2,0,2,1,2,2,1,79.7917575,0,0,
/adult-learner/course-detail/NYP-WSCD11_005/develop-customer-service-excellence,cet-q1-2025,2,0,2,0,2,2,1,36.560477,0,0,2,0,2,0,2,2,1,36.560477,0,0,
/adult-learner/course-detail/NYP-WSCD11_007/maintain-inventories,(referral),2,0,2,1,2,2,1,494.4926305,0,0,2,0,2,1,2,2,1,494.4926305,0,0,
/adult-learner/course-detail/NYP-WSCD11_007/maintain-inventories,cet-q1-2025,2,0,2,0,2,2,1,80.4599025,0,0,2,0,2,0,2,2,1,80.4599025,0,0,
/adult-learner/course-detail/NYP-WSCD11_008/develop-marketing-campaigns,(not set),2,0,2,0,2,2,1,78.178681,0,1,2,0,2,0,2,2,1,78.178681,0,1,
/adult-learner/course-detail/NYP-WSCD11_801/diploma-in-food-services,2025S1-sbm-acet,2,0,2,1,3,3,1,93.1508,0,0,2,0,2,1,3,3,1,93.1508,0,0,
/adult-learner/course-detail/NYP-WSCM11_003/wine-appreciation-and-oenology,(organic),2,1,2,0,2,2,1,35.2034085,0.5,1,2,1,2,0,2,2,1,35.2034085,0.5,1,
/adult-learner/course-detail/NYP-WSCP24_001/hawker-heritage-series-singapore-style-hainanese-chicken-rice,(organic),2,2,2,0,2,2,1,3.6203595,0.5,1,2,2,2,0,2,2,1,3.6203595,0.5,1,
/adult-learner/course-detail/NYP-WSCP24_007/hawker-heritage-series-chwee-kueh-and-char-kueh,(organic),2,1,2,0,2,2,1,87.0844775,0.5,1,2,1,2,0,2,2,1,87.0844775,0.5,1,
/adult-learner/course-detail/NYP-WSCP28_026/hearty-korean-dishes,(direct),2,0,2,0,2,2,1,3.7279905,0,0,2,0,2,0,2,2,1,3.7279905,0,0,
/adult-learner/course-detail/NYP-WSCP28_029/british-favourites,(organic),2,0,2,0,2,2,1,22.331266,0,1,2,0,2,0,2,2,1,22.331266,0,1,
/adult-learner/course-detail/NYP-WSCP28_030/singapore-street-favourites,(direct),2,1,2,0,2,2,1,0.3547845,0.5,1,2,1,2,0,2,2,1,0.3547845,0.5,1,
/adult-learner/course-detail/NYP-WSCP29_041/chestnut-delights,(organic),2,2,2,0,2,2,1,13.7062515,0.5,2,2,2,2,0,2,2,1,13.7062515,0.5,2,
/adult-learner/course-detail/NYP-WSCP32_007/food-safety-course-level-1-chinese,(organic),2,1,2,0,2,2,1,5.7049545,0.5,1,2,1,2,0,2,2,1,5.7049545,0.5,1,
/adult-learner/course-detail/NYP-WSCP32_009/food-safety-course-level-1,(not set),2,0,2,2,2,2,1,54.673165,0,1,2,0,2,2,2,2,1,54.673165,0,1,
/adult-learner/course-detail/NYP-WSCP32_009/food-safety-course-level-1,cet-q1-2025#personal-development,2,0,2,0,2,2,1,2.913709,0,1,2,0,2,0,2,2,1,2.913709,0,1,
/adult-learner/course-detail/NYP-WSCP40_001/macaron-boutique,(direct),2,0,2,0,2,2,1,1.5793795,0,0,2,0,2,0,2,2,1,1.5793795,0,0,
/adult-learner/course-detail/NYP-WSCP40_004/doughnut-frenzy,(organic),2,2,2,0,2,2,1,4.8709665,0.5,1,2,2,2,0,2,2,1,4.8709665,0.5,1,
/adult-learner/course-detail/NYP-WSCP40_011/flaky-pastry-creations,(organic),2,0,2,2,2,3,0.666666667,29.954505,0.333333333,0,2,0,2,2,2,3,0.666666667,29.954505,0.333333333,0,
/adult-learner/course-detail/NYP-WSCP40_012/flower-bouquet-cupcakes,(organic),2,1,2,1,2,2,1,29.331259,0.5,1,2,1,2,1,2,2,1,29.331259,0.5,1,
/adult-learner/course-detail/NYP-WSCP49_003/fabrication-of-meat-and-poultry-part-of-sctp,cet-q1-2025,2,0,2,2,2,2,1,43.5022275,0,1,2,0,2,2,2,2,1,43.5022275,0,1,
/adult-learner/course-detail/NYP-WSCP51_002/food-safety-course-level-1-part-of-sctp,(organic),2,0,2,0,2,2,1,730.4594175,0,0,2,0,2,0,2,2,1,730.4594175,0,0,
/adult-learner/course-detail/NYP-WSCP52_001/pwm-food-services-food-safety-course-level-3,cet-q1-2025#personal-development,2,0,2,0,2,2,1,0.7822465,0,1,2,0,2,0,2,2,1,0.7822465,0,1,
/adult-learner/course-detail/NYP-WSCP60_001/pastry-preparation-4-part-of-sctp,(organic),2,0,2,1,4,2,2,23.130501,0,0,2,0,2,1,4,2,2,23.130501,0,0,
/adult-learner/course-detail/NYP-WSCP65_001/prepare-western-dry-heat-cooked-dishes-part-of-sctp,(direct),2,0,2,0,2,2,1,3.638186,0,1,2,0,2,0,2,2,1,3.638186,0,1,
/adult-learner/course-detail/NYP-WSCP69_001/prepare-basic-chinese-moist-heat-cooked-dishes-part-of-sctp,(direct),2,0,2,0,2,2,1,55.7770225,0,1,2,0,2,0,2,2,1,55.7770225,0,1,
/adult-learner/course-detail/NYP-WSCP78_001/prepare-advanced-chinese-moist-heat-cooked-dishes-part-of-sctp,(direct),2,0,2,1,2,2,1,336.534884,0,0,2,0,2,1,2,2,1,336.534884,0,0,
/adult-learner/course-detail/NYP-WSCP83_001/prepare-asian-desserts-part-of-sctp,(organic),2,0,2,0,2,2,1,159.88762,0,1,2,0,2,0,2,2,1,159.88762,0,1,
/adult-learner/course-detail/NYP-WSCV01_001/basic-dim-sum,(not set),2,0,2,0,2,2,1,44.04034,0,1,2,0,2,0,2,2,1,44.04034,0,1,
/adult-learner/course-detail/NYP-WSCV01_001/basic-dim-sum,cet-q1-2025#personal-development,2,0,2,1,3,2,1.5,11.2621835,0,0,2,0,2,1,3,2,1.5,11.2621835,0,0,
/adult-learner/course-detail/NYP-WSCV01_004/basic-cantonese-cuisine,(referral),2,0,2,2,2,3,0.666666667,21.91783267,0,1,2,0,2,2,2,3,0.666666667,21.91783267,0,1,
/adult-learner/course-detail/NYP-WSCV01_004/basic-cantonese-cuisine,2024S2-sbm-acet,2,0,2,0,2,2,1,72.78396,0,0,2,0,2,0,2,2,1,72.78396,0,0,
/adult-learner/course-detail/NYP-WSCV01_004/basic-cantonese-cuisine,2025S1-sbm-acet,2,0,2,1,2,2,1,7.6153745,0,1,2,0,2,1,2,2,1,7.6153745,0,1,
/adult-learner/course-detail/NYP-WSCV01_005/advanced-cantonese-cuisine,(not set),2,0,2,1,6,2,3,908.1292835,0,0,2,0,2,1,6,2,3,908.1292835,0,0,
/adult-learner/course-detail/NYP-WSCV01_005/advanced-cantonese-cuisine,(referral),2,0,2,1,2,2,1,13.1248525,0,2,2,0,2,1,2,2,1,13.1248525,0,2,
/adult-learner/course-detail/NYP-WSCV01_008/hawker-noodle-dishes,(not set),2,0,2,0,2,2,1,42.4454005,0,0,2,0,2,0,2,2,1,42.4454005,0,0,
/adult-learner/course-detail/NYP-WSCV01_008/hawker-noodle-dishes,2025S1-sbm-acet,2,0,2,1,2,2,1,31.6501085,0,0,2,0,2,1,2,2,1,31.6501085,0,0,
/adult-learner/course-detail/NYP-WSCV01_010/prepare-basic-sushi,2025S1-sbm-acet,2,0,2,2,3,3,1,118.8809543,0,2,2,0,2,2,3,3,1,118.8809543,0,2,
/adult-learner/course-detail/NYP-WSCV01_010/prepare-basic-sushi,oh2025,2,0,2,2,3,2,1.5,65.394447,0,1,2,0,2,2,3,2,1.5,65.394447,0,1,
/adult-learner/course-detail/NYP-WSCV01_012/zi-char-favourites,(referral),2,0,2,0,2,2,1,80.0444495,0,0,2,0,2,0,2,2,1,80.0444495,0,0,
/adult-learner/course-detail/NYP-WSCV01_013/sedaplicious-indonesian-flavours,cet-q1-2025#personal-development,2,0,2,1,3,2,1.5,30.6421505,0,0,2,0,2,1,3,2,1.5,30.6421505,0,0,
/adult-learner/course-detail/NYP-WSCV01_015/savoury-vietnamese-delights,2025S1-sbm-acet,2,0,2,2,2,2,1,23.657622,0,0,2,0,2,2,2,2,1,23.657622,0,0,
/adult-learner/course-detail/NYP-WSCV01_016/savoury-korean-delights,2025S1-sbm-acet,2,0,2,2,2,2,1,9.7358405,0,0,2,0,2,2,2,2,1,9.7358405,0,0,
/adult-learner/course-detail/NYP-WSCV01_016/savoury-korean-delights,cet-q1-2025#digital-marketing,2,0,2,2,2,3,0.666666667,4.828710667,0.333333333,1,2,0,2,2,2,3,0.666666667,4.828710667,0.333333333,1,
/adult-learner/course-detail/NYP-WSCV02_001/healthy-vegan-and-gluten-free-creations,(not set),2,1,2,1,2,2,1,13.3883065,0,1,2,1,2,1,2,2,1,13.3883065,0,1,
/adult-learner/course-detail/NYP-WSCV02_006/decorative-cupcakes,(not set),2,0,2,0,2,2,1,0.1125935,0,1,2,0,2,0,2,2,1,0.1125935,0,1,
/adult-learner/course-detail/NYP-WSCV02_008/chocolate-bliss,2025S1-sbm-acet,2,0,2,2,2,2,1,4.908056,0,0,2,0,2,2,2,2,1,4.908056,0,0,
/adult-learner/course-detail/NYP-WSCV02_009/classic-french-cakes,cet-q1-2025#personal-development,2,0,2,0,2,2,1,18.393266,0,2,2,0,2,0,2,2,1,18.393266,0,2,
/adult-learner/course-detail/NYP-WSCV02_011/japanese-cakes-and-pastries,oh2025,2,0,2,2,2,2,1,16.8367315,0,0,2,0,2,2,2,2,1,16.8367315,0,0,
/adult-learner/course-detail/NYP-WSCV04_002/caf-style-breads,(referral),2,0,2,0,2,2,1,32.7042565,0,0,2,0,2,0,2,2,1,32.7042565,0,0,
/adult-learner/course-detail/NYP-WSCV04_002/caf-style-breads,cet-q1-2025#digital-marketing,2,0,2,1,2,2,1,51.028669,0,1,2,0,2,1,2,2,1,51.028669,0,1,
/adult-learner/course-detail/NYP-WSCV04_002/caf-style-breads,cet-q1-2025#personal-development,2,0,2,1,2,2,1,26.648533,0,2,2,0,2,1,2,2,1,26.648533,0,2,
/adult-learner/course-detail/NYP-WSCV04_002/caf-style-breads,oh2025,2,0,2,0,2,2,1,14.3372945,0,1,2,0,2,0,2,2,1,14.3372945,0,1,
/adult-learner/course-detail/NYP-WSCV04_003/croissant,2025S1-sbm-acet,2,0,2,1,2,2,1,14.847403,0,0,2,0,2,1,2,2,1,14.847403,0,0,
/adult-learner/course-detail/NYP-WSCV05_002/wines-of-the-new-world,(organic),2,0,2,0,2,2,1,26.2090935,0,0,2,0,2,0,2,2,1,26.2090935,0,0,
/adult-learner/course-detail/NYP-WSCV07_001/food-safety-course-level-4,2025S1-sbm-acet,2,0,2,1,3,2,1.5,75.355931,0,0,2,0,2,1,3,2,1.5,75.355931,0,0,
/adult-learner/course-detail/NYP-WSCY03_801/sctp-higher-certificate-in-food-services-culinary-arts-part-time,(referral),2,0,2,2,2,2,1,12.780459,0,2,2,0,2,2,2,2,1,12.780459,0,2,
/adult-learner/course-detail/NYP-WSCY03_801/sctp-higher-certificate-in-food-services-culinary-arts-part-time,2025S1-sbm-acet,2,0,2,2,2,2,1,18.110304,0,0,2,0,2,2,2,2,1,18.110304,0,0,
/adult-learner/course-detail/NYP-WSCY04_801/sctp-higher-certificate-in-food-services-pastry-and-baking-part-time,2025S1-sbm-acet,2,0,2,1,2,2,1,5.7101925,0,0,2,0,2,1,2,2,1,5.7101925,0,0,
/adult-learner/course-detail/NYP-WSCY04_801/sctp-higher-certificate-in-food-services-pastry-and-baking-part-time,oh2025,2,0,2,2,5,3,1.666666667,19.44533467,0,1,2,0,2,2,5,3,1.666666667,19.44533467,0,1,
/adult-learner/course-detail/NYP-WSCY05_801/sctp-advanced-certificate-in-food-services-culinary-arts-part-time,oh2025,2,0,2,2,4,3,1.333333333,19.41428433,0,1,2,0,2,2,4,3,1.333333333,19.41428433,0,1,
/adult-learner/course-detail/NYP-WSCY15_801/sctp-culinary-kitchen-operations-specialist-full-time-ta-eligible,(referral),2,0,2,1,3,3,1,65.34608467,0.333333333,1,2,0,2,1,3,3,1,65.34608467,0.333333333,1,
/adult-learner/course-detail/NYP-WSQA04_007/service-coaching-sf-supervisor-classroom,(referral),2,1,2,0,2,2,1,43.670631,0,1,2,1,2,0,2,2,1,43.670631,0,1,
/adult-learner/course-detail/NYP-WSQA04_025/service-planning-and-implementation-sf-supervisor,(direct),2,0,2,2,2,2,1,22.420594,0,0,2,0,2,2,2,2,1,22.420594,0,0,
/adult-learner/course-detail/NYP-WSQC05_014/pwm-retail-adapt-to-change-sf-associate,cet-q1-2025,2,0,2,1,2,2,1,20.8427575,0,0,2,0,2,1,2,2,1,20.8427575,0,0,
/adult-learner/course-detail/NYP-WSQD02_801/diploma-in-retail-e-commerce-omni-channel,(organic),2,0,2,0,2,2,1,66.5754185,0,0,2,0,2,0,2,2,1,66.5754185,0,0,
/adult-learner/course-detail/NYP-WSQD02_802/diploma-in-retail-operations,cet-q1-2025,2,0,2,0,2,2,1,508.9910025,0,1,2,0,2,0,2,2,1,508.9910025,0,1,
/adult-learner/course-detail/NYP-WSQD03-029/personal-effectiveness-sf-operations-manager-wsp-synchronous-e-learning,(direct),2,0,2,0,2,2,1,96.69744,0,0,2,0,2,0,2,2,1,96.69744,0,0,
/adult-learner/course-detail/NYP-WSQD03-029/personal-effectiveness-sf-operations-manager-wsp-synchronous-e-learning,(organic),2,0,2,1,3,2,1.5,91.654184,0,0,2,0,2,1,3,2,1.5,91.654184,0,0,
/adult-learner/course-detail/NYP-WSQD03-029/personal-effectiveness-sf-operations-manager-wsp-synchronous-e-learning,cet-q1-2025,2,0,2,1,2,2,1,54.424517,0,0,2,0,2,1,2,2,1,54.424517,0,0,
/adult-learner/course-detail/NYP-WSQD03_801/specialist-diploma-in-retail-operations,(direct),2,0,2,2,2,2,1,56.244808,0,1,2,0,2,2,2,2,1,56.244808,0,1,
/adult-learner/course-detail/NYP-WSQP53_001/business-environment-analysis-sf-operations-manager-wsp,cet-q1-2025,2,0,2,0,2,2,1,10.1874305,0,1,2,0,2,0,2,2,1,10.1874305,0,1,
/adult-learner/course-detail/NYP-WSQV01_004/workplace-communication-sf-associate-synchronous-e-learning,(direct),2,0,2,1,2,2,1,15.315276,0,1,2,0,2,1,2,2,1,15.315276,0,1,
/adult-learner/course-detail/NYP-WSQV02_002/adapt-to-change-sf-supervisor-synchronous-e-learning,(direct),2,0,2,2,2,2,1,67.846726,0,0,2,0,2,2,2,2,1,67.846726,0,0,
/adult-learner/course-detail/NYP-WSQV03_003/workplace-communications-sf-manager,2025S1-sbm-acet,2,0,2,2,2,2,1,14.4368615,0,0,2,0,2,2,2,2,1,14.4368615,0,0,
/adult-learner/course-detail/NYP-WSQV03_006/workplace-communications-sf-manager-synchronous-e-learning,(organic),2,0,2,0,2,2,1,21.7609265,0,2,2,0,2,0,2,2,1,21.7609265,0,2,
/adult-learner/course-detail/NYP-WSQV03_006/workplace-communications-sf-manager-synchronous-e-learning,cet-q1-2025,2,0,2,0,2,2,1,3.0016905,0,2,2,0,2,0,2,2,1,3.0016905,0,2,
/adult-learner/course-detail/NYP-WSQV03_008/service-leadership-sf-manager,cet-q1-2025#personal-development,2,0,2,0,2,2,1,9.437057,0,2,2,0,2,0,2,2,1,9.437057,0,2,
/adult-learner/course-detail/NYP-WSQV03_015/financial-analysis-sf-manager-synchronous-e-learning,cet-q1-2025,2,0,2,0,2,2,1,118.8059875,0,0,2,0,2,0,2,2,1,118.8059875,0,0,
/adult-learner/course-detail/nyp-cl1082/overview-of-sustainable-and-renewable-energy-technologies-for-a-smart-city,(referral),2,0,2,0,4,2,2,231.8421105,0,2,2,0,2,0,4,2,2,231.8421105,0,2,
/adult-learner/course-types/brown-bag-learning,(referral),2,0,2,2,15,12,1.25,391.3571687,0.166666667,3,2,0,2,2,15,12,1.25,391.3571687,0.166666667,3,
/adult-learner/course-types/brown-bag-learning,2025S1-sbm-acet,2,0,2,0,2,2,1,16.337048,0,0,2,0,2,0,2,2,1,16.337048,0,0,
/adult-learner/course-types/career-transition-conversion-programmes,1.20218E+17,2,0,2,0,2,2,1,21.157363,0,0,2,0,2,0,2,2,1,21.157363,0,0,
/adult-learner/course-types/career-transition-conversion-programmes,1.20218E+17,2,0,2,0,2,2,1,20.3906795,0,0,2,0,2,0,2,2,1,20.3906795,0,0,
/adult-learner/course-types/career-transition-conversion-programmes,1.20218E+17,2,0,2,1,4,3,1.333333333,9.137918,0,0,2,0,2,1,4,3,1.333333333,9.137918,0,0,
/adult-learner/course-types/career-transition-conversion-programmes,2024s2-sbm-shortcourses,2,0,2,2,2,2,1,16.553897,0,1,2,0,2,2,2,2,1,16.553897,0,1,
/adult-learner/course-types/career-transition-conversion-programmes,OH25,2,0,2,1,2,2,1,21.955493,0,0,2,0,2,1,2,2,1,21.955493,0,0,
/adult-learner/course-types/part-time-diplomas-certificates,1.20218E+17,2,0,2,0,2,2,1,8.1212545,0,0,2,0,2,0,2,2,1,8.1212545,0,0,
/adult-learner/course-types/part-time-diplomas-certificates,cet-q1-2025#cybersecurity,2,0,1,1,2,3,0.666666667,2.119104333,0.666666667,2,2,0,1,1,2,3,0.666666667,2.119104333,0.666666667,2,
/adult-learner/course-types/part-time-diplomas-certificates,cet-q1-2025#digital-marketing,2,1,2,0,3,2,1.5,16.8889825,0.5,1,2,1,2,0,3,2,1.5,16.8889825,0.5,1,
/adult-learner/course-types/part-time-diplomas-certificates,cet-q1-2025#sustainability,2,0,2,0,3,2,1.5,495.705588,0,1,2,0,2,0,3,2,1.5,495.705588,0,1,
/adult-learner/course-types/part-time-diplomas-certificates,eae-fest-2024,2,0,2,2,3,2,1.5,101.868729,0,2,2,0,2,2,3,2,1.5,101.868729,0,2,
/adult-learner/course-types/post-diploma-programmes,1.20218E+17,2,0,2,0,3,2,1.5,203.808348,0,0,2,0,2,0,3,2,1.5,203.808348,0,0,
/adult-learner/course-types/post-diploma-programmes,1.20218E+17,2,0,2,0,3,2,1.5,25.8356305,0,0,2,0,2,0,3,2,1.5,25.8356305,0,0,
/adult-learner/course-types/post-diploma-programmes,cet-q1-2025#personal-development,2,0,2,2,7,4,1.75,43.67445275,0,0,2,0,2,2,7,4,1.75,43.67445275,0,0,
/adult-learner/course-types/post-diploma-programmes/business-management,cet-q1-2025#personal-development,2,0,2,2,2,2,1,20.301967,0,0,2,0,2,2,2,2,1,20.301967,0,0,
/adult-learner/course-types/post-diploma-programmes/design-media,1.20218E+17,2,0,2,0,2,2,1,30.306102,0,0,2,0,2,0,2,2,1,30.306102,0,0,
/adult-learner/course-types/post-diploma-programmes/design-media,1.20218E+17,2,0,2,0,8,3,2.666666667,36.135601,0.333333333,0,2,0,2,0,8,3,2.666666667,36.135601,0.333333333,0,
/adult-learner/course-types/post-diploma-programmes/design-media,1.20218E+17,2,0,2,0,2,2,1,34.5938165,0,0,2,0,2,0,2,2,1,34.5938165,0,0,
/adult-learner/course-types/post-diploma-programmes/engineering,1.20218E+17,2,0,2,0,2,2,1,25.6703765,0,0,2,0,2,0,2,2,1,25.6703765,0,0,
/adult-learner/course-types/post-diploma-programmes/engineering,1.20218E+17,2,0,2,0,2,2,1,418.016921,0,0,2,0,2,0,2,2,1,418.016921,0,0,
/adult-learner/course-types/post-diploma-programmes/engineering,2024S2-sbm-acet,2,0,2,2,3,3,1,13.581512,0,1,2,0,2,2,3,3,1,13.581512,0,1,
/adult-learner/course-types/post-diploma-programmes/engineering/stories/inspiring-alumnus-Tan-Aik-Khoon,cet-q1-2025,2,0,2,1,2,2,1,12.702455,0,0,2,0,2,1,2,2,1,12.702455,0,0,
/adult-learner/course-types/post-diploma-programmes/health-social-sciences,1.20218E+17,2,0,2,0,2,2,1,9.395195,0,0,2,0,2,0,2,2,1,9.395195,0,0,
/adult-learner/course-types/post-diploma-programmes/information-technology,1.20218E+17,2,0,2,0,2,2,1,30.172356,0,0,2,0,2,0,2,2,1,30.172356,0,0,
/adult-learner/course-types/post-diploma-programmes/information-technology,1.20218E+17,2,0,2,0,2,2,1,17.837397,0,0,2,0,2,0,2,2,1,17.837397,0,0,
/adult-learner/course-types/post-diploma-programmes/information-technology,1.20218E+17,2,0,2,0,4,2,2,299.878959,0,0,2,0,2,0,4,2,2,299.878959,0,0,
/adult-learner/course-types/recommended/applied-science|https://www.nyp.edu.sg/adult-learner/course-detail/NYP-CL240005/food-safety-and-cold-chain-management|https://www.nyp.edu.sg/adult-learner/course-detail/NYP-CL1249/good-manufacturing-practices-gmp-what-you-need-to-know,(direct),2,2,2,0,2,2,1,19.3884205,0.5,2,2,2,2,0,2,2,1,19.3884205,0.5,2,
/adult-learner/course-types/recommended/applied-science|https://www.nyp.edu.sg/adult-learner/course-detail/NYP-CL240005/food-safety-and-cold-chain-management|https://www.nyp.edu.sg/adult-learner/course-detail/NYP-CL1249/good-manufacturing-practices-gmp-what-you-need-to-know,(referral),2,2,2,0,2,2,1,15.2761845,0.5,2,2,2,2,0,2,2,1,15.2761845,0.5,2,
/adult-learner/course-types/recommended/business,(cross-network),2,2,2,0,2,2,1,0,1,2,2,2,2,0,2,2,1,0,1,2,
/adult-learner/course-types/recommended/business,1.20214E+17,2,2,2,1,6,6,1,0,1,6,2,2,2,1,6,6,1,0,1,6,
/adult-learner/course-types/recommended/care-economy,(referral),2,0,2,2,2,2,1,16.8688545,0,0,2,0,2,2,2,2,1,16.8688545,0,0,
/adult-learner/course-types/recommended/care-economy,OH25,2,0,2,0,3,2,1.5,43.645947,0,1,2,0,2,0,3,2,1.5,43.645947,0,1,
/adult-learner/course-types/recommended/design-media,(not set),2,0,2,2,3,2,1.5,431.040709,0,0,2,0,2,2,3,2,1.5,431.040709,0,0,
/adult-learner/course-types/recommended/green-economy,2024s2-sbm-shortcourses,2,0,2,2,3,3,1,4.412149667,0.333333333,1,2,0,2,2,3,3,1,4.412149667,0.333333333,1,
/adult-learner/course-types/recommended/green-economy,OH25,2,0,2,2,2,2,1,7.531648,0,2,2,0,2,2,2,2,1,7.531648,0,2,
/adult-learner/course-types/short-courses,1.20218E+17,2,0,2,0,2,2,1,6.19921,0,0,2,0,2,0,2,2,1,6.19921,0,0,
/adult-learner/course-types/short-courses,1.20218E+17,2,0,2,0,3,2,1.5,16.5738495,0,0,2,0,2,0,3,2,1.5,16.5738495,0,0,
/adult-learner/course-types/short-courses/culinary,(referral),2,2,2,1,2,3,0.666666667,64.62622633,0.333333333,1,2,2,2,1,2,3,0.666666667,64.62622633,0.333333333,1,
/adult-learner/course-types/short-courses/culinary,2025S1-sbm-acet,2,0,2,2,2,2,1,81.631632,0,0,2,0,2,2,2,2,1,81.631632,0,0,
/adult-learner/course-types/short-courses/retail,cet-q1-2025,2,0,2,1,2,2,1,147.023899,0,1,2,0,2,1,2,2,1,147.023899,0,1,
/adult-learner/course-types/work-study-certificates,1.20218E+17,2,0,2,1,2,2,1,37.757053,0,0,2,0,2,1,2,2,1,37.757053,0,0,
/adult-learner/course-types/work-study-certificates,1.20218E+17,2,0,2,0,2,2,1,5.4608965,0,1,2,0,2,0,2,2,1,5.4608965,0,1,
/adult-learner/course-types/work-study-post-diplomas,1.20218E+17,2,0,2,0,3,2,1.5,78.8963315,0,0,2,0,2,0,3,2,1.5,78.8963315,0,0,
/adult-learner/find-a-course,1.2021E+17,2,0,2,2,2,2,1,112.668452,0,1,2,0,2,2,2,2,1,112.668452,0,1,
/adult-learner/funding/bursary-part-time-diploma,2024S2-sbm-acet,2,0,2,0,2,2,1,26.168611,0,1,2,0,2,0,2,2,1,26.168611,0,1,
/adult-learner/funding/bursary-part-time-diploma,OH25,2,0,2,2,3,3,1,98.88837767,0.333333333,3,2,0,2,2,3,3,1,98.88837767,0.333333333,3,
/adult-learner/funding/financial-matters-assistance,2025S1-sbm-acet,2,0,2,1,2,2,1,30.658974,0,2,2,0,2,1,2,2,1,30.658974,0,2,
/adult-learner/funding/incentives,1.20218E+17,2,0,2,0,2,2,1,17.803169,0,2,2,0,2,0,2,2,1,17.803169,0,2,
/adult-learner/skillsfuture-credit,(cross-network),2,2,2,0,2,2,1,20.7435095,0,2,2,2,2,0,2,2,1,20.7435095,0,2,
/adult-learner/skillsfuture-credit,1.2021E+17,2,0,2,2,4,2,2,371.6474405,0,2,2,0,2,2,4,2,2,371.6474405,0,2,
/adult-learner/skillsfuture-credit,1.20215E+17,2,0,2,2,7,3,2.333333333,75.68932067,0.333333333,3,2,0,2,2,7,3,2.333333333,75.68932067,0.333333333,3,
/adult-learner/skillsfuture-credit,1.20218E+17,2,0,2,1,2,2,1,31.471366,0,0,2,0,2,1,2,2,1,31.471366,0,0,
/adult-learner/skillsfuture-credit|https:/www.nyp.edu.sg/adult-learner/skillsfuture-credit|https:/www.nyp.edu.sg/adult-learner/skillsfuture-credit|https:/www.nyp.edu.sg/adult-learner/skillsfuture-credit|https:/www.nyp.edu.sg/adult-learner/skillsfuture-credit|https:/www.nyp.edu.sg,(referral),2,2,2,0,2,2,1,27.4586355,0,2,2,2,2,0,2,2,1,27.4586355,0,2,
/adult-learner/skillsfuture-level-up,1.2021E+17,2,0,2,2,3,2,1.5,91.5876645,0,0,2,0,2,2,3,2,1.5,91.5876645,0,0,
/adult-learner/skillsfuture-level-up,1.20218E+17,2,0,2,0,2,2,1,16.105161,0,0,2,0,2,0,2,2,1,16.105161,0,0,
/adult-learner/skillsfuture-level-up,1.20218E+17,2,0,1,1,2,2,1,30.202115,0.5,1,2,0,1,1,2,2,1,30.202115,0.5,1,
//adult-learner/course-type-quiz,(organic),1,0,1,1,0,1,0,5.469926,0,0,1,0,1,1,0,1,0,5.469926,0,0,
//adult-learner/course-types/short-courses,(organic),1,0,1,1,0,1,0,1.371163,0,0,1,0,1,1,0,1,0,1.371163,0,0,
/adult-learner,1.2021E+17,1,0,1,1,1,1,1,4.5931,0,0,1,0,1,1,1,1,1,4.5931,0,0,
/adult-learner,1.20215E+17,1,0,1,0,1,1,1,500.995627,0,1,1,0,1,0,1,1,1,500.995627,0,1,
/adult-learner,1.20215E+17,1,1,1,0,1,1,1,0,1,1,1,1,1,0,1,1,1,0,1,1,
/adult-learner,1.20217E+17,1,0,1,0,2,1,2,84.966924,0,0,1,0,1,0,2,1,2,84.966924,0,0,
/adult-learner,1.20217E+17,1,0,1,0,3,1,3,928.334559,0,0,1,0,1,0,3,1,3,928.334559,0,0,
/adult-learner,1.20217E+17,1,0,1,0,4,1,4,18.558796,0,1,1,0,1,0,4,1,4,18.558796,0,1,
/adult-learner,course-booklet-website2024,1,0,1,1,2,1,2,52.01598,0,1,1,0,1,1,2,1,2,52.01598,0,1,
/adult-learner,customised-ai-solutions,1,0,1,0,1,1,1,21.014476,0,0,1,0,1,0,1,1,1,21.014476,0,0,
/adult-learner,o-levels-mer-admissions2024,1,0,1,1,2,1,2,12.427505,0,1,1,0,1,1,2,1,2,12.427505,0,1,
/adult-learner/course-detail//NYP-BMDP04/diploma-in-business-practice-customer-relationship-and-service-management,(organic),1,0,1,1,1,2,0.5,35.02717,0.5,0,1,0,1,1,1,2,0.5,35.02717,0.5,0,
/adult-learner/course-detail/NYP-AS004Z/medication-management-part-of-the-pdc1-advanced-diploma-in-pharmaceutical-sciences,2025S1-sbm-acet,1,0,1,0,1,1,1,18.004293,0,0,1,0,1,0,1,1,1,18.004293,0,0,
/adult-learner/course-detail/NYP-AS005Z/patient-education-part-of-the-pdc1-advanced-diploma-in-pharmaceutical-sciences,(not set),1,0,1,0,1,1,1,0.461458,0,0,1,0,1,0,1,1,1,0.461458,0,0,
/adult-learner/course-detail/NYP-AS005Z/patient-education-part-of-the-pdc1-advanced-diploma-in-pharmaceutical-sciences,1.20218E+17,1,0,1,0,1,1,1,0.389828,0,1,1,0,1,0,1,1,1,0.389828,0,1,
/adult-learner/course-detail/NYP-AS005Z/patient-education-part-of-the-pdc1-advanced-diploma-in-pharmaceutical-sciences,2025S1-sbm-acet,1,0,1,1,1,1,1,89.785883,0,0,1,0,1,1,1,1,1,89.785883,0,0,
/adult-learner/course-detail/NYP-AS006Z/good-dispensing-practice-part-of-pdc2-of-advanced-diploma-in-pharmaceutical-sciences,oh2025,1,0,1,0,1,1,1,60.998905,0,0,1,0,1,0,1,1,1,60.998905,0,0,
/adult-learner/course-detail/NYP-AS007Z/drug-information-part-of-pdc2-of-advanced-diploma-in-pharmaceutical-sciences,(referral),1,0,1,0,1,1,1,0.582329,0,0,1,0,1,0,1,1,1,0.582329,0,0,
/adult-learner/course-detail/NYP-AS008Z/medication-safety-part-of-pdc2-of-advanced-diploma-in-pharmaceutical-sciences,(referral),1,0,1,1,1,1,1,5.006786,0,0,1,0,1,1,1,1,1,5.006786,0,0,
/adult-learner/course-detail/NYP-AS010Z/automated-medication-systems-part-of-pdc4-of-advanced-diploma-in-pharmaceutical-sciences,2024S2-sbm-acet,1,0,1,0,1,1,1,1.850642,0,0,1,0,1,0,1,1,1,1.850642,0,0,
/adult-learner/course-detail/NYP-ASAP01/YWR2YW5jZW,(direct),1,0,1,0,1,1,1,1.347067,0,1,1,0,1,0,1,1,1,1.347067,0,1,
/adult-learner/course-detail/NYP-ASAP01/advanced-diploma-in-pharmaceutical-sciences,2024S2-sbm-acet,1,0,1,1,1,1,1,56.69863,0,0,1,0,1,1,1,1,1,56.69863,0,0,
/adult-learner/course-detail/NYP-ASAP01/advanced-diploma-in-pharmaceutical-sciences,OH25,1,0,1,0,1,1,1,39.356661,0,1,1,0,1,0,1,1,1,39.356661,0,1,
/adult-learner/course-detail/NYP-ASSP01/specialist-diploma-in-environmental-management-and-applied-water-technology,1.20217E+17,1,1,1,0,1,1,1,0,1,1,1,1,1,0,1,1,1,0,1,1,
/adult-learner/course-detail/NYP-ASSP01/specialist-diploma-in-environmental-management-and-applied-water-technology,2024S2-sbm-acet,1,0,0,0,1,1,1,0,1,1,1,0,0,0,1,1,1,0,1,1,
/adult-learner/course-detail/NYP-ASSP01/specialist-diploma-in-environmental-management-and-applied-water-technology,2024s2-sbm-shortcourses,1,0,1,1,3,4,0.75,99.63353525,0.25,2,1,0,1,1,3,4,0.75,99.63353525,0.25,2,
/adult-learner/course-detail/NYP-ASSP01/specialist-diploma-in-environmental-management-and-applied-water-technology,cet-q1-2025#engineering,1,0,1,0,1,1,1,20.678944,0,0,1,0,1,0,1,1,1,20.678944,0,0,
/adult-learner/course-detail/NYP-ASSPA1/post-diploma-certificate-in-nutrition-research-and-analytical-methods-part-of-specialist-diploma-in-nutrition-science,(not set),1,0,1,0,1,1,1,15.94517,0,1,1,0,1,0,1,1,1,15.94517,0,1,
/adult-learner/course-detail/NYP-ASSPA1/post-diploma-certificate-in-nutrition-research-and-analytical-methods-part-of-specialist-diploma-in-nutrition-science,2025S1-sbm-acet,1,0,1,1,3,3,1,65.756759,0,1,1,0,1,1,3,3,1,65.756759,0,1,
/adult-learner/course-detail/NYP-ASSPA1/post-diploma-certificate-in-nutrition-research-and-analytical-methods-part-of-specialist-diploma-in-nutrition-science,OH25,1,0,1,1,1,1,1,19.629523,0,0,1,0,1,1,1,1,1,19.629523,0,0,
/adult-learner/course-detail/NYP-ASSPA1/post-diploma-certificate-in-nutrition-research-and-analytical-methods-part-of-specialist-diploma-in-nutrition-science,oh2025,1,0,1,1,1,1,1,6.544773,1,1,1,0,1,1,1,1,1,6.544773,1,1,
/adult-learner/course-detail/NYP-ASSPA2/post-diploma-certificate-in-public-health-communication-part-of-specialist-diploma-in-nutrition-science,2025S1-sbm-acet,1,0,1,1,1,1,1,59.21598,0,0,1,0,1,1,1,1,1,59.21598,0,0,
/adult-learner/course-detail/NYP-ASSPA3/post-diploma-certificate-in-energy-management-for-process-industry-part-of-specialist-diploma-in-energy-and-environmental-management-for-process-industry,oh2025,1,0,1,0,1,1,1,28.200102,0,0,1,0,1,0,1,1,1,28.200102,0,0,
/adult-learner/course-detail/NYP-ASSPA4/post-diploma-certificate-in-environmental-management-for-process-industry-part-of-specialist-diploma-in-energy-and-environmental-management-for-process-industry,cet-q1-2025#personal-development,1,0,1,0,1,1,1,3.488182,0,1,1,0,1,0,1,1,1,3.488182,0,1,
/adult-learner/course-detail/NYP-ASSPA6/post-diploma-certificate-in-applied-water-technology-part-of-specialist-diploma-in-environmental-management-and-applied-water-technology,(direct),1,0,1,0,1,1,1,7.269971,0,0,1,0,1,0,1,1,1,7.269971,0,0,
/adult-learner/course-detail/NYP-ASSPA6/post-diploma-certificate-in-applied-water-technology-part-of-specialist-diploma-in-environmental-management-and-applied-water-technology,(referral),1,1,1,0,2,1,2,194.8739,0,1,1,1,1,0,2,1,2,194.8739,0,1,
/adult-learner/course-detail/NYP-BMDP04/diploma-in-business-practice-customer-relationship-and-service-management,1.20218E+17,1,0,1,1,1,1,1,0.519352,0,0,1,0,1,1,1,1,1,0.519352,0,0,
/adult-learner/course-detail/NYP-BMDP04/diploma-in-business-practice-customer-relationship-and-service-management,2024s2-sbm-shortcourses,1,0,1,1,2,1,2,285.184713,0,0,1,0,1,1,2,1,2,285.184713,0,0,
/adult-learner/course-detail/NYP-BMDP05/diploma-in-business-practice-accounting,OH25,1,0,1,0,1,1,1,10.98729,0,0,1,0,1,0,1,1,1,10.98729,0,0,
/adult-learner/course-detail/NYP-BMDP06/diploma-in-business-practice-supply-chain-management,1.20218E+17,1,0,1,1,1,1,1,5.240086,0,1,1,0,1,1,1,1,1,5.240086,0,1,
/adult-learner/course-detail/NYP-BMDP06/diploma-in-business-practice-supply-chain-management,2024s2-sbm-shortcourses,1,0,1,1,2,1,2,157.025164,0,0,1,0,1,1,2,1,2,157.025164,0,0,
/adult-learner/course-detail/NYP-BMDP06/diploma-in-business-practice-supply-chain-management,cet-q1-2025#digital-marketing,1,0,1,0,1,1,1,19.955258,0,0,1,0,1,0,1,1,1,19.955258,0,0,
/adult-learner/course-detail/NYP-BMDP06/diploma-in-business-practice-supply-chain-management,cet-q1-2025#personal-development,1,0,1,0,1,1,1,25.239242,0,0,1,0,1,0,1,1,1,25.239242,0,0,
/adult-learner/course-detail/NYP-BMDP06/diploma-in-business-practice-supply-chain-management cut off,2025S1-sbm-acet,1,0,1,0,2,1,2,229.795247,0,1,1,0,1,0,2,1,2,229.795247,0,1,
/adult-learner/course-detail/NYP-BMDP07/diploma-in-business-practice-hospitality-and-tourism-management,1.20218E+17,1,0,1,0,1,1,1,19.359886,0,1,1,0,1,0,1,1,1,19.359886,0,1,
/adult-learner/course-detail/NYP-BMDP07/diploma-in-business-practice-hospitality-and-tourism-management,2024s2-sbm-shortcourses,1,0,1,1,1,1,1,27.088152,0,0,1,0,1,1,1,1,1,27.088152,0,0,
/adult-learner/course-detail/NYP-BMDP07/diploma-in-business-practice-hospitality-and-tourism-management,cet-q1-2025#cybersecurity,1,0,1,0,1,1,1,34.355137,0,0,1,0,1,0,1,1,1,34.355137,0,0,
/adult-learner/course-detail/NYP-BMDP07/diploma-in-business-practice-hospitality-and-tourism-management,cet-q1-2025#digital-marketing,1,0,1,0,2,1,2,151.172337,0,0,1,0,1,0,2,1,2,151.172337,0,0,
/adult-learner/course-detail/NYP-BMDP07/diploma-in-business-practice-hospitality-and-tourism-management,cil3-roadshow,1,0,1,1,3,2,1.5,57.168781,0,0,1,0,1,1,3,2,1.5,57.168781,0,0,
/adult-learner/course-detail/NYP-BMEP01/work-study-post-diploma-specialist-diploma-human-capital-management,(not set),1,0,1,0,1,1,1,15.131085,0,1,1,0,1,0,1,1,1,15.131085,0,1,
/adult-learner/course-detail/NYP-BMEP01/work-study-post-diploma-specialist-diploma-human-capital-management,2024S2-sbm-acet,1,0,1,1,1,2,0.5,8.0014045,0.5,0,1,0,1,1,1,2,0.5,8.0014045,0.5,0,
/adult-learner/course-detail/NYP-BMEP01/work-study-post-diploma-specialist-diploma-human-capital-management,OH25,1,0,1,1,2,1,2,882.569254,0,1,1,0,1,1,2,1,2,882.569254,0,1,
/adult-learner/course-detail/NYP-BMEP01/work-study-post-diploma-specialist-diploma-in-human-capital-management,(not set),1,0,0,0,1,2,0.5,0,1,1,1,0,0,0,1,2,0.5,0,1,1,
/adult-learner/course-detail/NYP-BMEP01/work-study-post-diploma-specialist-diploma-in-human-capital-management,2025S1-sbm-acet,1,0,1,1,1,1,1,102.154976,0,0,1,0,1,1,1,1,1,102.154976,0,0,
/adult-learner/course-detail/NYP-BMSP13/c3BlY2lhbG,(direct),1,1,1,0,1,1,1,32.758033,0,1,1,1,1,0,1,1,1,32.758033,0,1,
/adult-learner/course-detail/NYP-BMSP13/specialist-diploma-in-human-resource-management,2024s2-sbm-shortcourses,1,0,1,1,2,1,2,39.065441,0,0,1,0,1,1,2,1,2,39.065441,0,0,
/adult-learner/course-detail/NYP-BMSP13/specialist-diploma-in-human-resource-management,OH25,1,0,1,1,1,1,1,274.070524,0,0,1,0,1,1,1,1,1,274.070524,0,0,
/adult-learner/course-detail/NYP-BMSP15/specialist-diploma-in-supply-chain-management,1.20218E+17,1,0,1,0,1,1,1,39.175306,1,0,1,0,1,0,1,1,1,39.175306,1,0,
/adult-learner/course-detail/NYP-BMSP16/specialist-diploma-in-fund-management-and-administration,cil3-roadshow,1,0,1,0,1,1,1,17.128134,0,1,1,0,1,0,1,1,1,17.128134,0,1,
/adult-learner/course-detail/NYP-BMSP18/specialist-diploma-in-sport-management-and-marketing,OH25,1,0,1,1,1,1,1,95.012917,0,1,1,0,1,1,1,1,1,95.012917,0,1,
/adult-learner/course-detail/NYP-BMSP18/specialist-diploma-in-sport-management-and-marketing,cet-q1-2025#personal-development,1,0,1,0,1,1,1,13.01944,0,0,1,0,1,0,1,1,1,13.01944,0,0,
/adult-learner/course-detail/NYP-BMSP19/specialist-diploma-in-human-capital-management,1.2021E+17,1,0,1,1,1,1,1,13.725551,0,1,1,0,1,1,1,1,1,13.725551,0,1,
/adult-learner/course-detail/NYP-BMSP19/specialist-diploma-in-human-capital-management,1.20218E+17,1,0,1,0,1,1,1,30.65875,0,1,1,0,1,0,1,1,1,30.65875,0,1,
/adult-learner/course-detail/NYP-BMSP19/specialist-diploma-in-human-capital-management,2024S2-sbm-acet,1,0,1,1,1,1,1,13.597177,0,0,1,0,1,1,1,1,1,13.597177,0,0,
/adult-learner/course-detail/NYP-BMSP19/specialist-diploma-in-human-capital-management,cet-q1-2025#digital-marketing,1,0,1,1,1,1,1,1.057933,0,0,1,0,1,1,1,1,1,1.057933,0,0,
/adult-learner/course-detail/NYP-BMSP20,(direct),1,1,1,0,1,1,1,439.070514,0,0,1,1,1,0,1,1,1,439.070514,0,0,
/adult-learner/course-detail/NYP-BMSP20,2024s2-sbm-shortcourses,1,0,1,0,1,1,1,587.016119,0,0,1,0,1,0,1,1,1,587.016119,0,0,
/adult-learner/course-detail/NYP-BMSP20/,2024s2-sbm-shortcourses,1,0,1,0,1,1,1,4.121239,0,0,1,0,1,0,1,1,1,4.121239,0,0,
/adult-learner/course-detail/NYP-BMSP20/specialist-diploma-in-wholesale-and-trade-management,(not set),1,0,1,1,3,3,1,70.65096467,0,1,1,0,1,1,3,3,1,70.65096467,0,1,
/adult-learner/course-detail/NYP-BMSP20/specialist-diploma-in-wholesale-and-trade-management,2024s2-sbm-shortcourses,1,0,1,0,2,1,2,1392.710386,0,0,1,0,1,0,2,1,2,1392.710386,0,0,
/adult-learner/course-detail/NYP-BMSP20/specialist-diploma-in-wholesale-and-trade-management,OH25,1,0,1,1,1,1,1,1.158021,0,1,1,0,1,1,1,1,1,1.158021,0,1,
/adult-learner/course-detail/NYP-BMSP20/specialist-diploma-in-wholesale-and-trade-management,oh2025,1,0,1,0,1,1,1,48.557824,0,0,1,0,1,0,1,1,1,48.557824,0,0,
/adult-learner/course-detail/NYP-BMSP21/specialist-diploma-in-hr-analytics-and-digitalisation,OH25,1,0,1,1,1,1,1,18.897763,0,0,1,0,1,1,1,1,1,18.897763,0,0,
/adult-learner/course-detail/NYP-BMSP21/specialist-diploma-in-hr-analytics-and-digitalisation,cet-q1-2025#sustainability,1,0,1,0,1,1,1,60.586655,0,0,1,0,1,0,1,1,1,60.586655,0,0,
/adult-learner/course-detail/NYP-BMSPA4/post-diploma-certificate-in-materials-management-part-of-specialist-diploma-in-supply-chain-management,1.20218E+17,1,0,1,0,1,1,1,23.928092,0,0,1,0,1,0,1,1,1,23.928092,0,0,
/adult-learner/course-detail/NYP-BMSPA4/post-diploma-certificate-in-materials-management-part-of-specialist-diploma-in-supply-chain-management,2024S2-sbm-acet,1,0,1,1,1,1,1,32.289629,0,1,1,0,1,1,1,1,1,32.289629,0,1,
/adult-learner/course-detail/NYP-BMSPA8/post-diploma-certificate-in-fund-management-part-of-specialist-diploma-in-fund-management-and-administration,1.20218E+17,1,0,1,0,1,1,1,19.64633,0,1,1,0,1,0,1,1,1,19.64633,0,1,
/adult-learner/course-detail/NYP-BMSPA8/post-diploma-certificate-in-fund-management-part-of-specialist-diploma-in-fund-management-and-administration,2025S1-sbm-acet,1,0,1,1,2,1,2,35.309221,0,0,1,0,1,1,2,1,2,35.309221,0,0,
/adult-learner/course-detail/NYP-CB0408/growing-wealth,(not set),1,0,1,0,1,1,1,54.750233,0,0,1,0,1,0,1,1,1,54.750233,0,0,
/adult-learner/course-detail/NYP-CB0408/growing-wealth,2024S2-sbm-acet,1,0,1,0,1,1,1,2065.286302,0,0,1,0,1,0,1,1,1,2065.286302,0,0,
/adult-learner/course-detail/NYP-CB0554/sc102-classification-and-the-harmonised-system,2024S2-sbm-acet,1,0,1,1,2,3,0.666666667,10.002146,0.333333333,2,1,0,1,1,2,3,0.666666667,10.002146,0.333333333,2,
/adult-learner/course-detail/NYP-CB0554/sc102-classification-and-the-harmonised-system,cet-q1-2025,1,0,1,1,1,1,1,39.44849,0,1,1,0,1,1,1,1,1,39.44849,0,1,
/adult-learner/course-detail/NYP-CB0554/sc102-classification-and-the-harmonised-system,oh2025,1,0,1,1,1,1,1,31.48323,0,1,1,0,1,1,1,1,1,31.48323,0,1,
/adult-learner/course-detail/NYP-CB0555/sc103-rules-of-origin-free-trade-agreements,oh2025,1,0,1,0,1,1,1,997.421475,0,1,1,0,1,0,1,1,1,997.421475,0,1,
/adult-learner/course-detail/NYP-CB0557/sc201-basics-of-strategic-goods-control-seminar,2024S2-sbm-acet,1,0,1,1,1,1,1,134.344545,0,1,1,0,1,1,1,1,1,134.344545,0,1,
/adult-learner/course-detail/NYP-CB0557/sc201-basics-of-strategic-goods-control-seminar,cet-q1-2025,1,0,1,1,1,1,1,14.473343,0,0,1,0,1,1,1,1,1,14.473343,0,0,
/adult-learner/course-detail/NYP-CB0558/sc202-essentials-of-internal-export-control-compliance-programme,(not set),1,0,1,1,6,4,1.5,637.2736083,0,4,1,0,1,1,6,4,1.5,637.2736083,0,4,
/adult-learner/course-detail/NYP-CB0558/sc202-essentials-of-internal-export-control-compliance-programme,2025S1-sbm-acet,1,0,1,1,2,2,1,43.1994595,0,0,1,0,1,1,2,2,1,43.1994595,0,0,
/adult-learner/course-detail/NYP-CB1003/engaging-fandb-customers-on-social-media,(not set),1,0,1,1,3,1,3,180.600656,0,1,1,0,1,1,3,1,3,180.600656,0,1,
/adult-learner/course-detail/NYP-CB1003/engaging-fandb-customers-on-social-media,cet-q1-2025,1,0,1,1,1,1,1,11.663168,0,0,1,0,1,1,1,1,1,11.663168,0,0,
/adult-learner/course-detail/NYP-CB1033/digital-marketing-for-hospitality-management-a-practical-approach,(not set),1,0,1,1,4,1,4,181.298374,0,0,1,0,1,1,4,1,4,181.298374,0,0,
/adult-learner/course-detail/NYP-CB1033/digital-marketing-for-hospitality-management-a-practical-approach,2024S2-sbm-acet,1,0,1,1,1,1,1,25.605385,0,0,1,0,1,1,1,1,1,25.605385,0,0,
/adult-learner/course-detail/NYP-CB1033/digital-marketing-for-hospitality-management-a-practical-approach,cet-q1-2025#cybersecurity,1,0,1,0,1,1,1,51.13035,0,0,1,0,1,0,1,1,1,51.13035,0,0,
/adult-learner/course-detail/NYP-CB1033/digital-marketing-for-hospitality-management-a-practical-approach,cet-q1-2025#digital-marketing,1,0,1,0,1,1,1,41.82717,0,0,1,0,1,0,1,1,1,41.82717,0,0,
/adult-learner/course-detail/NYP-CB1037/hr-analytics,OH25,1,0,1,1,1,1,1,34.232222,0,1,1,0,1,1,1,1,1,34.232222,0,1,
/adult-learner/course-detail/NYP-CB1037/hr-analytics,oh2025,1,0,1,1,2,1,2,37.838731,0,0,1,0,1,1,2,1,2,37.838731,0,0,
/adult-learner/course-detail/NYP-CB1038/machine-learning-in-finance,(not set),1,0,1,1,3,1,3,222.23323,0,0,1,0,1,1,3,1,3,222.23323,0,0,
/adult-learner/course-detail/NYP-CB1038/machine-learning-in-finance,2024S2-sbm-acet,1,0,1,0,1,1,1,2.551518,0,1,1,0,1,0,1,1,1,2.551518,0,1,
/adult-learner/course-detail/NYP-CB1039/making-sense-of-customer-digital-analytics-synchronous-e-learning,(not set),1,0,1,1,2,1,2,372.786475,0,1,1,0,1,1,2,1,2,372.786475,0,1,
/adult-learner/course-detail/NYP-CB1039/making-sense-of-customer-digital-analytics-synchronous-e-learning,(referral),1,1,1,0,1,1,1,470.911131,0,1,1,1,1,0,1,1,1,470.911131,0,1,
/adult-learner/course-detail/NYP-CB1185/business-continuity-and-risk-management-for-tourism-sector-synchronous-elearning,cet-q1-2025,1,0,1,0,1,1,1,35.248082,0,0,1,0,1,0,1,1,1,35.248082,0,0,
/adult-learner/course-detail/NYP-CB1216/financial-analytics-with-python,(not set),1,0,1,1,5,1,5,180.322021,0,0,1,0,1,1,5,1,5,180.322021,0,0,
/adult-learner/course-detail/NYP-CB1216/financial-analytics-with-python,2024s2-sbm-shortcourses,1,0,1,1,1,2,0.5,2.618507,0.5,1,1,0,1,1,1,2,0.5,2.618507,0.5,1,
/adult-learner/course-detail/NYP-CB1216/financial-analytics-with-python,cet-q1-2025#cybersecurity,1,0,1,0,1,1,1,34.94932,0,0,1,0,1,0,1,1,1,34.94932,0,0,
/adult-learner/course-detail/NYP-CB1216/financial-analytics-with-python,oh2025,1,0,1,0,2,2,1,16.998081,0.5,2,1,0,1,0,2,2,1,16.998081,0.5,2,
/adult-learner/course-detail/NYP-CB1247/curating-digital-visual-content-with-product-styling-and-photography,(referral),1,1,1,0,1,1,1,139.840483,0,0,1,1,1,0,1,1,1,139.840483,0,0,
/adult-learner/course-detail/NYP-CB1250/design-thinking-for-an-innovative-workplace,(referral),1,0,1,1,1,1,1,2.59112,0,0,1,0,1,1,1,1,1,2.59112,0,0,
/adult-learner/course-detail/NYP-CB1250/design-thinking-for-an-innovative-workplace,cet-q1-2025,1,0,1,0,1,1,1,2.981769,0,0,1,0,1,0,1,1,1,2.981769,0,0,
/adult-learner/course-detail/NYP-CB1252/iot-applications-in-supply-chain-management,OH25,1,0,1,1,1,1,1,2.373711,0,0,1,0,1,1,1,1,1,2.373711,0,0,
/adult-learner/course-detail/NYP-CB1253/the-augmented-reality-ar-advantage-for-engaging-customers-and-learners-synchronous-elearning,(referral),1,0,1,1,1,1,1,1.630527,1,1,1,0,1,1,1,1,1,1.630527,1,1,
/adult-learner/course-detail/NYP-CB1254/hospitality-industry-analytics-synchronous-elearning,(not set),1,0,1,1,3,1,3,197.063153,0,0,1,0,1,1,3,1,3,197.063153,0,0,
/adult-learner/course-detail/NYP-CB1254/hospitality-industry-analytics-synchronous-elearning,(organic),1,1,1,0,1,1,1,63.368248,0,1,1,1,1,0,1,1,1,63.368248,0,1,
/adult-learner/course-detail/NYP-CB1254/hospitality-industry-analytics-synchronous-elearning,(referral),1,0,1,1,1,1,1,48.761215,0,1,1,0,1,1,1,1,1,48.761215,0,1,
/adult-learner/course-detail/NYP-CB1260/feature-writing-and-digital-newsletter-design,oh2025,1,0,1,1,1,1,1,32.401475,0,1,1,0,1,1,1,1,1,32.401475,0,1,
/adult-learner/course-detail/NYP-CB1265/employment-law-essentials-avoiding-legal-pitfalls-in-people-management,(referral),1,0,1,0,1,1,1,7.857809,0,1,1,0,1,0,1,1,1,7.857809,0,1,
/adult-learner/course-detail/NYP-CB1270/managing-change-in-an-age-of-disruption,cet-q1-2025#personal-development,1,0,1,0,1,1,1,5.941267,0,0,1,0,1,0,1,1,1,5.941267,0,0,
/adult-learner/course-detail/NYP-CB1271/stand-out-in-the-experience-economy-creating-special-moments-for-customers,2024S2-sbm-acet,1,0,1,1,1,1,1,11.310047,0,1,1,0,1,1,1,1,1,11.310047,0,1,
/adult-learner/course-detail/NYP-CB1277/introduction-to-the-coffee-business,cet-q1-2025#personal-development,1,0,1,0,1,1,1,394.563833,0,1,1,0,1,0,1,1,1,394.563833,0,1,
/adult-learner/course-detail/NYP-CB1278/improving-customer-retail-experience-and-engagement-through-digital-means,(not set),1,0,1,1,1,1,1,254.549864,0,0,1,0,1,1,1,1,1,254.549864,0,0,
/adult-learner/course-detail/NYP-CB1278/improving-customer-retail-experience-and-engagement-through-digital-means,2025S1-sbm-acet,1,0,1,1,3,3,1,0.418491667,0.666666667,3,1,0,1,1,3,3,1,0.418491667,0.666666667,3,
/adult-learner/course-detail/NYP-CB1295/starting-your-coffee-business,(referral),1,0,1,0,1,1,1,22.462196,0,1,1,0,1,0,1,1,1,22.462196,0,1,
/adult-learner/course-detail/NYP-CB1310/digital-video-production,2024s2-sbm-shortcourses,1,1,1,0,1,1,1,89.819608,0,1,1,1,1,0,1,1,1,89.819608,0,1,
/adult-learner/course-detail/NYP-CB1310/digital-video-production,OH25,1,0,1,0,1,1,1,289.685148,0,1,1,0,1,0,1,1,1,289.685148,0,1,
/adult-learner/course-detail/NYP-CB1310/digital-video-production,cet-q1-2025#digital-marketing,1,0,1,0,1,1,1,8.959313,0,0,1,0,1,0,1,1,1,8.959313,0,0,
/adult-learner/course-detail/NYP-CB1333/consumer-behaviour,(not set),1,0,1,0,1,1,1,0.136694,0,0,1,0,1,0,1,1,1,0.136694,0,0,
/adult-learner/course-detail/NYP-CB1334/digital-marketing,1.20218E+17,1,0,1,0,1,1,1,259.682192,0,1,1,0,1,0,1,1,1,259.682192,0,1,
/adult-learner/course-detail/NYP-CB1334/digital-marketing,cet-q1-2025#personal-development,1,0,1,0,1,1,1,5.961892,0,0,1,0,1,0,1,1,1,5.961892,0,0,
/adult-learner/course-detail/NYP-CB1335/sales-closing-techniques,(referral),1,1,1,0,1,1,1,122.888242,0,1,1,1,1,0,1,1,1,122.888242,0,1,
/adult-learner/course-detail/NYP-CB1335/sales-closing-techniques,cet-q1-2025#digital-marketing,1,0,1,1,1,1,1,730.211228,0,1,1,0,1,1,1,1,1,730.211228,0,1,
/adult-learner/course-detail/NYP-CB1335/sales-closing-techniques,cet-q1-2025#personal-development,1,0,1,0,1,1,1,8.792607,0,1,1,0,1,0,1,1,1,8.792607,0,1,
/adult-learner/course-detail/NYP-CB1336/service-excellence,(not set),1,0,1,0,1,1,1,35.141777,0,0,1,0,1,0,1,1,1,35.141777,0,0,
/adult-learner/course-detail/NYP-CB1336/service-excellence,1.20218E+17,1,0,1,1,1,1,1,22.727479,0,0,1,0,1,1,1,1,1,22.727479,0,0,
/adult-learner/course-detail/NYP-CB1337/managing-external-and-internal-stakeholders-effectively,cet-q1-2025,1,0,1,0,1,1,1,455.22197,0,1,1,0,1,0,1,1,1,455.22197,0,1,
/adult-learner/course-detail/NYP-CB1340/introduction-to-legal-issues,(not set),1,0,1,0,1,1,1,17.778744,0,1,1,0,1,0,1,1,1,17.778744,0,1,
/adult-learner/course-detail/NYP-CB1340/introduction-to-legal-issues,(referral),1,0,1,1,1,1,1,29.177665,0,0,1,0,1,1,1,1,1,29.177665,0,0,
/adult-learner/course-detail/NYP-CB1341/product-content-and-experience-performance-management,(direct),1,0,1,1,1,1,1,5.062635,0,0,1,0,1,1,1,1,1,5.062635,0,0,
/adult-learner/course-detail/NYP-CB1341/product-content-and-experience-performance-management,(organic),1,0,1,0,1,1,1,115.090582,0,0,1,0,1,0,1,1,1,115.090582,0,0,
/adult-learner/course-detail/NYP-CB1341/product-content-and-experience-performance-management,(referral),1,0,1,0,1,1,1,26.975798,0,1,1,0,1,0,1,1,1,26.975798,0,1,
/adult-learner/course-detail/NYP-CB1341/product-content-and-experience-performance-management,cet-q1-2025,1,0,1,0,1,1,1,8.172332,0,0,1,0,1,0,1,1,1,8.172332,0,0,
/adult-learner/course-detail/NYP-CB1343/optimising-sales-profit-with-effective-management-of-event-and-roadshow,(not set),1,0,1,0,1,1,1,0.506589,0,0,1,0,1,0,1,1,1,0.506589,0,0,
/adult-learner/course-detail/NYP-CB1343/optimising-sales-profit-with-effective-management-of-event-and-roadshow,cet-q1-2025,1,0,1,0,1,1,1,9.062448,0,0,1,0,1,0,1,1,1,9.062448,0,0,
/adult-learner/course-detail/NYP-CB1355/curating-an-event-experiential-journey,(not set),1,0,1,1,3,1,3,146.520164,0,0,1,0,1,1,3,1,3,146.520164,0,0,
/adult-learner/course-detail/NYP-CB1355/curating-an-event-experiential-journey,cet-q1-2025,1,0,1,1,1,1,1,6.99357,0,1,1,0,1,1,1,1,1,6.99357,0,1,
/adult-learner/course-detail/NYP-CB1365/retail-analytics-async-e-learning,(not set),1,0,1,1,1,1,1,93.54334,0,0,1,0,1,1,1,1,1,93.54334,0,0,
/adult-learner/course-detail/NYP-CB1365/retail-analytics-async-e-learning,cet-q1-2025#engineering,1,0,1,0,1,1,1,41.670403,0,1,1,0,1,0,1,1,1,41.670403,0,1,
/adult-learner/course-detail/NYP-CB1370/digital-event-management,OH25,1,0,1,1,1,1,1,39.06977,0,0,1,0,1,1,1,1,1,39.06977,0,0,
/adult-learner/course-detail/NYP-CB1370/digital-event-management,oh2025,1,0,1,1,1,1,1,32.310965,0,1,1,0,1,1,1,1,1,32.310965,0,1,
/adult-learner/course-detail/NYP-CB1525/how-marketers-can-win-with-gen-z,(not set),1,0,1,1,1,1,1,183.004341,0,0,1,0,1,1,1,1,1,183.004341,0,0,
/adult-learner/course-detail/NYP-CB1525/how-marketers-can-win-with-gen-z,(referral),1,1,1,0,1,1,1,63.100552,0,0,1,1,1,0,1,1,1,63.100552,0,0,
/adult-learner/course-detail/NYP-CB1525/how-marketers-can-win-with-gen-z,cet-q1-2025,1,0,1,1,1,1,1,44.873275,0,0,1,0,1,1,1,1,1,44.873275,0,0,
/adult-learner/course-detail/NYP-CB1527/fintech-start-up-and-scale-up-strategy,(not set),1,0,1,1,3,1,3,223.940905,0,0,1,0,1,1,3,1,3,223.940905,0,0,
/adult-learner/course-detail/NYP-CB1527/fintech-start-up-and-scale-up-strategy,(referral),1,0,1,1,2,2,1,6.0187475,0.5,2,1,0,1,1,2,2,1,6.0187475,0.5,2,
/adult-learner/course-detail/NYP-CB1531/skills-intelligence-synchronous-e-learning,(referral),1,0,1,0,1,1,1,28.839501,0,0,1,0,1,0,1,1,1,28.839501,0,0,
/adult-learner/course-detail/NYP-CB1531/skills-intelligence-synchronous-e-learning,cet-q1-2025#digital-marketing,1,0,1,0,1,1,1,24.631289,0,1,1,0,1,0,1,1,1,24.631289,0,1,
/adult-learner/course-detail/NYP-CB1536/certificate-in-fund-administration,2024s2-sbm-shortcourses,1,0,1,1,5,2,2.5,87.354877,0,1,1,0,1,1,5,2,2.5,87.354877,0,1,
/adult-learner/course-detail/NYP-CB1570/how-to-create-a-unique-business,(not set),1,0,1,1,9,2,4.5,76.454421,0,0,1,0,1,1,9,2,4.5,76.454421,0,0,
/adult-learner/course-detail/NYP-CB1571/how-to-build-a-profit-driven-business,(not set),1,0,1,1,4,1,4,165.113196,0,0,1,0,1,1,4,1,4,165.113196,0,0,
/adult-learner/course-detail/NYP-CB1571/how-to-build-a-profit-driven-business,cil3-roadshow,1,0,1,1,1,1,1,11.012891,0,1,1,0,1,1,1,1,1,11.012891,0,1,
/adult-learner/course-detail/NYP-CB1572/reading-signs-and-moving-minds-personality-analysis-for-innovative-negotiation-and-conflict-management,1.2021E+17,1,0,1,1,1,1,1,20.658623,0,0,1,0,1,1,1,1,1,20.658623,0,0,
/adult-learner/course-detail/NYP-CB1572/reading-signs-and-moving-minds-personality-analysis-for-innovative-negotiation-and-conflict-management,2024s2-sbm-shortcourses,1,0,1,1,1,1,1,82.002907,0,0,1,0,1,1,1,1,1,82.002907,0,0,
/adult-learner/course-detail/NYP-CB1572/reading-signs-and-moving-minds-personality-analysis-for-innovative-negotiation-and-conflict-management,2025S1-sbm-acet,1,0,1,1,1,1,1,16.471322,0,0,1,0,1,1,1,1,1,16.471322,0,0,
/adult-learner/course-detail/NYP-CB1572/reading-signs-and-moving-minds-personality-analysis-for-innovative-negotiation-and-conflict-management,cet-q1-2025#sustainability,1,0,1,1,1,1,1,13.118605,0,1,1,0,1,1,1,1,1,13.118605,0,1,
/adult-learner/course-detail/NYP-CB1572/reading-signs-and-moving-minds-personality-analysis-for-innovative-negotiation-and-conflict-management,oh2025,1,0,1,1,1,1,1,59.108968,0,0,1,0,1,1,1,1,1,59.108968,0,0,
/adult-learner/course-detail/NYP-CB1573/introduction-to-sustainability-for-hospitality-businesses,(referral),1,0,1,1,1,1,1,18.279037,0,1,1,0,1,1,1,1,1,18.279037,0,1,
/adult-learner/course-detail/NYP-CB1577/business-storytelling-to-connect-with-your-online-target-audience,(not set),1,0,1,1,2,1,2,140.436227,0,0,1,0,1,1,2,1,2,140.436227,0,0,
/adult-learner/course-detail/NYP-CB1578/event-branding-and-social-media-marketing,(not set),1,0,1,1,3,3,1,54.07305667,0,0,1,0,1,1,3,3,1,54.07305667,0,0,
/adult-learner/course-detail/NYP-CB1578/event-branding-and-social-media-marketing,1.20218E+17,1,0,1,0,1,1,1,201.215385,0,0,1,0,1,0,1,1,1,201.215385,0,0,
/adult-learner/course-detail/NYP-CB1578/event-branding-and-social-media-marketing,cet-q1-2025#personal-development,1,0,1,1,1,1,1,8.942735,0,0,1,0,1,1,1,1,1,8.942735,0,0,
/adult-learner/course-detail/NYP-CB1578/event-branding-and-social-media-marketing,oh2025,1,0,1,0,1,1,1,27.354649,0,1,1,0,1,0,1,1,1,27.354649,0,1,
/adult-learner/course-detail/NYP-CB1579/ai-for-business-communication,2024S2-sbm-acet,1,0,1,1,1,1,1,12.468429,0,1,1,0,1,1,1,1,1,12.468429,0,1,
/adult-learner/course-detail/NYP-CB1579/ai-for-business-communication,OH25,1,0,0,0,1,1,1,0,1,1,1,0,0,0,1,1,1,0,1,1,
/adult-learner/course-detail/NYP-CB1579/ai-for-business-communication,cet-q1-2025#cybersecurity,1,0,1,0,1,1,1,1.321761,0,0,1,0,1,0,1,1,1,1.321761,0,0,
/adult-learner/course-detail/NYP-CB2003/build-creative-winning-business-strategies,(not set),1,0,1,1,4,1,4,129.788412,0,0,1,0,1,1,4,1,4,129.788412,0,0,
/adult-learner/course-detail/NYP-CB2003/build-creative-winning-business-strategies,(referral),1,1,1,0,1,1,1,170.417952,0,0,1,1,1,0,1,1,1,170.417952,0,0,
/adult-learner/course-detail/NYP-CB2003/build-creative-winning-business-strategies,2024S2-sbm-acet,1,0,1,0,1,1,1,4.857295,0,0,1,0,1,0,1,1,1,4.857295,0,0,
/adult-learner/course-detail/NYP-CB2003/build-creative-winning-business-strategies,oh2025,1,0,1,0,2,1,2,22.672175,0,0,1,0,1,0,2,1,2,22.672175,0,0,
/adult-learner/course-detail/NYP-CB231003/introduction-to-business-analytics-making-data-driven-decisions-for-business-executives,2024S2-sbm-acet,1,0,1,1,4,2,2,89.2958295,0,1,1,0,1,1,4,2,2,89.2958295,0,1,
/adult-learner/course-detail/NYP-CB231003/introduction-to-business-analytics-making-data-driven-decisions-for-business-executives,oh2025,1,0,1,0,1,1,1,77.177878,0,0,1,0,1,0,1,1,1,77.177878,0,0,
/adult-learner/course-detail/NYP-CB231004/digital-marketing-for-hospitality-management-a-practical-approach-synchronous-elearning,(not set),1,0,1,1,2,1,2,97.480969,0,0,1,0,1,1,2,1,2,97.480969,0,0,
/adult-learner/course-detail/NYP-CB231007/assurance-and-governance-a-practical-approach,(direct),1,1,1,0,1,1,1,0,1,1,1,1,1,0,1,1,1,0,1,1,
/adult-learner/course-detail/NYP-CB231010/1-day-hands-on-pay-per-click-search-advertising,(referral),1,0,1,0,1,1,1,43.108536,0,0,1,0,1,0,1,1,1,43.108536,0,0,
/adult-learner/course-detail/NYP-CB231011/trade-association-101-abridged-ta-101a,2025S1-sbm-acet,1,0,1,0,1,1,1,74.144597,0,0,1,0,1,0,1,1,1,74.144597,0,0,
/adult-learner/course-detail/NYP-CB231012/crafting-your-digital-stories,(not set),1,0,1,1,1,1,1,12.921222,0,0,1,0,1,1,1,1,1,12.921222,0,0,
/adult-learner/course-detail/NYP-CB231012/crafting-your-digital-stories,oh2025,1,0,1,0,1,1,1,10.481795,0,0,1,0,1,0,1,1,1,10.481795,0,0,
/adult-learner/course-detail/NYP-CB231013/sustainability-at-our-core-equipping-you-to-drive-impact,(not set),1,0,1,0,1,1,1,13.515599,0,1,1,0,1,0,1,1,1,13.515599,0,1,
/adult-learner/course-detail/NYP-CB231013/sustainability-at-our-core-equipping-you-to-drive-impact,2024s2-sbm-shortcourses,1,1,1,0,1,1,1,0,1,1,1,1,1,0,1,1,1,0,1,1,
/adult-learner/course-detail/NYP-CB231015/1-day-search-engine-optimisation-fundamentals,2025S1-sbm-acet,1,0,1,1,1,1,1,7.089941,0,0,1,0,1,1,1,1,1,7.089941,0,0,
/adult-learner/course-detail/NYP-CB231015/1-day-search-engine-optimisation-fundamentals,oh2025,1,0,1,0,1,1,1,20.945542,0,0,1,0,1,0,1,1,1,20.945542,0,0,
/adult-learner/course-detail/NYP-CB231016/communicate-your-innovation-story-through-story-mapping,cet-q1-2025,1,0,1,1,1,2,0.5,33.204669,0.5,0,1,0,1,1,1,2,0.5,33.204669,0.5,0,
/adult-learner/course-detail/NYP-CB231017/the-augmented-reality-ar-advantage-for-engaging-customers-and-learners,(not set),1,0,1,0,1,1,1,70.15772,0,0,1,0,1,0,1,1,1,70.15772,0,0,
/adult-learner/course-detail/NYP-CB231017/the-augmented-reality-ar-advantage-for-engaging-customers-and-learners,cet-q1-2025,1,0,1,0,1,1,1,7.365015,0,0,1,0,1,0,1,1,1,7.365015,0,0,
/adult-learner/course-detail/NYP-CB231018/the-economics-of-supply-management-in-the-sharing-economy-synchronous-elearning,(referral),1,0,1,1,1,1,1,20.652287,0,1,1,0,1,1,1,1,1,20.652287,0,1,
/adult-learner/course-detail/NYP-CB231019/digital-marketing-analytics,2024S2-sbm-acet,1,0,1,0,1,1,1,560.00678,0,0,1,0,1,0,1,1,1,560.00678,0,0,
/adult-learner/course-detail/NYP-CB231019/digital-marketing-analytics,OH25,1,0,1,0,1,1,1,0.439901,0,0,1,0,1,0,1,1,1,0.439901,0,0,
/adult-learner/course-detail/NYP-CB231019/digital-marketing-analytics  -27,(direct),1,1,1,1,2,2,1,0,1,2,1,1,1,1,2,2,1,0,1,2,
/adult-learner/course-detail/NYP-CB231019/digital-marketing-analytics  -27,(not set),1,0,1,1,1,1,1,82.272767,0,0,1,0,1,1,1,1,1,82.272767,0,0,
/adult-learner/course-detail/NYP-CB231020/digital-marketing-strategy-and-campaign-development,(not set),1,0,1,0,1,1,1,57.665757,0,0,1,0,1,0,1,1,1,57.665757,0,0,
/adult-learner/course-detail/NYP-CB231020/digital-marketing-strategy-and-campaign-development,(referral),1,0,1,1,1,1,1,9.530761,0,0,1,0,1,1,1,1,1,9.530761,0,0,
/adult-learner/course-detail/NYP-CB231020/digital-marketing-strategy-and-campaign-development,cet-q1-2025#digital-marketing,1,0,1,1,1,1,1,21.774179,0,0,1,0,1,1,1,1,1,21.774179,0,0,
/adult-learner/course-detail/NYP-CB231022/international-trade-and-freight-management,1.20218E+17,1,0,1,0,1,1,1,20.43742,0,0,1,0,1,0,1,1,1,20.43742,0,0,
/adult-learner/course-detail/NYP-CB231022/international-trade-and-freight-management,2024s2-sbm-shortcourses,1,0,1,1,0,1,0,45.368807,0,0,1,0,1,1,0,1,0,45.368807,0,0,
/adult-learner/course-detail/NYP-CB231022/international-trade-and-freight-management,cet-q1-2025#engineering,1,0,1,0,1,1,1,25.431384,0,0,1,0,1,0,1,1,1,25.431384,0,0,
/adult-learner/course-detail/NYP-CB231022/international-trade-and-freight-management,cet-q1-2025#personal-development,1,0,1,0,1,1,1,34.015051,0,0,1,0,1,0,1,1,1,34.015051,0,0,
/adult-learner/course-detail/NYP-CB231023/sustainability-in-sourcing-and-procurement-strategies,1.20218E+17,1,0,1,0,1,1,1,328.804683,0,0,1,0,1,0,1,1,1,328.804683,0,0,
/adult-learner/course-detail/NYP-CB231023/sustainability-in-sourcing-and-procurement-strategies,2024S2-sbm-acet,1,0,1,1,1,1,1,11.14879,0,1,1,0,1,1,1,1,1,11.14879,0,1,
/adult-learner/course-detail/NYP-CB231023/sustainability-in-sourcing-and-procurement-strategies,2024s2-sbm-shortcourses,1,1,1,0,1,1,1,0,1,1,1,1,1,0,1,1,1,0,1,1,
/adult-learner/course-detail/NYP-CB231023/sustainability-in-sourcing-and-procurement-strategies,cet-q1-2025#digital-marketing,1,0,1,1,2,1,2,16.082745,1,1,1,0,1,1,2,1,2,16.082745,1,1,
/adult-learner/course-detail/NYP-CB231024/warehouse-and-inventory-management,cet-q1-2025#engineering,1,0,1,0,1,1,1,0.397639,0,0,1,0,1,0,1,1,1,0.397639,0,0,
/adult-learner/course-detail/NYP-CB231025/storytelling-for-social-media-101,1.20218E+17,1,0,1,0,1,1,1,99.632479,0,0,1,0,1,0,1,1,1,99.632479,0,0,
/adult-learner/course-detail/NYP-CB231025/storytelling-for-social-media-101,2024S2-sbm-acet,1,0,1,1,1,1,1,0,1,1,1,0,1,1,1,1,1,0,1,1,
/adult-learner/course-detail/NYP-CB231025/storytelling-for-social-media-101,cet-q1-2025#digital-marketing,1,0,1,0,1,1,1,3.013371,0,0,1,0,1,0,1,1,1,3.013371,0,0,
/adult-learner/course-detail/NYP-CB231025/storytelling-for-social-media-101,cet-q1-2025#personal-development,1,0,1,0,1,1,1,82.047348,0,1,1,0,1,0,1,1,1,82.047348,0,1,
/adult-learner/course-detail/NYP-CB234001/digitalisation-for-transportation-skillsfuture-for-digital-workplace-20,OH25,1,0,1,1,2,1,2,16.957498,0,0,1,0,1,1,2,1,2,16.957498,0,0,
/adult-learner/course-detail/NYP-CB234001/digitalisation-for-transportation-skillsfuture-for-digital-workplace-20,cet-q1-2025#personal-development,1,0,1,0,1,1,1,6.944515,0,0,1,0,1,0,1,1,1,6.944515,0,0,
/adult-learner/course-detail/NYP-CB234002/digitalisation-for-tourism-skillsfuture-for-digital-workplace-20,OH25,1,0,1,1,1,1,1,4.907049,0,0,1,0,1,1,1,1,1,4.907049,0,0,
/adult-learner/course-detail/NYP-CB234002/digitalisation-for-tourism-skillsfuture-for-digital-workplace-20,oh2025,1,0,1,0,1,1,1,12.810801,0,0,1,0,1,0,1,1,1,12.810801,0,0,
/adult-learner/course-detail/NYP-CB234003/digitalisation-for-transportation-skillsfuture-for-digital-workplace-20-online,(not set),1,0,1,1,1,1,1,22.021401,0,1,1,0,1,1,1,1,1,22.021401,0,1,
/adult-learner/course-detail/NYP-CB234003/digitalisation-for-transportation-skillsfuture-for-digital-workplace-20-online,OH25,1,0,1,0,1,1,1,10.526158,0,0,1,0,1,0,1,1,1,10.526158,0,0,
/adult-learner/course-detail/NYP-CB234003/digitalisation-for-transportation-skillsfuture-for-digital-workplace-20-online,cet-q1-2025#personal-development,1,0,1,0,1,1,1,11.061848,0,0,1,0,1,0,1,1,1,11.061848,0,0,
/adult-learner/course-detail/NYP-CB241002/be-a-sport-safety-champion,(not set),1,0,1,1,1,1,1,139.40514,0,0,1,0,1,1,1,1,1,139.40514,0,0,
/adult-learner/course-detail/NYP-CB241004/risk-management-in-sport-bizsafe-level-2,(not set),1,0,1,1,7,1,7,43.577622,0,0,1,0,1,1,7,1,7,43.577622,0,0,
/adult-learner/course-detail/NYP-CB241004/risk-management-in-sport-bizsafe-level-2,2024s2-sbm-shortcourses,1,0,0,0,1,1,1,0,1,1,1,0,0,0,1,1,1,0,1,1,
/adult-learner/course-detail/NYP-CB241004/risk-management-in-sport-bizsafe-level-2,oh2025,1,0,1,1,2,1,2,71.744739,0,0,1,0,1,1,2,1,2,71.744739,0,0,
/adult-learner/course-detail/NYP-CB241005/business-continuity-and-risk-management-for-tourism-sector,(direct),1,0,1,1,1,1,1,153.011682,0,0,1,0,1,1,1,1,1,153.011682,0,0,
/adult-learner/course-detail/NYP-CB241006/hospitality-industry-analytics,(referral),1,0,1,1,1,1,1,70.701154,0,0,1,0,1,1,1,1,1,70.701154,0,0,
/adult-learner/course-detail/NYP-CB241006/hospitality-industry-analytics,2024S2-sbm-acet,1,0,1,0,0,1,0,84.129923,0,0,1,0,1,0,0,1,0,84.129923,0,0,
/adult-learner/course-detail/NYP-CB241008/research-and-insights-for-trade-associations,(not set),1,0,1,1,4,1,4,83.307157,0,0,1,0,1,1,4,1,4,83.307157,0,0,
/adult-learner/course-detail/NYP-CB241008/research-and-insights-for-trade-associations,(referral),1,0,1,0,1,1,1,56.759287,0,0,1,0,1,0,1,1,1,56.759287,0,0,
/adult-learner/course-detail/NYP-CB241008/research-and-insights-for-trade-associations,cet-q1-2025#engineering,1,0,1,0,1,1,1,0.321997,0,0,1,0,1,0,1,1,1,0.321997,0,0,
/adult-learner/course-detail/NYP-CB241009/research-and-insights-for-trade-associations-intermediate,(not set),1,0,1,1,2,1,2,200.907941,0,0,1,0,1,1,2,1,2,200.907941,0,0,
/adult-learner/course-detail/NYP-CB241010/sustainability-at-our-core-essentials-of-climate-risk,(not set),1,0,1,1,1,1,1,181.229979,0,0,1,0,1,1,1,1,1,181.229979,0,0,
/adult-learner/course-detail/NYP-CB241010/sustainability-at-our-core-essentials-of-climate-risk,cet-q1-2025#personal-development,1,0,1,0,1,1,1,3.94358,0,0,1,0,1,0,1,1,1,3.94358,0,0,
/adult-learner/course-detail/NYP-CB241010/sustainability-at-our-core-essentials-of-climate-risk,cet-q1-2025#sustainability,1,0,1,0,1,1,1,0.699772,0,0,1,0,1,0,1,1,1,0.699772,0,0,
/adult-learner/course-detail/NYP-CB241011/sustainability-at-our-core-uncovering-esg-investing,(not set),1,0,1,0,1,1,1,3.600671,0,0,1,0,1,0,1,1,1,3.600671,0,0,
/adult-learner/course-detail/NYP-CB241011/sustainability-at-our-core-uncovering-esg-investing,cet-q1-2025#sustainability,1,0,1,0,1,1,1,37.45126,0,0,1,0,1,0,1,1,1,37.45126,0,0,
/adult-learner/course-detail/NYP-CB241012/sustainability-reporting-a-practical-guide-and-toolkit-for-small-and-medium-enterprises,2024S2-sbm-acet,1,0,1,0,1,1,1,95.400263,0,0,1,0,1,0,1,1,1,95.400263,0,0,
/adult-learner/course-detail/NYP-CB241012/sustainability-reporting-a-practical-guide-and-toolkit-for-small-and-medium-enterprises,2024s2-sbm-shortcourses,1,0,1,1,1,1,1,10.145695,0,1,1,0,1,1,1,1,1,10.145695,0,1,
/adult-learner/course-detail/NYP-CB243001/sctp-certificate-in-digital-marketing-and-content-curation,1.20218E+17,1,0,1,0,3,1,3,147.149909,0,0,1,0,1,0,3,1,3,147.149909,0,0,
/adult-learner/course-detail/NYP-CB243001/sctp-certificate-in-digital-marketing-and-content-curation,1.20218E+17,1,0,1,0,1,1,1,12.570065,0,1,1,0,1,0,1,1,1,12.570065,0,1,
/adult-learner/course-detail/NYP-CB243001/sctp-certificate-in-digital-marketing-and-content-curation,1.20218E+17,1,0,1,0,1,1,1,25.312029,0,0,1,0,1,0,1,1,1,25.312029,0,0,
/adult-learner/course-detail/NYP-CB243001/sctp-certificate-in-digital-marketing-and-content-curation,2024S2-sbm-acet,1,0,1,1,2,2,1,29.6545615,0,1,1,0,1,1,2,2,1,29.6545615,0,1,
/adult-learner/course-detail/NYP-CB243001/sctp-certificate-in-digital-marketing-and-content-curation,2024s2-sbm-shortcourses,1,0,1,1,1,1,1,41.331854,0,1,1,0,1,1,1,1,1,41.331854,0,1,
/adult-learner/course-detail/NYP-CB243001/sctp-certificate-in-digital-marketing-and-content-curation,cet-q1-2025#sustainability,1,0,1,1,1,1,1,81.552958,0,0,1,0,1,1,1,1,1,81.552958,0,0,
/adult-learner/course-detail/NYP-CE0398/design-thinking-workshop,(referral),1,0,1,1,1,1,1,61.415966,0,0,1,0,1,1,1,1,1,61.415966,0,0,
/adult-learner/course-detail/NYP-CE0414/3d-printing,(referral),1,0,1,0,1,1,1,18.832415,0,0,1,0,1,0,1,1,1,18.832415,0,0,
/adult-learner/course-detail/NYP-CE1145/cyber-security-from-scratch-synchronous-elearning,cet-q1-2025#digital-marketing,1,0,1,1,1,1,1,11.251915,0,0,1,0,1,1,1,1,1,11.251915,0,0,
/adult-learner/course-detail/NYP-CE1146/fundamentals-of-data-analytics,cet-q1-2025#cybersecurity,1,0,1,0,1,1,1,16.931408,0,0,1,0,1,0,1,1,1,16.931408,0,0,
/adult-learner/course-detail/NYP-CE1146/fundamentals-of-data-analytics.html,(direct),1,0,1,1,4,1,4,127.147877,0,0,1,0,1,1,4,1,4,127.147877,0,0,
/adult-learner/course-detail/NYP-CE1149/introduction-to-collaborative-robotics,(not set),1,0,1,1,3,1,3,182.885101,0,0,1,0,1,1,3,1,3,182.885101,0,0,
/adult-learner/course-detail/NYP-CE1151/introduction-to-deep-learning,2024s2-sbm-shortcourses,1,0,1,1,1,1,1,6.64853,0,0,1,0,1,1,1,1,1,6.64853,0,0,
/adult-learner/course-detail/NYP-CE1151/introduction-to-deep-learning,cet-q1-2025#personal-development,1,0,1,0,1,1,1,29.113101,0,0,1,0,1,0,1,1,1,29.113101,0,0,
/adult-learner/course-detail/NYP-CE1151/introduction-to-deep-learning,cet-q1-2025#sustainability,1,0,1,1,1,1,1,1.804597,0,1,1,0,1,1,1,1,1,1.804597,0,1,
/adult-learner/course-detail/NYP-CE1154/introduction-to-machine-learning,(not set),1,0,1,1,3,1,3,223.043364,0,0,1,0,1,1,3,1,3,223.043364,0,0,
/adult-learner/course-detail/NYP-CE1154/introduction-to-machine-learning,(referral),1,1,1,0,2,1,2,1114.801587,0,1,1,1,1,0,2,1,2,1114.801587,0,1,
/adult-learner/course-detail/NYP-CE1155/introduction-to-machine-vision,(not set),1,0,1,1,2,1,2,96.363193,0,0,1,0,1,1,2,1,2,96.363193,0,0,
/adult-learner/course-detail/NYP-CE1155/introduction-to-machine-vision,(referral),1,1,1,0,1,1,1,11.611294,0,1,1,1,1,0,1,1,1,11.611294,0,1,
/adult-learner/course-detail/NYP-CE1155/introduction-to-machine-vision,cet-q1-2025#personal-development,1,0,1,0,1,1,1,33.9907,0,0,1,0,1,0,1,1,1,33.9907,0,0,
/adult-learner/course-detail/NYP-CE1167/understanding-of-internet-of-things-iot,(not set),1,0,1,1,1,1,1,47.931042,0,0,1,0,1,1,1,1,1,47.931042,0,0,
/adult-learner/course-detail/NYP-CE1167/understanding-of-internet-of-things-iot,cet-q1-2025#engineering,1,0,1,0,1,1,1,5.977016,0,0,1,0,1,0,1,1,1,5.977016,0,0,
/adult-learner/course-detail/NYP-CE1167/understanding-of-internet-of-things-iot,cet-q1-2025#personal-development,1,0,1,0,1,1,1,1.093745,0,0,1,0,1,0,1,1,1,1.093745,0,0,
/adult-learner/course-detail/NYP-CE1176/digital-storytelling,(referral),1,0,1,0,1,1,1,87.002432,0,0,1,0,1,0,1,1,1,87.002432,0,0,
/adult-learner/course-detail/NYP-CE1182/lpwan-making-it-work,(not set),1,0,1,1,4,1,4,62.607125,0,0,1,0,1,1,4,1,4,62.607125,0,0,
/adult-learner/course-detail/NYP-CE1182/lpwan-making-it-work,(referral),1,0,1,1,3,2,1.5,105.489097,0.5,1,1,0,1,1,3,2,1.5,105.489097,0.5,1,
/adult-learner/course-detail/NYP-CE1201/application-of-industry-robotics-technology,(not set),1,0,1,1,1,1,1,272.286747,0,0,1,0,1,1,1,1,1,272.286747,0,0,
/adult-learner/course-detail/NYP-CE1205/programmable-logic-controller-programming,2025S1-sbm-acet,1,0,1,1,1,1,1,6.999753,0,0,1,0,1,1,1,1,1,6.999753,0,0,
/adult-learner/course-detail/NYP-CE1210/smart-iot-basics,(not set),1,0,1,1,1,1,1,43.147032,0,0,1,0,1,1,1,1,1,43.147032,0,0,
/adult-learner/course-detail/NYP-CE1231/coding-for-beginners,(not set),1,0,1,1,4,1,4,151.79023,0,0,1,0,1,1,4,1,4,151.79023,0,0,
/adult-learner/course-detail/NYP-CE1231/coding-for-beginners,cet-q1-2025#engineering,1,0,1,1,1,3,0.333333333,586.234363,0,1,1,0,1,1,1,3,0.333333333,586.234363,0,1,
/adult-learner/course-detail/NYP-CE1231/coding-for-beginners-sync-and-async,(referral),1,0,1,1,2,2,1,7.116002,0,0,1,0,1,1,2,2,1,7.116002,0,0,
/adult-learner/course-detail/NYP-CE1231/coding-for-beginners-sync-and-async,2025S1-sbm-acet,1,0,1,0,1,1,1,59.343012,0,0,1,0,1,0,1,1,1,59.343012,0,0,
/adult-learner/course-detail/NYP-CE1231/coding-for-beginners-sync-and-async,cil3-roadshow,1,0,1,1,4,3,1.333333333,58.74414433,0,1,1,0,1,1,4,3,1.333333333,58.74414433,0,1,
/adult-learner/course-detail/NYP-CE1231/coding-for-beginners-sync-and-async,oh2025,1,0,1,1,1,1,1,337.386324,0,0,1,0,1,1,1,1,1,337.386324,0,0,
/adult-learner/course-detail/NYP-CE1239/robotic-process-automation-rpa-for-beginners,2024S2-sbm-acet,1,0,1,0,2,1,2,372.522158,0,1,1,0,1,0,2,1,2,372.522158,0,1,
/adult-learner/course-detail/NYP-CE1255/introduction-to-geometric-dimensioning-and-tolerancing-gdandt,(not set),1,0,1,1,3,1,3,118.828743,0,1,1,0,1,1,3,1,3,118.828743,0,1,
/adult-learner/course-detail/NYP-CE1255/introduction-to-geometric-dimensioning-and-tolerancing-gdandt,oh2025,1,0,1,1,1,1,1,6.079405,0,1,1,0,1,1,1,1,1,6.079405,0,1,
/adult-learner/course-detail/NYP-CE1256/introduction-to-cnc-machining-processes,cet-q1-2025,1,0,1,0,2,1,2,52.755926,0,0,1,0,1,0,2,1,2,52.755926,0,0,
/adult-learner/course-detail/NYP-CE1256/introduction-to-cnc-machining-processes,cet-q1-2025#digital-marketing,1,0,1,0,1,1,1,26.807644,0,0,1,0,1,0,1,1,1,26.807644,0,0,
/adult-learner/course-detail/NYP-CE1282/process-and-design-optimisation-using-design-of-experiments-doe,(not set),1,0,1,1,3,1,3,335.850166,0,0,1,0,1,1,3,1,3,335.850166,0,0,
/adult-learner/course-detail/NYP-CE1282/process-and-design-optimisation-using-design-of-experiments-doe,cet-q1-2025#personal-development,1,0,1,0,1,1,1,4.855757,0,0,1,0,1,0,1,1,1,4.855757,0,0,
/adult-learner/course-detail/NYP-CE1283/data-analysis-with-python,(not set),1,0,1,1,7,2,3.5,295.2108805,0,0,1,0,1,1,7,2,3.5,295.2108805,0,0,
/adult-learner/course-detail/NYP-CE1305/hands-on-3d-printing-and-modelling,1.20218E+17,1,0,1,1,1,1,1,318.932975,0,0,1,0,1,1,1,1,1,318.932975,0,0,
/adult-learner/course-detail/NYP-CE1305/hands-on-3d-printing-and-modelling,cet-q1-2025#engineering,1,0,1,0,1,1,1,0.926923,0,0,1,0,1,0,1,1,1,0.926923,0,0,
/adult-learner/course-detail/NYP-CE1353/future-of-connected-homes-and-devices-classroom-and-synchronous-elearning,(not set),1,0,1,1,1,1,1,233.407956,0,0,1,0,1,1,1,1,1,233.407956,0,0,
/adult-learner/course-detail/NYP-CE1353/future-of-connected-homes-and-devices-classroom-and-synchronous-elearning,(organic),1,0,1,1,1,1,1,136.569321,0,0,1,0,1,1,1,1,1,136.569321,0,0,
/adult-learner/course-detail/NYP-CE1353/future-of-connected-homes-and-devices-classroom-and-synchronous-elearning,cet-q1-2025,1,0,1,1,3,2,1.5,468.2392735,0.5,1,1,0,1,1,3,2,1.5,468.2392735,0.5,1,
/adult-learner/course-detail/NYP-CE1354/electric-vehicle-and-charging-system-classroom-and-synchronous-elearning,(referral),1,0,1,0,1,1,1,38.116434,0,1,1,0,1,0,1,1,1,38.116434,0,1,
/adult-learner/course-detail/NYP-CE1354/electric-vehicle-and-charging-system-classroom-and-synchronous-elearning,cet-q1-2025#personal-development,1,0,1,0,1,1,1,16.481545,0,0,1,0,1,0,1,1,1,16.481545,0,0,
/adult-learner/course-detail/NYP-CE1354/electric-vehicle-and-charging-system-classroom-and-synchronous-elearning,cet-q1-2025#sustainability,1,0,1,0,1,1,1,6.075164,0,0,1,0,1,0,1,1,1,6.075164,0,0,
/adult-learner/course-detail/NYP-CE1354/electric-vehicle-and-charging-system-classroom-and-synchronous-elearning,oh2025,1,0,1,0,1,1,1,9.74422,0,0,1,0,1,0,1,1,1,9.74422,0,0,
/adult-learner/course-detail/NYP-CE1358/design-thinking-workshop,(not set),1,0,1,1,15,3,5,285.553778,0,0,1,0,1,1,15,3,5,285.553778,0,0,
/adult-learner/course-detail/NYP-CE1358/design-thinking-workshop,2025S1-sbm-acet,1,0,1,1,1,1,1,34.834572,0,0,1,0,1,1,1,1,1,34.834572,0,0,
/adult-learner/course-detail/NYP-CE1361/composite-repair-design-with-practical-application,(not set),1,0,1,1,5,1,5,194.193111,0,1,1,0,1,1,5,1,5,194.193111,0,1,
/adult-learner/course-detail/NYP-CE1361/composite-repair-design-with-practical-application,cet-q1-2025,1,0,1,1,1,1,1,15.940603,0,0,1,0,1,1,1,1,1,15.940603,0,0,
/adult-learner/course-detail/NYP-CE1362/python-a-first-look,(not set),1,0,1,1,2,1,2,197.94107,0,0,1,0,1,1,2,1,2,197.94107,0,0,
/adult-learner/course-detail/NYP-CE1362/python-a-first-look,cet-q1-2025#engineering,1,0,1,0,1,1,1,105.551012,0,1,1,0,1,0,1,1,1,105.551012,0,1,
/adult-learner/course-detail/NYP-CE1362/python-a-first-look,cil3-roadshow,1,0,1,0,1,1,1,18.82836,0,1,1,0,1,0,1,1,1,18.82836,0,1,
/adult-learner/course-detail/NYP-CE1363/python-a-first-look-sync-e-learning,(not set),1,0,1,1,4,1,4,207.046706,0,0,1,0,1,1,4,1,4,207.046706,0,0,
/adult-learner/course-detail/NYP-CE1363/python-a-first-look-sync-e-learning,(organic),1,0,1,1,1,2,0.5,34.6946335,0,1,1,0,1,1,1,2,0.5,34.6946335,0,1,
/adult-learner/course-detail/NYP-CE1363/python-a-first-look-sync-e-learning,(referral),1,1,1,0,1,1,1,30.332259,0,1,1,1,1,0,1,1,1,30.332259,0,1,
/adult-learner/course-detail/NYP-CE1366/engineering-mathematics,(not set),1,0,1,1,1,1,1,140.509485,0,0,1,0,1,1,1,1,1,140.509485,0,0,
/adult-learner/course-detail/NYP-CE1366/engineering-mathematics,(organic),1,0,1,0,1,1,1,11.202666,0,0,1,0,1,0,1,1,1,11.202666,0,0,
/adult-learner/course-detail/NYP-CE1366/engineering-mathematics,2025S1-sbm-acet,1,0,1,0,1,1,1,9.804883,0,1,1,0,1,0,1,1,1,9.804883,0,1,
/adult-learner/course-detail/NYP-CE1380/deep-dive-into-3d-printing-classroom-and-synchronous,(not set),1,0,1,1,1,1,1,92.193299,0,0,1,0,1,1,1,1,1,92.193299,0,0,
/adult-learner/course-detail/NYP-CE1485/kickstart-your-basic-programming-skills-using-microbit-synchronous-e-learning,(not set),1,0,1,1,4,1,4,125.698503,0,0,1,0,1,1,4,1,4,125.698503,0,0,
/adult-learner/course-detail/NYP-CE1485/kickstart-your-basic-programming-skills-using-microbit-synchronous-e-learning,(referral),1,0,1,0,1,1,1,9.853163,0,0,1,0,1,0,1,1,1,9.853163,0,0,
/adult-learner/course-detail/NYP-CE1485/kickstart-your-basic-programming-skills-using-microbit-synchronous-e-learning,cet-q1-2025,1,0,1,0,1,1,1,36.33473,0,0,1,0,1,0,1,1,1,36.33473,0,0,
/adult-learner/course-detail/NYP-CE1502/digital-manufacturing-3d-printing-applications-classroom-synchronous-e-learning,(not set),1,0,1,1,1,1,1,184.25854,0,0,1,0,1,1,1,1,1,184.25854,0,0,
/adult-learner/course-detail/NYP-CE1502/digital-manufacturing-3d-printing-applications-classroom-synchronous-e-learning,(organic),1,0,1,1,1,1,1,126.49687,0,0,1,0,1,1,1,1,1,126.49687,0,0,
/adult-learner/course-detail/NYP-CE1502/digital-manufacturing-3d-printing-applications-classroom-synchronous-e-learning,cet-q1-2025#engineering,1,0,1,0,1,1,1,12.894039,0,1,1,0,1,0,1,1,1,12.894039,0,1,
/adult-learner/course-detail/NYP-CE1504/anatomical-modelling-and-engineering-in-medical-3d-printing,(not set),1,0,1,1,2,2,1,103.723063,0,0,1,0,1,1,2,2,1,103.723063,0,0,
/adult-learner/course-detail/NYP-CE1504/anatomical-modelling-and-engineering-in-medical-3d-printing,2025S1-sbm-acet,1,0,1,1,1,1,1,1.343527,0,0,1,0,1,1,1,1,1,1.343527,0,0,
/adult-learner/course-detail/NYP-CE1510/demystify-generative-artificial-intelligence,cil3-roadshow,1,0,1,1,15,6,2.5,383.3941033,0,5,1,0,1,1,15,6,2.5,383.3941033,0,5,
/adult-learner/course-detail/NYP-CE1535/build-mobile-apps-with-no-code-platform,(not set),1,0,1,1,9,1,9,111.451714,0,0,1,0,1,1,9,1,9,111.451714,0,0,
/adult-learner/course-detail/NYP-CE1535/build-mobile-apps-with-no-code-platform,cet-q1-2025#personal-development,1,0,1,0,1,1,1,117.218052,0,0,1,0,1,0,1,1,1,117.218052,0,0,
/adult-learner/course-detail/NYP-CE1537/advanced-composite-repair-with-applications,(not set),1,0,1,1,10,1,10,224.9789,0,0,1,0,1,1,10,1,10,224.9789,0,0,
/adult-learner/course-detail/NYP-CE1537/advanced-composite-repair-with-applications,(organic),1,0,1,0,2,1,2,463.548441,0,1,1,0,1,0,2,1,2,463.548441,0,1,
/adult-learner/course-detail/NYP-CE1537/advanced-composite-repair-with-applications,cet-q1-2025,1,0,1,0,1,1,1,33.166736,0,1,1,0,1,0,1,1,1,33.166736,0,1,
/adult-learner/course-detail/NYP-CE1539/,(organic),1,0,1,0,1,1,1,6.139952,0,1,1,0,1,0,1,1,1,6.139952,0,1,
/adult-learner/course-detail/NYP-CE1539/edgeai-system-for-industry-40-applications-and-beyond,(referral),1,1,1,1,2,2,1,285.331209,0,2,1,1,1,1,2,2,1,285.331209,0,2,
/adult-learner/course-detail/NYP-CE1540/introduction-to-artificial-intelligence-and-machine-learning-synchronous-e-learning,1.20215E+17,1,0,1,1,1,1,1,12.139804,0,0,1,0,1,1,1,1,1,12.139804,0,0,
/adult-learner/course-detail/NYP-CE1540/introduction-to-artificial-intelligence-and-machine-learning-synchronous-e-learning,cet-q1-2025#digital-marketing,1,0,1,1,1,1,1,4.413563,0,0,1,0,1,1,1,1,1,4.413563,0,0,
/adult-learner/course-detail/NYP-CE1540/introduction-to-artificial-intelligence-and-machine-learning-synchronous-e-learning,cet-q1-2025#personal-development,1,0,1,0,1,1,1,0.48422,0,1,1,0,1,0,1,1,1,0.48422,0,1,
/adult-learner/course-detail/NYP-CE1540/introduction-to-artificial-intelligence-and-machine-learning-synchronous-e-learning,customised-ai-solutions,1,0,1,0,1,1,1,8.728904,0,0,1,0,1,0,1,1,1,8.728904,0,0,
/adult-learner/course-detail/NYP-CE1543/software-quality-assurance-essentials,(not set),1,0,1,1,3,1,3,177.490075,0,0,1,0,1,1,3,1,3,177.490075,0,0,
/adult-learner/course-detail/NYP-CE1543/software-quality-assurance-essentials,2025S1-sbm-acet,1,0,1,0,1,1,1,135.113971,0,0,1,0,1,0,1,1,1,135.113971,0,0,
/adult-learner/course-detail/NYP-CE1544/business-growth-and-sustainability-classroom-and-synchronous-e-learning,(not set),1,0,1,1,5,1,5,140.418668,0,0,1,0,1,1,5,1,5,140.418668,0,0,
/adult-learner/course-detail/NYP-CE1544/business-growth-and-sustainability-classroom-and-synchronous-e-learning,cet-q1-2025#sustainability,1,0,1,0,2,1,2,118.931883,0,1,1,0,1,0,2,1,2,118.931883,0,1,
/adult-learner/course-detail/NYP-CE1545/bridging-the-sustainability-gap-for-innovation-and-growth-classroom-and-synchronous-e-learning,(referral),1,0,1,0,1,1,1,11.004812,0,0,1,0,1,0,1,1,1,11.004812,0,0,
/adult-learner/course-detail/NYP-CE2007/introduction-to-design-thinking,OH25,1,0,1,1,1,1,1,7.269501,0,0,1,0,1,1,1,1,1,7.269501,0,0,
/adult-learner/course-detail/NYP-CE2007/introduction-to-design-thinking,cet-q1-2025#engineering,1,0,1,0,1,1,1,39.167783,0,1,1,0,1,0,1,1,1,39.167783,0,1,
/adult-learner/course-detail/NYP-CE2007/introduction-to-design-thinking,oh2025,1,0,1,1,1,1,1,0.641957,0,0,1,0,1,1,1,1,1,0.641957,0,0,
/adult-learner/course-detail/NYP-CE2008/simple-ways-for-beginners-to-learn-coding,(not set),1,0,1,0,1,1,1,69.859979,0,0,1,0,1,0,1,1,1,69.859979,0,0,
/adult-learner/course-detail/NYP-CE2008/simple-ways-for-beginners-to-learn-coding,(referral),1,0,1,1,1,1,1,7.824999,1,1,1,0,1,1,1,1,1,7.824999,1,1,
/adult-learner/course-detail/NYP-CE2008/simple-ways-for-beginners-to-learn-coding,cet-q1-2025#engineering,1,0,1,0,1,1,1,0.855981,0,0,1,0,1,0,1,1,1,0.855981,0,0,
/adult-learner/course-detail/NYP-CE2008/simple-ways-for-beginners-to-learn-coding,cil3-roadshow,1,0,1,1,2,1,2,40.217417,0,0,1,0,1,1,2,1,2,40.217417,0,0,
/adult-learner/course-detail/NYP-CE2008/simple-ways-for-beginners-to-learn-coding,oh2025,1,0,1,1,3,1,3,404.447167,0,1,1,0,1,1,3,1,3,404.447167,0,1,
/adult-learner/course-detail/NYP-CE2009/simple-ways-for-beginners-to-learn-coding-synchronous-e-learning,cet-q1-2025,1,0,1,0,1,1,1,138.160244,0,0,1,0,1,0,1,1,1,138.160244,0,0,
/adult-learner/course-detail/NYP-CE2010/using-python-for-data-analysis,2025S1-sbm-acet,1,0,1,0,1,1,1,30.956153,0,0,1,0,1,0,1,1,1,30.956153,0,0,
/adult-learner/course-detail/NYP-CE2010/using-python-for-data-analysis,cil3-roadshow,1,0,1,0,1,1,1,39.897892,0,0,1,0,1,0,1,1,1,39.897892,0,0,
/adult-learner/course-detail/NYP-CE2011/using-python-for-data-analysis-synchronous-e-learning,cet-q1-2025#personal-development,1,0,1,0,1,1,1,5.281083,0,1,1,0,1,0,1,1,1,5.281083,0,1,
/adult-learner/course-detail/NYP-CE2011/using-python-for-data-analysis-synchronous-e-learning,oh2025,1,0,1,1,2,2,1,56.0128865,0,2,1,0,1,1,2,2,1,56.0128865,0,2,
/adult-learner/course-detail/NYP-CE2012/using-python-for-data-analysis-asynchronous-e-learning,2025S1-sbm-acet,1,0,1,1,1,1,1,29.995046,0,1,1,0,1,1,1,1,1,29.995046,0,1,
/adult-learner/course-detail/NYP-CE231001/building-artificial-intelligence-ai-applications-from-end-to-end-classroom-and-synchronous-e-learning,1.2021E+17,1,0,1,1,1,1,1,27.874081,0,0,1,0,1,1,1,1,1,27.874081,0,0,
/adult-learner/course-detail/NYP-CE231001/building-artificial-intelligence-ai-applications-from-end-to-end-classroom-and-synchronous-e-learning,1.20215E+17,1,0,1,1,1,1,1,15.777108,0,0,1,0,1,1,1,1,1,15.777108,0,0,
/adult-learner/course-detail/NYP-CE231001/building-artificial-intelligence-ai-applications-from-end-to-end-classroom-and-synchronous-e-learning,cet-q1-2025#sustainability,1,0,1,1,2,2,1,3.994387,0,1,1,0,1,1,2,2,1,3.994387,0,1,
/adult-learner/course-detail/NYP-CE231001/building-artificial-intelligence-ai-applications-from-end-to-end-classroom-and-synchronous-e-learning,cil3-roadshow,1,0,1,0,1,1,1,74.144225,0,0,1,0,1,0,1,1,1,74.144225,0,0,
/adult-learner/course-detail/NYP-CE231002/sustainability-101-for-the-green-economy,2025S1-sbm-acet,1,0,1,0,1,1,1,46.152117,0,0,1,0,1,0,1,1,1,46.152117,0,0,
/adult-learner/course-detail/NYP-CE231002/sustainability-101-for-the-green-economy,cet-q1-2025#sustainability,1,0,1,0,1,1,1,6.954489,0,1,1,0,1,0,1,1,1,6.954489,0,1,
/adult-learner/course-detail/NYP-CE231002/sustainability-101-for-the-green-economy,oh2025,1,0,1,0,1,1,1,47.041556,0,1,1,0,1,0,1,1,1,47.041556,0,1,
/adult-learner/course-detail/NYP-CE231003/apply-generative-artificial-intelligence-for-your-industry,oh2025,1,0,1,1,1,1,1,4.763115,0,0,1,0,1,1,1,1,1,4.763115,0,0,
/adult-learner/course-detail/NYP-CE231006/smart-sensing-and-iot-applications-making-it-work,2024S2-sbm-acet,1,0,1,1,1,1,1,2.21812,0,0,1,0,1,1,1,1,1,2.21812,0,0,
/adult-learner/course-detail/NYP-CE231009/introduction-in-the-3d-printing-in-the-maritime-industry-classroom,(not set),1,0,1,1,3,1,3,174.995244,0,0,1,0,1,1,3,1,3,174.995244,0,0,
/adult-learner/course-detail/NYP-CE231012/data-analytics-tools,(referral),1,1,1,0,1,1,1,43.67883,0,1,1,1,1,0,1,1,1,43.67883,0,1,
/adult-learner/course-detail/NYP-CE231012/data-analytics-tools,cet-q1-2025,1,0,1,1,1,1,1,6.977894,0,0,1,0,1,1,1,1,1,6.977894,0,0,
/adult-learner/course-detail/NYP-CE231013/deep-dive-into-3d-printing,(not set),1,0,1,1,3,1,3,83.738199,0,0,1,0,1,1,3,1,3,83.738199,0,0,
/adult-learner/course-detail/NYP-CE231013/deep-dive-into-3d-printing,(referral),1,0,1,1,1,1,1,676.692604,0,1,1,0,1,1,1,1,1,676.692604,0,1,
/adult-learner/course-detail/NYP-CE231015/9-day-precision-engineering-assessment-and-reskilling-lab-pearl-cnc-turning,customised-ai-solutions,1,0,1,0,1,1,1,209.505508,0,0,1,0,1,0,1,1,1,209.505508,0,0,
/adult-learner/course-detail/NYP-CE231015/9-day-precision-engineering-assessment-and-reskilling-lab-pearl-cnc-turning),(direct),1,1,1,0,1,1,1,12.809534,0,1,1,1,1,0,1,1,1,12.809534,0,1,
/adult-learner/course-detail/NYP-CE231016/9-day-precision-engineering-assessment-and-reskilling-lab-pearl-basic-metrology-and-interpretation-of-drawing,(not set),1,0,1,1,8,1,8,98.755699,0,0,1,0,1,1,8,1,8,98.755699,0,0,
/adult-learner/course-detail/NYP-CE231017/9-day-precision-engineering-assessment-and-reskilling-lab-pearl-conventional-machining,2025S1-sbm-acet,1,0,1,1,1,1,1,127.022298,0,0,1,0,1,1,1,1,1,127.022298,0,0,
/adult-learner/course-detail/NYP-CE231017/9-day-precision-engineering-assessment-and-reskilling-lab-pearl-conventional-machining,cet-q1-2025#cybersecurity,1,0,1,0,1,1,1,0.886871,0,1,1,0,1,0,1,1,1,0.886871,0,1,
/adult-learner/course-detail/NYP-CE231017/9-day-precision-engineering-assessment-and-reskilling-lab-pearl-conventional-machining,customised-ai-solutions,1,0,1,0,1,1,1,88.543849,0,1,1,0,1,0,1,1,1,88.543849,0,1,
/adult-learner/course-detail/NYP-CE231018/preparatory-mathematics-programme,(referral),1,0,1,0,1,1,1,12.371153,0,1,1,0,1,0,1,1,1,12.371153,0,1,
/adult-learner/course-detail/NYP-CE231019/build-mobile-apps-with-no-code-platform-synchronous-e-learning,(not set),1,0,1,1,3,1,3,231.116367,0,0,1,0,1,1,3,1,3,231.116367,0,0,
/adult-learner/course-detail/NYP-CE231019/build-mobile-apps-with-no-code-platform-synchronous-e-learning,cet-q1-2025,1,0,1,1,1,1,1,180.056656,0,0,1,0,1,1,1,1,1,180.056656,0,0,
/adult-learner/course-detail/NYP-CE231019/build-mobile-apps-with-no-code-platform-synchronous-e-learning,cet-q1-2025#personal-development,1,0,1,0,1,1,1,16.169306,0,0,1,0,1,0,1,1,1,16.169306,0,0,
/adult-learner/course-detail/NYP-CE234001/digital-transformation-enablers-for-manufacturing-skillsfuture-for-digital-workplace-20,1.20218E+17,1,0,1,0,1,1,1,1.819864,0,0,1,0,1,0,1,1,1,1.819864,0,0,
/adult-learner/course-detail/NYP-CE234001/digital-transformation-enablers-for-manufacturing-skillsfuture-for-digital-workplace-20,2024S2-sbm-acet,1,0,1,1,1,1,1,18.279736,0,0,1,0,1,1,1,1,1,18.279736,0,0,
/adult-learner/course-detail/NYP-CE234001/digital-transformation-enablers-for-manufacturing-skillsfuture-for-digital-workplace-20,oh2025,1,0,1,0,1,1,1,5.673838,0,0,1,0,1,0,1,1,1,5.673838,0,0,
/adult-learner/course-detail/NYP-CE234001/digital-transformation-enablers-for-manufacturing-skillsfuture-for-digital-workplace-20.html,(not set),1,0,1,0,1,1,1,166.368504,0,1,1,0,1,0,1,1,1,166.368504,0,1,
/adult-learner/course-detail/NYP-CE234002/digital-transformation-enablers-for-manufacturing-aerospace-mro-skillsfuture-for-digital-workplace-20,2025S1-sbm-acet,1,0,1,1,1,1,1,18.398354,0,1,1,0,1,1,1,1,1,18.398354,0,1,
/adult-learner/course-detail/NYP-CE241001/microsoft-word-for-workplace,(not set),1,0,1,1,2,1,2,95.085335,0,0,1,0,1,1,2,1,2,95.085335,0,0,
/adult-learner/course-detail/NYP-CE241001/microsoft-word-for-workplace,cet-q1-2025#personal-development,1,0,1,0,1,1,1,3.581874,0,0,1,0,1,0,1,1,1,3.581874,0,0,
/adult-learner/course-detail/NYP-CE241002/microsoft-excel-for-workplace,cet-q1-2025#cybersecurity,1,0,1,0,1,1,1,12.493558,0,1,1,0,1,0,1,1,1,12.493558,0,1,
/adult-learner/course-detail/NYP-CE241003/smart-connected-system-design-and-implementation,2025S1-sbm-acet,1,0,1,1,1,1,1,66.99965,0,0,1,0,1,1,1,1,1,66.99965,0,0,
/adult-learner/course-detail/NYP-CE241003/smart-connected-system-design-and-implementation,OH25,1,0,1,1,1,1,1,191.318263,0,0,1,0,1,1,1,1,1,191.318263,0,0,
/adult-learner/course-detail/NYP-CE241003/smart-connected-system-design-and-implementation,cet-q1-2025#cybersecurity,1,0,1,0,1,1,1,37.683045,0,0,1,0,1,0,1,1,1,37.683045,0,0,
/adult-learner/course-detail/NYP-CE241004/open-sound-control-based-synchronization-of-immersive-audio-systems,(referral),1,0,1,0,1,1,1,7.575039,0,1,1,0,1,0,1,1,1,7.575039,0,1,
/adult-learner/course-detail/NYP-CE241004/open-sound-control-based-synchronization-of-immersive-audio-systems,2024S2-sbm-acet,1,0,1,1,1,1,1,16.845274,0,0,1,0,1,1,1,1,1,16.845274,0,0,
/adult-learner/course-detail/NYP-CE241004/open-sound-control-based-synchronization-of-immersive-audio-systems,2025S1-sbm-acet,1,0,1,1,1,1,1,21.925978,0,0,1,0,1,1,1,1,1,21.925978,0,0,
/adult-learner/course-detail/NYP-CE241004/open-sound-control-based-synchronization-of-immersive-audio-systems,oh2025,1,0,1,1,1,1,1,7.002498,0,0,1,0,1,1,1,1,1,7.002498,0,0,
/adult-learner/course-detail/NYP-CE241005/medical-device-electrical-safety-testing-iec60601iec62353-and-functional-analysis,cet-q1-2025#engineering,1,0,1,0,1,1,1,3.219618,0,0,1,0,1,0,1,1,1,3.219618,0,0,
/adult-learner/course-detail/NYP-CE241007/sustainable-futures-exploring-finnish-sustainability-through-innovation-and-social-responsibility,2025S1-sbm-acet,1,0,1,1,1,1,1,15.809833,0,0,1,0,1,1,1,1,1,15.809833,0,0,
/adult-learner/course-detail/NYP-CE241008/train-the-trainer-series-gmp-and-quality-compliance-audit-at-workplace,1.20218E+17,1,0,1,0,1,1,1,12.992421,0,1,1,0,1,0,1,1,1,12.992421,0,1,
/adult-learner/course-detail/NYP-CE241008/train-the-trainer-series-gmp-and-quality-compliance-audit-at-workplace,1.20218E+17,1,0,1,0,1,1,1,0.631183,0,1,1,0,1,0,1,1,1,0.631183,0,1,
/adult-learner/course-detail/NYP-CE241008/train-the-trainer-series-gmp-and-quality-compliance-audit-at-workplace,cet-q1-2025#engineering,1,0,1,0,1,1,1,32.610309,0,0,1,0,1,0,1,1,1,32.610309,0,0,
/adult-learner/course-detail/NYP-CE241009/sustainability-reporting-learning-journey-deep-dive-into-carbon-management,(not set),1,0,1,0,1,1,1,4.45751,0,0,1,0,1,0,1,1,1,4.45751,0,0,
/adult-learner/course-detail/NYP-CE245005/ai-practitioner-preparatory-course,2024s2-sbm-shortcourses,1,0,1,1,1,1,1,11.252548,0,0,1,0,1,1,1,1,1,11.252548,0,0,
/adult-learner/course-detail/NYP-CE246001/ai-roadmapping-for-companies-and-enterprises,cet-q1-2025#digital-marketing,1,0,1,1,1,1,1,136.247595,0,1,1,0,1,1,1,1,1,136.247595,0,1,
/adult-learner/course-detail/NYP-CE246001/ai-roadmapping-for-companies-and-enterprises,cet-q1-2025#personal-development,1,0,1,0,1,1,1,12.720484,0,0,1,0,1,0,1,1,1,12.720484,0,0,
/adult-learner/course-detail/NYP-CH0490/diabetes-care-lifestyle-management,2024S2-sbm-acet,1,0,1,0,1,1,1,17.067956,0,0,1,0,1,0,1,1,1,17.067956,0,0,
/adult-learner/course-detail/NYP-CH0527/understand-dementia-just-forgetful-or-dementia,1.20218E+17,1,0,1,0,1,1,1,16.405094,0,0,1,0,1,0,1,1,1,16.405094,0,0,
/adult-learner/course-detail/NYP-CH0527/understand-dementia-just-forgetful-or-dementia,cet-q1-2025#cybersecurity,1,0,1,1,1,1,1,1.123098,0,1,1,0,1,1,1,1,1,1.123098,0,1,
/adult-learner/course-detail/NYP-CH0527/understand-dementia-just-forgetful-or-dementia,oh2025,1,0,1,1,1,1,1,3.016718,0,1,1,0,1,1,1,1,1,3.016718,0,1,
/adult-learner/course-detail/NYP-CH1186/dental-care-for-people-with-special-needs,(referral),1,0,1,0,1,1,1,5.954452,0,1,1,0,1,0,1,1,1,5.954452,0,1,
/adult-learner/course-detail/NYP-CH1186/dental-care-for-people-with-special-needs,2024S2-sbm-acet,1,0,1,0,1,1,1,28.840231,0,0,1,0,1,0,1,1,1,28.840231,0,0,
/adult-learner/course-detail/NYP-CH1348/phlebotomy-short-course,(not set),1,0,1,0,1,1,1,19.06723,0,0,1,0,1,0,1,1,1,19.06723,0,0,
/adult-learner/course-detail/NYP-CH2013/stress-and-crises-in-relationships-for-working-adults,2024S2-sbm-acet,1,0,1,0,1,1,1,11.26748,0,0,1,0,1,0,1,1,1,11.26748,0,0,
/adult-learner/course-detail/NYP-CH2013/stress-and-crises-in-relationships-for-working-adults,2025S1-sbm-acet,1,0,1,1,1,1,1,14.919914,0,0,1,0,1,1,1,1,1,14.919914,0,0,
/adult-learner/course-detail/NYP-CH2013/stress-and-crises-in-relationships-for-working-adults,oh2025,1,0,1,0,1,1,1,69.28189,0,1,1,0,1,0,1,1,1,69.28189,0,1,
/adult-learner/course-detail/NYP-CH231001/navigating-ethical-dilemmas-in-social-services,(not set),1,0,1,1,8,2,4,69.5240555,0,0,1,0,1,1,8,2,4,69.5240555,0,0,
/adult-learner/course-detail/NYP-CH231001/navigating-ethical-dilemmas-in-social-services,2025S1-sbm-acet,1,0,1,0,1,1,1,1.596511,0,0,1,0,1,0,1,1,1,1.596511,0,0,
/adult-learner/course-detail/NYP-CH231002/understanding-and-applying-casework-assessment-and-intervention,1.20218E+17,1,0,1,1,1,1,1,18.698641,0,0,1,0,1,1,1,1,1,18.698641,0,0,
/adult-learner/course-detail/NYP-CH231002/understanding-and-applying-casework-assessment-and-intervention,2025S1-sbm-acet,1,0,1,1,2,2,1,4.8060165,0,0,1,0,1,1,2,2,1,4.8060165,0,0,
/adult-learner/course-detail/NYP-CH231003/suicide-risk-assessment-and-management,1.20218E+17,1,0,1,1,1,1,1,9.265653,0,1,1,0,1,1,1,1,1,9.265653,0,1,
/adult-learner/course-detail/NYP-CH231004/leading-self-in-organisations,cet-q1-2025#digital-marketing,1,0,1,0,1,1,1,18.947748,0,1,1,0,1,0,1,1,1,18.947748,0,1,
/adult-learner/course-detail/NYP-CH236002/silver-diamine-fluoride-hands-on-session-part-2,(organic),1,0,1,1,1,1,1,44.511473,0,0,1,0,1,1,1,1,1,44.511473,0,0,
/adult-learner/course-detail/NYP-CH236002/silver-diamine-fluoride-hands-on-session-part-2,cet-q1-2025,1,0,1,0,1,1,1,5.606044,0,0,1,0,1,0,1,1,1,5.606044,0,0,
/adult-learner/course-detail/NYP-CH236003/biological-management-of-caries-and-the-role-of-silver-diamine-fluoride-in-our-practise,(direct),1,0,1,0,1,1,1,3.351002,0,0,1,0,1,0,1,1,1,3.351002,0,0,
/adult-learner/course-detail/NYP-CH236003/biological-management-of-caries-and-the-role-of-silver-diamine-fluoride-in-our-practise,cet-q1-2025,1,0,1,0,1,1,1,5.018101,0,0,1,0,1,0,1,1,1,5.018101,0,0,
/adult-learner/course-detail/NYP-CH239001/graded-versus-non-graded-assessments,(organic),1,0,1,1,1,1,1,62.630081,0,0,1,0,1,1,1,1,1,62.630081,0,0,
/adult-learner/course-detail/NYP-CH239001/graded-versus-non-graded-assessments,cet-q1-2025,1,0,1,1,1,1,1,14.158186,0,0,1,0,1,1,1,1,1,14.158186,0,0,
/adult-learner/course-detail/NYP-CH239002/new-perspectives-on-the-mid-level-oral-health-provider,oh2025,1,0,1,0,1,1,1,41.172259,0,1,1,0,1,0,1,1,1,41.172259,0,1,
/adult-learner/course-detail/NYP-CI1081/data-analytics-for-workplace,2025S1-sbm-acet,1,0,1,0,1,1,1,10.249668,0,1,1,0,1,0,1,1,1,10.249668,0,1,
/adult-learner/course-detail/NYP-CI1081/data-analytics-for-workplace,OH25,1,0,1,1,1,1,1,7.559882,0,1,1,0,1,1,1,1,1,7.559882,0,1,
/adult-learner/course-detail/NYP-CI1081/data-analytics-for-workplace,cet-q1-2025#personal-development,1,0,1,1,1,1,1,56.695507,0,0,1,0,1,1,1,1,1,56.695507,0,0,
/adult-learner/course-detail/NYP-CI1081/data-analytics-for-workplace,oh2025,1,0,1,1,1,1,1,36.509368,0,0,1,0,1,1,1,1,1,36.509368,0,0,
/adult-learner/course-detail/NYP-CI1171/cyber-security-awareness,(not set),1,0,1,1,7,1,7,173.306998,0,0,1,0,1,1,7,1,7,173.306998,0,0,
/adult-learner/course-detail/NYP-CI1276/app-development-with-swift,(not set),1,0,1,1,3,1,3,81.873784,0,0,1,0,1,1,3,1,3,81.873784,0,0,
/adult-learner/course-detail/NYP-CI1276/app-development-with-swift,cet-q1-2025#personal-development,1,0,1,0,1,1,1,17.469864,0,0,1,0,1,0,1,1,1,17.469864,0,0,
/adult-learner/course-detail/NYP-CI1276/app-development-with-swift,oh2025,1,0,1,1,2,2,1,186.112025,0.5,2,1,0,1,1,2,2,1,186.112025,0.5,2,
/adult-learner/course-detail/NYP-CI1279/data-visualisation-practicum,2024s2-sbm-shortcourses,1,0,1,1,1,1,1,419.709549,0,1,1,0,1,1,1,1,1,419.709549,0,1,
/adult-learner/course-detail/NYP-CI1279/data-visualisation-practicum,cet-q1-2025#personal-development,1,0,1,0,2,1,2,30.921072,0,0,1,0,1,0,2,1,2,30.921072,0,0,
/adult-learner/course-detail/NYP-CI1368/data-science-for-power-users,(not set),1,0,1,1,5,1,5,105.453113,0,0,1,0,1,1,5,1,5,105.453113,0,0,
/adult-learner/course-detail/NYP-CI1369/from-data-to-visualisation,2025S1-sbm-acet,1,0,1,1,1,1,1,179.292158,0,0,1,0,1,1,1,1,1,179.292158,0,0,
/adult-learner/course-detail/NYP-CI1369/from-data-to-visualisation,cet-q1-2025#personal-development,1,0,1,0,2,1,2,109.2105,0,0,1,0,1,0,2,1,2,109.2105,0,0,
/adult-learner/course-detail/NYP-CI231001/the-international-council-of-e-commerce-consultants-ec-council-certified-threat-intelligence-analyst-ctia,1.20215E+17,1,0,1,1,2,1,2,19.567163,0,0,1,0,1,1,2,1,2,19.567163,0,0,
/adult-learner/course-detail/NYP-CI231001/the-international-council-of-e-commerce-consultants-ec-council-certified-threat-intelligence-analyst-ctia,2024s2-sbm-shortcourses,1,0,1,1,3,1,3,33.557038,0,0,1,0,1,1,3,1,3,33.557038,0,0,
/adult-learner/course-detail/NYP-CI231001/the-international-council-of-e-commerce-consultants-ec-council-certified-threat-intelligence-analyst-ctia,cet-q1-2025#digital-marketing,1,0,1,1,1,1,1,4.49683,1,0,1,0,1,1,1,1,1,4.49683,1,0,
/adult-learner/course-detail/NYP-CI231001/the-international-council-of-e-commerce-consultants-ec-council-certified-threat-intelligence-analyst-ctia,cet-q1-2025#personal-development,1,0,1,1,1,1,1,18.960637,0,0,1,0,1,1,1,1,1,18.960637,0,0,
/adult-learner/course-detail/NYP-CI231001/the-international-council-of-e-commerce-consultants-ec-council-certified-threat-intelligence-analyst-ctia,cil3-roadshow,1,0,1,0,1,1,1,5.077989,0,1,1,0,1,0,1,1,1,5.077989,0,1,
/adult-learner/course-detail/NYP-CI231002/data-management-and-analysis,2025S1-sbm-acet,1,0,1,1,1,1,1,1.539737,0,0,1,0,1,1,1,1,1,1.539737,0,0,
/adult-learner/course-detail/NYP-CI231002/data-management-and-analysis,cet-q1-2025#engineering,1,0,1,0,2,1,2,10.951817,0,0,1,0,1,0,2,1,2,10.951817,0,0,
/adult-learner/course-detail/NYP-CI231003/robotic-process-automation,2024S2-sbm-acet,1,0,1,0,1,1,1,72.527203,0,0,1,0,1,0,1,1,1,72.527203,0,0,
/adult-learner/course-detail/NYP-CI231003/robotic-process-automation,2025S1-sbm-acet,1,0,1,0,1,1,1,83.703641,0,0,1,0,1,0,1,1,1,83.703641,0,0,
/adult-learner/course-detail/NYP-CI231005/the-international-council-of-e-commerce-consultants-certified-cloud-security-engineer-ec-council-ccse,(referral),1,0,1,0,1,1,1,7.146348,0,0,1,0,1,0,1,1,1,7.146348,0,0,
/adult-learner/course-detail/NYP-CI231005/the-international-council-of-e-commerce-consultants-certified-cloud-security-engineer-ec-council-ccse,1.20215E+17,1,0,1,1,1,1,1,11.559043,0,0,1,0,1,1,1,1,1,11.559043,0,0,
/adult-learner/course-detail/NYP-CI231005/the-international-council-of-e-commerce-consultants-certified-cloud-security-engineer-ec-council-ccse,1.20218E+17,1,0,1,1,2,2,1,6.121743,0.5,2,1,0,1,1,2,2,1,6.121743,0.5,2,
/adult-learner/course-detail/NYP-CI231005/the-international-council-of-e-commerce-consultants-certified-cloud-security-engineer-ec-council-ccse,2025S1-sbm-acet,1,0,1,1,1,1,1,3.884339,0,1,1,0,1,1,1,1,1,3.884339,0,1,
/adult-learner/course-detail/NYP-CI231005/the-international-council-of-e-commerce-consultants-certified-cloud-security-engineer-ec-council-ccse,cet-q1-2025#digital-marketing,1,0,1,1,1,1,1,27.5416,0,0,1,0,1,1,1,1,1,27.5416,0,0,
/adult-learner/course-detail/NYP-CI231005/the-international-council-of-e-commerce-consultants-certified-cloud-security-engineer-ec-council-ccse,cet-q1-2025#engineering,1,0,1,0,1,1,1,3.848502,0,0,1,0,1,0,1,1,1,3.848502,0,0,
/adult-learner/course-detail/NYP-CI231005/the-international-council-of-e-commerce-consultants-certified-cloud-security-engineer-ec-council-ccse,oh2025,1,0,1,0,1,1,1,8.04834,0,0,1,0,1,0,1,1,1,8.04834,0,0,
/adult-learner/course-detail/NYP-CI241001,(direct),1,0,1,1,2,2,1,319.0775585,0.5,2,1,0,1,1,2,2,1,319.0775585,0.5,2,
/adult-learner/course-detail/NYP-CI241001/applied-generative-artificial-intelligence-real-world-project-development,2024s2-sbm-shortcourses,1,0,1,1,1,1,1,83.074328,0,0,1,0,1,1,1,1,1,83.074328,0,0,
/adult-learner/course-detail/NYP-CI241001/applied-generative-artificial-intelligence-real-world-project-development,OH25,1,0,1,1,1,1,1,7.792064,0,1,1,0,1,1,1,1,1,7.792064,0,1,
/adult-learner/course-detail/NYP-CI241001/applied-generative-artificial-intelligence-real-world-project-development,cet-q1-2025#engineering,1,0,1,0,1,1,1,11.101702,0,0,1,0,1,0,1,1,1,11.101702,0,0,
/adult-learner/course-detail/NYP-CI241001/applied-generative-artificial-intelligence-real-world-project-development,oh2025,1,0,1,0,1,1,1,0.397292,0,0,1,0,1,0,1,1,1,0.397292,0,0,
/adult-learner/course-detail/NYP-CI241002,(direct),1,0,1,1,1,1,1,33.983865,0,0,1,0,1,1,1,1,1,33.983865,0,0,
/adult-learner/course-detail/NYP-CI241002/mastering-power-apps-from-beginner-to-pro,cet-q1-2025#cybersecurity,1,0,1,0,1,1,1,9.365492,0,1,1,0,1,0,1,1,1,9.365492,0,1,
/adult-learner/course-detail/NYP-CI241003/leading-scaled-agile-framework-safe-synchronous-and-asynchronous-e-learning,(not set),1,0,1,1,2,1,2,202.125123,0,0,1,0,1,1,2,1,2,202.125123,0,0,
/adult-learner/course-detail/NYP-CI241003/leading-scaled-agile-framework-safe-synchronous-and-asynchronous-e-learning,1.20218E+17,1,0,1,1,1,1,1,2.1125,0,1,1,0,1,1,1,1,1,2.1125,0,1,
/adult-learner/course-detail/NYP-CI241006/operational-technology-security-fundamentals,2024S2-sbm-acet,1,0,1,0,1,1,1,23.251542,0,1,1,0,1,0,1,1,1,23.251542,0,1,
/adult-learner/course-detail/NYP-CI241006/operational-technology-security-fundamentals,2024s2-sbm-shortcourses,1,0,1,1,1,1,1,5.450517,0,0,1,0,1,1,1,1,1,5.450517,0,0,
/adult-learner/course-detail/NYP-CI241006/operational-technology-security-fundamentals,OH25,1,0,1,1,3,1,3,1106.077226,0,1,1,0,1,1,3,1,3,1106.077226,0,1,
/adult-learner/course-detail/NYP-CI241006/operational-technology-security-fundamentals,cet-q1-2025#personal-development,1,0,1,1,1,1,1,26.47867,0,1,1,0,1,1,1,1,1,26.47867,0,1,
/adult-learner/course-detail/NYP-CI245009/full-stack-application-development,(referral),1,0,1,0,1,1,1,9.620196,0,1,1,0,1,0,1,1,1,9.620196,0,1,
/adult-learner/course-detail/NYP-CI245016/data-analysis-and-exploration,(referral),1,0,1,1,1,1,1,24.175177,0,0,1,0,1,1,1,1,1,24.175177,0,0,
/adult-learner/course-detail/NYP-CI245019/ms-project-training,(not set),1,0,1,0,1,1,1,0.314287,0,0,1,0,1,0,1,1,1,0.314287,0,0,
/adult-learner/course-detail/NYP-CI245019/ms-project-training,1.20218E+17,1,0,1,1,1,1,1,10.954302,0,0,1,0,1,1,1,1,1,10.954302,0,0,
/adult-learner/course-detail/NYP-CI246001/generative-ai-work,(not set),1,0,1,1,1,1,1,13.12275,0,0,1,0,1,1,1,1,1,13.12275,0,0,
/adult-learner/course-detail/NYP-CI246001/generative-ai-work,(referral),1,0,1,1,5,6,0.833333333,95.27458967,0,0,1,0,1,1,5,6,0.833333333,95.27458967,0,0,
/adult-learner/course-detail/NYP-CI246001/generative-ai-work,2024S2-sbm-acet,1,0,1,1,1,1,1,9.060871,0,0,1,0,1,1,1,1,1,9.060871,0,0,
/adult-learner/course-detail/NYP-CI5752/cstp-preparatory-training-programme-and-certification-examination,(direct),1,0,1,0,1,1,1,11.669346,0,0,1,0,1,0,1,1,1,11.669346,0,0,
/adult-learner/course-detail/NYP-CI5752/cstp-preparatory-training-programme-and-certification-examination,(organic),1,0,1,1,1,1,1,5.87444,0,0,1,0,1,1,1,1,1,5.87444,0,0,
/adult-learner/course-detail/NYP-CI5834/data-analytics-workshop,OH25,1,0,1,1,1,1,1,8.807453,0,0,1,0,1,1,1,1,1,8.807453,0,0,
/adult-learner/course-detail/NYP-CK1244/workplace-communication-effective-presentation,cet-q1-2025#personal-development,1,0,1,0,1,1,1,1.93144,0,0,1,0,1,0,1,1,1,1.93144,0,0,
/adult-learner/course-detail/NYP-CK1308/workplace-communication-effective-email-writing,2024s2-sbm-shortcourses,1,0,1,1,1,1,1,12.674018,0,0,1,0,1,1,1,1,1,12.674018,0,0,
/adult-learner/course-detail/NYP-CK1308/workplace-communication-effective-email-writing,oh2025,1,0,1,1,1,1,1,29.505863,0,0,1,0,1,1,1,1,1,29.505863,0,0,
/adult-learner/course-detail/NYP-CK1491/building-resilience-for-workplace-success-synchronous-e-learning,(not set),1,0,1,1,2,1,2,191.47141,0,0,1,0,1,1,2,1,2,191.47141,0,0,
/adult-learner/course-detail/NYP-CK2018/delivering-successful-presentations-synchronous-e-learning,(not set),1,0,1,1,2,1,2,107.781915,0,0,1,0,1,1,2,1,2,107.781915,0,0,
/adult-learner/course-detail/NYP-CK2018/delivering-successful-presentations-synchronous-e-learning,cet-q1-2025,1,0,1,0,1,1,1,1.289901,0,1,1,0,1,0,1,1,1,1.289901,0,1,
/adult-learner/course-detail/NYP-CK2019/emailing-made-easy,2024S2-sbm-acet,1,0,1,0,1,1,1,10.191169,0,0,1,0,1,0,1,1,1,10.191169,0,0,
/adult-learner/course-detail/NYP-CK2020/emailing-made-easy-synchronous-e-learning,(not set),1,0,1,1,5,1,5,290.847228,0,0,1,0,1,1,5,1,5,290.847228,0,0,
/adult-learner/course-detail/NYP-CK231001/building-resilience-for-workplace-success,cet-q1-2025,1,0,1,1,1,1,1,12.411851,0,0,1,0,1,1,1,1,1,12.411851,0,0,
/adult-learner/course-detail/NYP-CK241001/workplace-communication-effective-email-writing-synchronous-elearning,(referral),1,0,1,0,1,1,1,111.260403,0,1,1,0,1,0,1,1,1,111.260403,0,1,
/adult-learner/course-detail/NYP-CK241001/workplace-communication-effective-email-writing-synchronous-elearning,2025S1-sbm-acet,1,0,1,1,1,2,0.5,4.263705,1,1,1,0,1,1,1,2,0.5,4.263705,1,1,
/adult-learner/course-detail/NYP-CK241004/business-chinese-for-the-workplace,1.20218E+17,1,0,1,0,1,1,1,9.644769,0,0,1,0,1,0,1,1,1,9.644769,0,0,
/adult-learner/course-detail/NYP-CL0392/understanding-food-labels,1.20217E+17,1,0,1,0,1,1,1,45.474131,0,0,1,0,1,0,1,1,1,45.474131,0,0,
/adult-learner/course-detail/NYP-CL0392/understanding-food-labels,1.20217E+17,1,0,1,0,1,1,1,7.022625,0,0,1,0,1,0,1,1,1,7.022625,0,0,
/adult-learner/course-detail/NYP-CL0392/understanding-food-labels,2024S2-sbm-acet,1,0,1,0,1,1,1,14.341994,0,1,1,0,1,0,1,1,1,14.341994,0,1,
/adult-learner/course-detail/NYP-CL0392/understanding-food-labels,2025S1-sbm-acet,1,0,1,0,1,1,1,7.776627,0,1,1,0,1,0,1,1,1,7.776627,0,1,
/adult-learner/course-detail/NYP-CL0443/eat-healthy-and-stay-beautiful-through-tcm-infused-diet,1.20217E+17,1,0,1,0,1,1,1,12.151889,0,0,1,0,1,0,1,1,1,12.151889,0,0,
/adult-learner/course-detail/NYP-CL0443/eat-healthy-and-stay-beautiful-through-tcm-infused-diet,2025S1-sbm-acet,1,0,1,1,1,1,1,6.909704,0,0,1,0,1,1,1,1,1,6.909704,0,0,
/adult-learner/course-detail/NYP-CL0443/eat-healthy-and-stay-beautiful-through-tcm-infused-diet,OH25,1,0,1,1,1,1,1,40.228672,0,1,1,0,1,1,1,1,1,40.228672,0,1,
/adult-learner/course-detail/NYP-CL0443/eat-healthy-and-stay-beautiful-through-tcm-infused-diet,cet-q1-2025#sustainability,1,0,1,0,1,1,1,17.136853,0,0,1,0,1,0,1,1,1,17.136853,0,0,
/adult-learner/course-detail/NYP-CL0443/eat-healthy-and-stay-beautiful-through-tcm-infused-diet,oh2025,1,0,1,1,1,1,1,117.250247,0,0,1,0,1,1,1,1,1,117.250247,0,0,
/adult-learner/course-detail/NYP-CL0518/creating-your-own-scented-candle,2024S2-sbm-acet,1,0,1,0,1,1,1,4.62877,0,0,1,0,1,0,1,1,1,4.62877,0,0,
/adult-learner/course-detail/NYP-CL0518/creating-your-own-scented-candle,cet-q1-2025#digital-marketing,1,0,1,0,1,1,1,97.00254,0,0,1,0,1,0,1,1,1,97.00254,0,0,
/adult-learner/course-detail/NYP-CL0522/ice-cream-making-made-easy,(referral),1,0,1,1,1,2,0.5,0.865782,0.5,0,1,0,1,1,1,2,0.5,0.865782,0.5,0,
/adult-learner/course-detail/NYP-CL0897/tcm-and-your-immune-system-boosting-your-immunity-with-ideas-from-east-and-west,(cross-network),1,1,1,0,1,1,1,37.011562,0,1,1,1,1,0,1,1,1,37.011562,0,1,
/adult-learner/course-detail/NYP-CL0897/tcm-and-your-immune-system-boosting-your-immunity-with-ideas-from-east-and-west,1.20217E+17,1,0,1,0,1,1,1,9.865907,0,0,1,0,1,0,1,1,1,9.865907,0,0,
/adult-learner/course-detail/NYP-CL0897/tcm-and-your-immune-system-boosting-your-immunity-with-ideas-from-east-and-west,2024s2-sbm-shortcourses,1,0,1,1,2,2,1,30.2790715,0,0,1,0,1,1,2,2,1,30.2790715,0,0,
/adult-learner/course-detail/NYP-CL0897/tcm-and-your-immune-system-boosting-your-immunity-with-ideas-from-east-and-west,2025S1-sbm-acet,1,0,1,0,1,1,1,7.427172,0,0,1,0,1,0,1,1,1,7.427172,0,0,
/adult-learner/course-detail/NYP-CL0899/tcm-life-skills-in-sub-health-management-fundamental-approaches,(not set),1,0,1,0,1,1,1,10.726708,0,1,1,0,1,0,1,1,1,10.726708,0,1,
/adult-learner/course-detail/NYP-CL0901/tcm-life-skills-in-sub-health-management-of-common-conditions,(referral),1,0,1,1,1,1,1,30.937378,0,1,1,0,1,1,1,1,1,30.937378,0,1,
/adult-learner/course-detail/NYP-CL0903/knowing-your-fragrances,(organic),1,0,1,0,1,1,1,16.863785,0,0,1,0,1,0,1,1,1,16.863785,0,0,
/adult-learner/course-detail/NYP-CL1082/overview-of-sustainable-and-renewable-energy-technologies-for-a-smart-city,1.20217E+17,1,1,1,0,1,1,1,25.92506,0,1,1,1,1,0,1,1,1,25.92506,0,1,
/adult-learner/course-detail/NYP-CL1082/overview-of-sustainable-and-renewable-energy-technologies-for-a-smart-city,1.20218E+17,1,0,1,0,1,1,1,7.728767,0,1,1,0,1,0,1,1,1,7.728767,0,1,
/adult-learner/course-detail/NYP-CL1082/overview-of-sustainable-and-renewable-energy-technologies-for-a-smart-city,2024s2-sbm-shortcourses,1,0,1,1,5,5,1,22.6545226,0.4,2,1,0,1,1,5,5,1,22.6545226,0.4,2,
/adult-learner/course-detail/NYP-CL1082/overview-of-sustainable-and-renewable-energy-technologies-for-a-smart-city,2025S1-sbm-acet,1,0,1,0,1,1,1,173.135459,0,1,1,0,1,0,1,1,1,173.135459,0,1,
/adult-learner/course-detail/NYP-CL1082/overview-of-sustainable-and-renewable-energy-technologies-for-a-smart-city,oh2025,1,0,1,1,1,1,1,9.119176,0,0,1,0,1,1,1,1,1,9.119176,0,0,
/adult-learner/course-detail/NYP-CL1245/create-healthy-ice-cream-based-on-food-science-knowledge-in-food-pilot-plant,2024s2-sbm-shortcourses,1,0,1,1,3,3,1,5.969621667,0.333333333,1,1,0,1,1,3,3,1,5.969621667,0.333333333,1,
/adult-learner/course-detail/NYP-CL1245/create-healthy-ice-cream-based-on-food-science-knowledge-in-food-pilot-plant,cil3-roadshow,1,0,1,1,1,1,1,24.592654,0,0,1,0,1,1,1,1,1,24.592654,0,0,
/adult-learner/course-detail/NYP-CL1249/good-manufacturing-practices-gmp-what-you-need-to-know,1.20217E+17,1,0,1,0,1,1,1,9.1624,0,0,1,0,1,0,1,1,1,9.1624,0,0,
/adult-learner/course-detail/NYP-CL1249/good-manufacturing-practices-gmp-what-you-need-to-know,1.20217E+17,1,0,1,0,1,1,1,45.334949,0,1,1,0,1,0,1,1,1,45.334949,0,1,
/adult-learner/course-detail/NYP-CL1249/good-manufacturing-practices-gmp-what-you-need-to-know,2024s2-sbm-shortcourses,1,0,1,1,3,3,1,36.973677,0.333333333,1,1,0,1,1,3,3,1,36.973677,0.333333333,1,
/adult-learner/course-detail/NYP-CL1249/good-manufacturing-practices-gmp-what-you-need-to-know,2025S1-sbm-acet,1,0,1,1,1,1,1,7.346381,1,1,1,0,1,1,1,1,1,7.346381,1,1,
/adult-learner/course-detail/NYP-CL1299/sanitisation-technology-and-management-of-infectious-disease-threat,1.20217E+17,1,0,1,0,1,1,1,7.705056,0,1,1,0,1,0,1,1,1,7.705056,0,1,
/adult-learner/course-detail/NYP-CL1299/sanitisation-technology-and-management-of-infectious-disease-threat,cet-q1-2025#digital-marketing,1,0,1,1,1,1,1,77.259504,1,0,1,0,1,1,1,1,1,77.259504,1,0,
/adult-learner/course-detail/NYP-CL1300/understanding-the-immune-system-and-how-medication-interacts-with-it-synchronous-elearning,2024s2-sbm-shortcourses,1,0,1,1,2,2,1,83.826682,0,0,1,0,1,1,2,2,1,83.826682,0,0,
/adult-learner/course-detail/NYP-CL1300/understanding-the-immune-system-and-how-medication-interacts-with-it-synchronous-elearning,2025S1-sbm-acet,1,0,1,1,1,1,1,0.100006,0,0,1,0,1,1,1,1,1,0.100006,0,0,
/adult-learner/course-detail/NYP-CL1300/understanding-the-immune-system-and-how-medication-interacts-with-it-synchronous-elearning,OH25,1,0,1,1,2,1,2,125.886546,0,0,1,0,1,1,2,1,2,125.886546,0,0,
/adult-learner/course-detail/NYP-CL1301/right-food-with-right-medicine-for-diabetes-and-heart-patients,(referral),1,0,1,1,1,1,1,25.300134,0,1,1,0,1,1,1,1,1,25.300134,0,1,
/adult-learner/course-detail/NYP-CL1301/right-food-with-right-medicine-for-diabetes-and-heart-patients-synchronous-elearning,(cross-network),1,1,1,0,1,1,1,0,1,1,1,1,1,0,1,1,1,0,1,1,
/adult-learner/course-detail/NYP-CL1301/right-food-with-right-medicine-for-diabetes-and-heart-patients-synchronous-elearning,1.20217E+17,1,1,1,0,1,1,1,0,1,1,1,1,1,0,1,1,1,0,1,1,
/adult-learner/course-detail/NYP-CL1301/right-food-with-right-medicine-for-diabetes-and-heart-patients-synchronous-elearning,2024s2-sbm-shortcourses,1,0,1,1,2,2,1,0.272111,0,0,1,0,1,1,2,2,1,0.272111,0,0,
/adult-learner/course-detail/NYP-CL1301/right-food-with-right-medicine-for-diabetes-and-heart-patients-synchronous-elearning,OH25,1,0,1,1,2,2,1,18.010564,0.5,2,1,0,1,1,2,2,1,18.010564,0.5,2,
/adult-learner/course-detail/NYP-CL1302/functional-food-in-human-studies,(not set),1,0,1,1,1,1,1,11.815017,0,1,1,0,1,1,1,1,1,11.815017,0,1,
/adult-learner/course-detail/NYP-CL1302/functional-food-in-human-studies,(referral),1,0,1,1,1,1,1,137.871004,0,1,1,0,1,1,1,1,1,137.871004,0,1,
/adult-learner/course-detail/NYP-CL1302/functional-food-in-human-studies,1.20217E+17,1,0,1,0,1,1,1,5.594885,0,1,1,0,1,0,1,1,1,5.594885,0,1,
/adult-learner/course-detail/NYP-CL1367/audit-management-i-synchronous-and-asynchronous,(not set),1,0,1,0,1,1,1,10.96698,0,1,1,0,1,0,1,1,1,10.96698,0,1,
/adult-learner/course-detail/NYP-CL1367/audit-management-i-synchronous-and-asynchronous,(referral),1,0,1,0,1,1,1,24.926973,0,0,1,0,1,0,1,1,1,24.926973,0,0,
/adult-learner/course-detail/NYP-CL230002/introduction-to-peranakan-cuisine,2024s2-sbm-shortcourses,1,0,1,1,3,3,1,8.740482667,0,0,1,0,1,1,3,3,1,8.740482667,0,0,
/adult-learner/course-detail/NYP-CL231001M01/perform-food-cargo-inspection,2025S1-sbm-acet,1,0,1,1,1,1,1,3.515247,0,0,1,0,1,1,1,1,1,3.515247,0,0,
/adult-learner/course-detail/NYP-CL231002M01/carbon-,(direct),1,1,1,0,1,1,1,21.440306,0,1,1,1,1,0,1,1,1,21.440306,0,1,
/adult-learner/course-detail/NYP-CL231002M01/carbon-accounting-and-management,2024S2-sbm-acet,1,0,1,1,1,1,1,48.100588,0,0,1,0,1,1,1,1,1,48.100588,0,0,
/adult-learner/course-detail/NYP-CL231002M01/carbon-accounting-and-management,cet-q1-2025#cybersecurity,1,0,1,1,1,1,1,15.572588,0,0,1,0,1,1,1,1,1,15.572588,0,0,
/adult-learner/course-detail/NYP-CL231002M01/carbon-accounting-and-management,cet-q1-2025#engineering,1,0,1,1,1,1,1,12.662912,0,0,1,0,1,1,1,1,1,12.662912,0,0,
/adult-learner/course-detail/NYP-CL231002M01/carbon-accounting-and-management,cil3-roadshow,1,0,1,1,4,4,1,73.04439675,0,1,1,0,1,1,4,4,1,73.04439675,0,1,
/adult-learner/course-detail/NYP-CL231003M01/pharmacy-technician-entry-to-practice-framework-pt-etp-train-the-trainer-workshop,2024S2-sbm-acet,1,0,1,0,1,1,1,43.286777,0,1,1,0,1,0,1,1,1,43.286777,0,1,
/adult-learner/course-detail/NYP-CL231003M01/pharmacy-technician-entry-to-practice-framework-pt-etp-train-the-trainer-workshop,oh2025,1,0,1,0,1,1,1,1.536008,0,1,1,0,1,0,1,1,1,1.536008,0,1,
/adult-learner/course-detail/NYP-CL240001/certificate-in-ojt-foundational-program,2025S1-sbm-acet,1,0,1,0,1,1,1,31.317753,0,0,1,0,1,0,1,1,1,31.317753,0,0,
/adult-learner/course-detail/NYP-CL240005/food-safety-and-cold-chain-management,2024s2-sbm-shortcourses,1,0,1,1,3,3,1,60.22771467,0,0,1,0,1,1,3,3,1,60.22771467,0,0,
/adult-learner/course-detail/NYP-CL240005/food-safety-and-cold-chain-management,cet-q1-2025#engineering,1,0,0,0,1,1,1,0,1,1,1,0,0,0,1,1,1,0,1,1,
/adult-learner/course-detail/NYP-CL240006/food-microbiology-with-environmental-insights,(not set),1,0,1,1,1,1,1,23.399159,0,0,1,0,1,1,1,1,1,23.399159,0,0,
/adult-learner/course-detail/NYP-CL240006/food-microbiology-with-environmental-insights,(referral),1,0,1,0,1,1,1,1.864958,0,0,1,0,1,0,1,1,1,1.864958,0,0,
/adult-learner/course-detail/NYP-CL240006/food-microbiology-with-environmental-insights,cet-q1-2025#personal-development,1,0,1,1,1,1,1,3.484797,0,0,1,0,1,1,1,1,1,3.484797,0,0,
/adult-learner/course-detail/NYP-CL240007/science-behind-sourdough-bread,(not set),1,0,1,0,1,1,1,82.98244,0,0,1,0,1,0,1,1,1,82.98244,0,0,
/adult-learner/course-detail/NYP-CL241001/reducing-ghg-emissions-through-energy-management-and-audit,1.20217E+17,1,0,1,0,1,1,1,480.719477,0,0,1,0,1,0,1,1,1,480.719477,0,0,
/adult-learner/course-detail/NYP-CL241001/reducing-ghg-emissions-through-energy-management-and-audit,2024S2-sbm-acet,1,0,1,1,1,1,1,9.992361,0,0,1,0,1,1,1,1,1,9.992361,0,0,
/adult-learner/course-detail/NYP-CL241001/reducing-ghg-emissions-through-energy-management-and-audit,2024s2-sbm-shortcourses,1,0,1,1,3,4,0.75,32.691688,0.25,1,1,0,1,1,3,4,0.75,32.691688,0.25,1,
/adult-learner/course-detail/NYP-CL241001/reducing-ghg-emissions-through-energy-management-and-audit,OH25,1,0,1,1,1,1,1,12.408891,0,0,1,0,1,1,1,1,1,12.408891,0,0,
/adult-learner/course-detail/NYP-CL241001/reducing-ghg-emissions-through-energy-management-and-audit,cet-q1-2025#cybersecurity,1,0,1,0,1,1,1,3.338611,0,0,1,0,1,0,1,1,1,3.338611,0,0,
/adult-learner/course-detail/NYP-CL246001/create-healthy-ice-cream,(not set),1,0,1,1,2,2,1,71.793956,0,0,1,0,1,1,2,2,1,71.793956,0,0,
/adult-learner/course-detail/NYP-CL246001/create-healthy-ice-cream,(referral),1,0,1,1,4,5,0.8,122.1806174,0,1,1,0,1,1,4,5,0.8,122.1806174,0,1,
/adult-learner/course-detail/NYP-CLBP01/work-study-post-diploma-advanced-diploma-in-pharmaceutical-sciences,2025S1-sbm-acet,1,0,1,1,3,2,1.5,17.4367,0,0,1,0,1,1,3,2,1.5,17.4367,0,0,
/adult-learner/course-detail/NYP-CLDP01/diploma-in-applied-science-food-technology,1.20217E+17,1,0,1,1,1,1,1,21.163813,0,1,1,0,1,1,1,1,1,21.163813,0,1,
/adult-learner/course-detail/NYP-CLDP01/diploma-in-applied-science-food-technology,1.20218E+17,1,0,1,0,1,1,1,23.86855,0,1,1,0,1,0,1,1,1,23.86855,0,1,
/adult-learner/course-detail/NYP-CLSP05/specialist-diploma-in-energy-and-environmental-management-for-process-industry,1.20217E+17,1,0,1,0,1,1,1,65.23451,0,1,1,0,1,0,1,1,1,65.23451,0,1,
/adult-learner/course-detail/NYP-CLSP05/specialist-diploma-in-energy-and-environmental-management-for-process-industry,2024S2-sbm-acet,1,0,1,1,1,1,1,73.38005,0,1,1,0,1,1,1,1,1,73.38005,0,1,
/adult-learner/course-detail/NYP-CLSP05/specialist-diploma-in-energy-and-environmental-management-for-process-industry,2024s2-sbm-shortcourses,1,0,1,1,7,6,1.166666667,62.925708,0.333333333,2,1,0,1,1,7,6,1.166666667,62.925708,0.333333333,2,
/adult-learner/course-detail/NYP-CLSP06/specialist-diploma-in-nutrition-science,1.20218E+17,1,0,1,0,1,1,1,12.460056,1,0,1,0,1,0,1,1,1,12.460056,1,0,
/adult-learner/course-detail/NYP-CLSP06/specialist-diploma-in-nutrition-science,2024S2-sbm-acet,1,0,1,1,1,1,1,37.201161,0,0,1,0,1,1,1,1,1,37.201161,0,0,
/adult-learner/course-detail/NYP-CLSP06/specialist-diploma-in-nutrition-science,2024s2-sbm-shortcourses,1,0,1,1,2,2,1,91.640708,0,1,1,0,1,1,2,2,1,91.640708,0,1,
/adult-learner/course-detail/NYP-CLSP06/specialist-diploma-in-nutrition-science,cet-q1-2025#sustainability,1,0,1,1,2,2,1,13.2922895,0,0,1,0,1,1,2,2,1,13.2922895,0,0,
/adult-learner/course-detail/NYP-CLSP06/specialist-diploma-in-nutrition-scienceSpecialist Diploma in in Clinical Research Management,2024s2-sbm-shortcourses,1,0,1,1,1,1,1,7.461805,0,0,1,0,1,1,1,1,1,7.461805,0,0,
/adult-learner/course-detail/NYP-CLSP07/specialist-diploma-in-clinical-research-management,2024s2-sbm-shortcourses,1,0,1,1,2,2,1,13.4699185,0,0,1,0,1,1,2,2,1,13.4699185,0,0,
/adult-learner/course-detail/NYP-CLSP07/specialist-diploma-in-clinical-research-management,cet-q1-2025#personal-development,1,0,1,1,1,1,1,0.812521,0,0,1,0,1,1,1,1,1,0.812521,0,0,
/adult-learner/course-detail/NYP-CLSP07/specialist-diploma-in-clinical-research-managementDiploma in Applied Science (Food Technology),2024s2-sbm-shortcourses,1,0,1,1,1,1,1,2.942381,0,0,1,0,1,1,1,1,1,2.942381,0,0,
/adult-learner/course-detail/NYP-CX1107/aerial-drone-photography,2024s2-sbm-shortcourses,1,0,1,1,1,1,1,13.263311,0,0,1,0,1,1,1,1,1,13.263311,0,0,
/adult-learner/course-detail/NYP-CX1107/aerial-drone-photography,cet-q1-2025#digital-marketing,1,0,1,0,1,1,1,9.002813,0,0,1,0,1,0,1,1,1,9.002813,0,0,
/adult-learner/course-detail/NYP-CX1258/bim-revit-for-architecture-level-1,(not set),1,0,1,1,4,2,2,71.8800845,0,0,1,0,1,1,4,2,2,71.8800845,0,0,
/adult-learner/course-detail/NYP-CX1258/bim-revit-for-architecture-level-1,2024s2-sbm-shortcourses,1,0,1,1,1,1,1,16.083784,0,0,1,0,1,1,1,1,1,16.083784,0,0,
/adult-learner/course-detail/NYP-CX1258/bim-revit-for-architecture-level-1,2025S1-sbm-acet,1,0,1,0,1,1,1,60.794511,0,0,1,0,1,0,1,1,1,60.794511,0,0,
/adult-learner/course-detail/NYP-CX1258/bim-revit-for-architecture-level-1,oh2025,1,0,1,1,1,1,1,4.805734,0,0,1,0,1,1,1,1,1,4.805734,0,0,
/adult-learner/course-detail/NYP-CX1259/bim-revit-for-architecture-level-2,(not set),1,0,1,1,1,1,1,236.575831,0,0,1,0,1,1,1,1,1,236.575831,0,0,
/adult-learner/course-detail/NYP-CX1259/bim-revit-for-architecture-level-2,2024S2-sbm-acet,1,0,1,1,1,1,1,19.272137,0,1,1,0,1,1,1,1,1,19.272137,0,1,
/adult-learner/course-detail/NYP-CX1259/bim-revit-for-architecture-level-2,2024s2-sbm-shortcourses,1,0,1,1,1,1,1,11.246292,0,0,1,0,1,1,1,1,1,11.246292,0,0,
/adult-learner/course-detail/NYP-CX1287/harnessing-design-thinking-for-innovation,2024s2-sbm-shortcourses,1,0,1,1,1,1,1,19.116284,0,0,1,0,1,1,1,1,1,19.116284,0,0,
/adult-learner/course-detail/NYP-CX1287/harnessing-design-thinking-for-innovation,cet-q1-2025#personal-development,1,0,1,1,1,1,1,105.538407,0,0,1,0,1,1,1,1,1,105.538407,0,0,
/adult-learner/course-detail/NYP-CX1288/service-experience-design-4-day-mini-series,(not set),1,0,1,1,7,1,7,229.067779,0,0,1,0,1,1,7,1,7,229.067779,0,0,
/adult-learner/course-detail/NYP-CX1288/service-experience-design-4-day-mini-series,1.20218E+17,1,0,0,0,1,1,1,0,1,1,1,0,0,0,1,1,1,0,1,1,
/adult-learner/course-detail/NYP-CX1288/service-experience-design-4-day-mini-series,2024s2-sbm-shortcourses,1,0,1,1,1,1,1,0,0,0,1,0,1,1,1,1,1,0,0,0,
/adult-learner/course-detail/NYP-CX1288/service-experience-design-4-day-mini-series,2025S1-sbm-acet,1,0,1,0,1,1,1,18.993508,0,0,1,0,1,0,1,1,1,18.993508,0,0,
/adult-learner/course-detail/NYP-CX1306/video-editing-made-easy-with-smartphone,(not set),1,0,1,1,8,7,1.142857143,212.7765917,0,4,1,0,1,1,8,7,1.142857143,212.7765917,0,4,
/adult-learner/course-detail/NYP-CX1306/video-editing-made-easy-with-smartphone,1.20218E+17,1,0,1,0,1,1,1,142.518249,0,0,1,0,1,0,1,1,1,142.518249,0,0,
/adult-learner/course-detail/NYP-CX1306/video-editing-made-easy-with-smartphone,1.20218E+17,1,0,1,1,3,1,3,206.323704,0,0,1,0,1,1,3,1,3,206.323704,0,0,
/adult-learner/course-detail/NYP-CX1306/video-editing-made-easy-with-smartphone,2024s2-sbm-shortcourses,1,0,1,1,1,1,1,19.396,0,0,1,0,1,1,1,1,1,19.396,0,0,
/adult-learner/course-detail/NYP-CX1306/video-editing-made-easy-with-smartphone,cet-q1-2025#digital-marketing,1,0,1,0,1,1,1,7.987261,0,0,1,0,1,0,1,1,1,7.987261,0,0,
/adult-learner/course-detail/NYP-CX1331/storytelling-using-smartphone-photography,2024S2-sbm-acet,1,0,1,1,1,1,1,13.394739,0,0,1,0,1,1,1,1,1,13.394739,0,0,
/adult-learner/course-detail/NYP-CX1331/storytelling-using-smartphone-photography,oh2025,1,0,1,1,1,1,1,97.912727,0,0,1,0,1,1,1,1,1,97.912727,0,0,
/adult-learner/course-detail/NYP-CX1497/blender-for-beginners,(referral),1,0,1,0,1,1,1,22.058715,0,0,1,0,1,0,1,1,1,22.058715,0,0,
/adult-learner/course-detail/NYP-CX1497/blender-for-beginners,2024S2-sbm-acet,1,0,1,0,1,1,1,15.273891,0,0,1,0,1,0,1,1,1,15.273891,0,0,
/adult-learner/course-detail/NYP-CX1497/blender-for-beginners,2024s2-sbm-shortcourses,1,0,1,1,2,2,1,17.225271,0,0,1,0,1,1,2,2,1,17.225271,0,0,
/adult-learner/course-detail/NYP-CX1497/blender-for-beginnerscan,(organic),1,0,1,1,1,1,1,108.604974,0,0,1,0,1,1,1,1,1,108.604974,0,0,
/adult-learner/course-detail/NYP-CX1541/digital-sculpting-in-blender,(referral),1,0,1,0,1,1,1,4.065433,0,1,1,0,1,0,1,1,1,4.065433,0,1,
/adult-learner/course-detail/NYP-CX1541/digital-sculpting-in-blender,2024s2-sbm-shortcourses,1,0,1,1,1,1,1,8.590162,0,0,1,0,1,1,1,1,1,8.590162,0,0,
/adult-learner/course-detail/NYP-CX1541/digital-sculpting-in-blender,cet-q1-2025#digital-marketing,1,0,1,0,1,1,1,6.014875,0,0,1,0,1,0,1,1,1,6.014875,0,0,
/adult-learner/course-detail/NYP-CX1541/digital-sculpting-in-blender,oh2025,1,0,1,0,3,1,3,142.408073,0,0,1,0,1,0,3,1,3,142.408073,0,0,
/adult-learner/course-detail/NYP-CX2005/embrace-innovation-through-design-thinking,2024s2-sbm-shortcourses,1,0,1,1,1,1,1,27.00801,0,0,1,0,1,1,1,1,1,27.00801,0,0,
/adult-learner/course-detail/NYP-CX2006/empathy-driven-customer-experience,(not set),1,0,1,1,2,1,2,181.868796,0,0,1,0,1,1,2,1,2,181.868796,0,0,
/adult-learner/course-detail/NYP-CX2006/empathy-driven-customer-experience,cet-q1-2025,1,0,1,0,1,1,1,61.25771,0,0,1,0,1,0,1,1,1,61.25771,0,0,
/adult-learner/course-detail/NYP-CX235005/ai-powered-content-creation,(not set),1,0,1,1,2,2,1,96.396593,0,0,1,0,1,1,2,2,1,96.396593,0,0,
/adult-learner/course-detail/NYP-CX235005/ai-powered-content-creation,2024s2-sbm-shortcourses,1,0,1,1,1,1,1,68.824672,0,0,1,0,1,1,1,1,1,68.824672,0,0,
/adult-learner/course-detail/NYP-CX235005/ai-powered-content-creation,cet-q1-2025#digital-marketing,1,0,1,0,1,1,1,4.006914,0,0,1,0,1,0,1,1,1,4.006914,0,0,
/adult-learner/course-detail/NYP-CX241001/digital-photography-for-working-professionals,2024s2-sbm-shortcourses,1,0,1,1,1,1,1,1414.07621,0,0,1,0,1,1,1,1,1,1414.07621,0,0,
/adult-learner/course-detail/NYP-CX241001/digital-photography-for-working-professionalsNUS,(organic),1,0,1,0,1,1,1,3.622924,0,1,1,0,1,0,1,1,1,3.622924,0,1,
/adult-learner/course-detail/NYP-CX241002/user-experience-for-everyone,(not set),1,0,1,1,1,1,1,26.179503,0,0,1,0,1,1,1,1,1,26.179503,0,0,
/adult-learner/course-detail/NYP-CX241002/user-experience-for-everyone,(referral),1,0,1,0,1,1,1,62.523639,0,0,1,0,1,0,1,1,1,62.523639,0,0,
/adult-learner/course-detail/NYP-CX241002/user-experience-for-everyone,2024s2-sbm-shortcourses,1,0,1,1,1,2,0.5,125.497108,0.5,1,1,0,1,1,1,2,0.5,125.497108,0.5,1,
/adult-learner/course-detail/NYP-CX241003/storytelling-using-generative-artificial-intelligence,1.20218E+17,1,0,1,0,1,1,1,10.140218,0,0,1,0,1,0,1,1,1,10.140218,0,0,
/adult-learner/course-detail/NYP-CX241003/storytelling-using-generative-artificial-intelligence,1.20218E+17,1,0,1,0,1,1,1,29.073956,0,1,1,0,1,0,1,1,1,29.073956,0,1,
/adult-learner/course-detail/NYP-CX241003/storytelling-using-generative-artificial-intelligence,1.20218E+17,1,0,1,1,1,1,1,36.484546,0,0,1,0,1,1,1,1,1,36.484546,0,0,
/adult-learner/course-detail/NYP-CX241003/storytelling-using-generative-artificial-intelligence,2024S2-sbm-acet,1,0,1,1,1,1,1,62.265198,0,0,1,0,1,1,1,1,1,62.265198,0,0,
/adult-learner/course-detail/NYP-CX241003/storytelling-using-generative-artificial-intelligence,OH25,1,0,1,1,2,2,1,0.684869,0.5,2,1,0,1,1,2,2,1,0.684869,0.5,2,
/adult-learner/course-detail/NYP-CX241003/storytelling-using-generative-artificial-intelligence,cet-q1-2025#engineering,1,0,1,1,1,1,1,4.869876,0,0,1,0,1,1,1,1,1,4.869876,0,0,
/adult-learner/course-detail/NYP-CX241003/storytelling-using-generative-artificial-intelligence,cet-q1-2025#sustainability,1,0,1,0,1,1,1,35.12514,0,1,1,0,1,0,1,1,1,35.12514,0,1,
/adult-learner/course-detail/NYP-CX241003/storytelling-using-generative-artificial-intelligence,cil3-roadshow,1,0,1,1,1,1,1,61.141009,0,0,1,0,1,1,1,1,1,61.141009,0,0,
/adult-learner/course-detail/NYP-CX245004/digital-content-and-visual-design-with-generative-ai,2025S1-sbm-acet,1,0,1,1,2,1,2,42.392053,0,0,1,0,1,1,2,1,2,42.392053,0,0,
/adult-learner/course-detail/NYP-CX245004/digital-content-and-visual-design-with-generative-ai,cet-q1-2025#digital-marketing,1,0,1,0,1,1,1,8.009566,0,0,1,0,1,0,1,1,1,8.009566,0,0,
/adult-learner/course-detail/NYP-DXEP05/work-study-post-diploma-specialist-diploma-in-digital-media-production,1.20218E+17,1,0,1,0,1,1,1,5.297209,0,1,1,0,1,0,1,1,1,5.297209,0,1,
/adult-learner/course-detail/NYP-DXEP05/work-study-post-diploma-specialist-diploma-in-digital-media-production,2024S2-sbm-acet,1,0,1,0,1,1,1,9.782934,0,1,1,0,1,0,1,1,1,9.782934,0,1,
/adult-learner/course-detail/NYP-DXEP05/work-study-post-diploma-specialist-diploma-in-digital-media-production,OH25,1,0,1,1,1,1,1,33.089142,0,0,1,0,1,1,1,1,1,33.089142,0,0,
/adult-learner/course-detail/NYP-DXEP05/work-study-post-diploma-specialist-diploma-in-digital-media-production,cet-q1-2025#digital-marketing,1,0,1,0,1,1,1,29.042174,0,0,1,0,1,0,1,1,1,29.042174,0,0,
/adult-learner/course-detail/NYP-DXEP06/work-study-post-diploma-specialist-dip-in-digital-content-creation-for-e-commerce,1.20218E+17,1,0,1,0,2,1,2,158.533208,0,0,1,0,1,0,2,1,2,158.533208,0,0,
/adult-learner/course-detail/NYP-DXEP06/work-study-post-diploma-specialist-dip-in-digital-content-creation-for-e-commerce,1.20218E+17,1,0,1,0,2,1,2,28.801866,0,0,1,0,1,0,2,1,2,28.801866,0,0,
/adult-learner/course-detail/NYP-DXEP06/work-study-post-diploma-specialist-dip-in-digital-content-creation-for-e-commerce,cet-q1-2025#digital-marketing,1,0,1,0,1,1,1,11.954343,0,0,1,0,1,0,1,1,1,11.954343,0,0,
/adult-learner/course-detail/NYP-DXEP07/work-study-post-diploma-programme-specialist-diploma-in-user-experience-design-and-management,2024S2-sbm-acet,1,0,1,1,1,1,1,10.149113,0,1,1,0,1,1,1,1,1,10.149113,0,1,
/adult-learner/course-detail/NYP-DXEP07/work-study-post-diploma-programme-specialist-diploma-in-user-experience-design-and-management,OH25,1,0,1,1,1,1,1,1758.709951,0,1,1,0,1,1,1,1,1,1758.709951,0,1,
/adult-learner/course-detail/NYP-DXEP07/work-study-post-diploma-programme-specialist-diploma-in-user-experience-design-and-management,cet-q1-2025#digital-marketing,1,0,1,0,1,1,1,7.978971,0,0,1,0,1,0,1,1,1,7.978971,0,0,
/adult-learner/course-detail/NYP-DXEP09/work-study-post-diploma-specialist-diploma-in-spatial-design,OH25,1,0,1,1,2,1,2,236.358224,0,1,1,0,1,1,2,1,2,236.358224,0,1,
/adult-learner/course-detail/NYP-DXEP09/work-study-post-diploma-specialist-diploma-in-spatial-design,cet-q1-2025#personal-development,1,0,1,1,1,1,1,15.449128,0,0,1,0,1,1,1,1,1,15.449128,0,0,
/adult-learner/course-detail/NYP-DXEP09/work-study-post-diploma-specialist-diploma-in-spatial-design,oh2025,1,0,1,0,1,1,1,13.860582,0,1,1,0,1,0,1,1,1,13.860582,0,1,
/adult-learner/course-detail/NYP-DXSP01/specialist-diploma-in-smart-project-and-facilities-management,1.20215E+17,1,0,1,1,2,2,1,18.6471255,0.5,1,1,0,1,1,2,2,1,18.6471255,0.5,1,
/adult-learner/course-detail/NYP-DXSP01/specialist-diploma-in-smart-project-and-facilities-management,1.20218E+17,1,0,1,0,1,1,1,395.143176,0,1,1,0,1,0,1,1,1,395.143176,0,1,
/adult-learner/course-detail/NYP-DXSP01/specialist-diploma-in-smart-project-and-facilities-management,OH25,1,0,1,1,1,1,1,213.791159,0,1,1,0,1,1,1,1,1,213.791159,0,1,
/adult-learner/course-detail/NYP-DXSP01/specialist-diploma-in-smart-project-and-facilities-management,cil3-roadshow,1,0,1,0,1,1,1,6.847527,0,1,1,0,1,0,1,1,1,6.847527,0,1,
/adult-learner/course-detail/NYP-DXSP02/specialist-diploma-in-visual-effects,2024S2-sbm-acet,1,0,1,1,3,2,1.5,236.5159175,0,1,1,0,1,1,3,2,1.5,236.5159175,0,1,
/adult-learner/course-detail/NYP-DXSP02/specialist-diploma-in-visual-effects,2025S1-sbm-acet,1,0,1,1,2,1,2,13.059065,0,1,1,0,1,1,2,1,2,13.059065,0,1,
/adult-learner/course-detail/NYP-DXSP02/specialist-diploma-in-visual-effects,cet-q1-2025#engineering,1,0,0,0,1,1,1,0,1,1,1,0,0,0,1,1,1,0,1,1,
/adult-learner/course-detail/NYP-DXSP02/specialist-diploma-in-visual-effects,cet-q1-2025#sustainability,1,0,0,0,1,1,1,9.807043,1,1,1,0,0,0,1,1,1,9.807043,1,1,
/adult-learner/course-detail/NYP-DXSP03/specialist-diploma-in-service-experience-design-and-innovation,(cross-network),1,1,1,0,1,1,1,0,1,1,1,1,1,0,1,1,1,0,1,1,
/adult-learner/course-detail/NYP-DXSP03/specialist-diploma-in-service-experience-design-and-innovation,1.20217E+17,1,0,0,0,1,1,1,0,1,1,1,0,0,0,1,1,1,0,1,1,
/adult-learner/course-detail/NYP-DXSP03/specialist-diploma-in-service-experience-design-and-innovation,2024S2-sbm-acet,1,0,1,1,3,2,1.5,281.119869,0,1,1,0,1,1,3,2,1.5,281.119869,0,1,
/adult-learner/course-detail/NYP-DXSP03/specialist-diploma-in-service-experience-design-and-innovation,cet-q1-2025#sustainability,1,0,1,1,1,1,1,1.270495,0,0,1,0,1,1,1,1,1,1.270495,0,0,
/adult-learner/course-detail/NYP-DXSP04/specialist-diploma-in-augmented-reality-and-virtual-reality,1.20217E+17,1,0,0,0,1,1,1,0,1,1,1,0,0,0,1,1,1,0,1,1,
/adult-learner/course-detail/NYP-DXSP04/specialist-diploma-in-augmented-reality-and-virtual-reality,2024S2-sbm-acet,1,0,1,1,2,1,2,22.358506,0,0,1,0,1,1,2,1,2,22.358506,0,0,
/adult-learner/course-detail/NYP-DXSP04/specialist-diploma-in-augmented-reality-and-virtual-reality,OH25,1,0,1,1,1,1,1,12.766931,0,0,1,0,1,1,1,1,1,12.766931,0,0,
/adult-learner/course-detail/NYP-DXSP04/specialist-diploma-in-augmented-reality-and-virtual-reality,cet-q1-2025#digital-marketing,1,0,0,0,1,1,1,0,1,1,1,0,0,0,1,1,1,0,1,1,
/adult-learner/course-detail/NYP-DXSP05/specialist-diploma-in-digital-media-production,1.2021E+17,1,0,1,1,1,1,1,14.67225,0,1,1,0,1,1,1,1,1,14.67225,0,1,
/adult-learner/course-detail/NYP-DXSP05/specialist-diploma-in-digital-media-production,OH25,1,0,1,1,1,1,1,7.763561,0,0,1,0,1,1,1,1,1,7.763561,0,0,
/adult-learner/course-detail/NYP-DXSP05/specialist-diploma-in-digital-media-production,cet-q1-2025#cybersecurity,1,0,0,0,2,2,1,0,1,2,1,0,0,0,2,2,1,0,1,2,
/adult-learner/course-detail/NYP-DXSP05/specialist-diploma-in-digital-media-production,cet-q1-2025#sustainability,1,0,0,0,1,1,1,9.231687,1,1,1,0,0,0,1,1,1,9.231687,1,1,
/adult-learner/course-detail/NYP-DXSP06/specialist-diploma-in-digital-content-creation-for-e-commerce,1.20215E+17,1,0,0,0,1,1,1,0,1,1,1,0,0,0,1,1,1,0,1,1,
/adult-learner/course-detail/NYP-DXSP06/specialist-diploma-in-digital-content-creation-for-e-commerce,cet-q1-2025#engineering,1,0,1,1,1,1,1,47.775856,0,1,1,0,1,1,1,1,1,47.775856,0,1,
/adult-learner/course-detail/NYP-DXSP07/specialist-diploma-in-user-experience-design-and-management,cet-q1-2025#digital-marketing,1,0,1,1,1,1,1,29.747083,0,0,1,0,1,1,1,1,1,29.747083,0,0,
/adult-learner/course-detail/NYP-DXSP09/specialist-diploma-in-spatial-design,OH25,1,0,1,0,1,1,1,131.255047,0,1,1,0,1,0,1,1,1,131.255047,0,1,
/adult-learner/course-detail/NYP-DXSP09/specialist-diploma-in-spatial-design,cet-q1-2025#digital-marketing,1,0,0,0,1,1,1,0,1,1,1,0,0,0,1,1,1,0,1,1,
/adult-learner/course-detail/NYP-EG101W/manage-manufacturing-productivity-improvement,cet-q1-2025,1,0,1,0,1,1,1,20.86093,0,0,1,0,1,0,1,1,1,20.86093,0,0,
/adult-learner/course-detail/NYP-EG102W/apply-productivity-improvement-tools,(organic),1,0,1,1,1,1,1,34.910493,0,0,1,0,1,1,1,1,1,34.910493,0,0,
/adult-learner/course-detail/NYP-EG103W/apply-mathematical-concepts-in-engineering-solutions,cet-q1-2025#engineering,1,0,1,0,1,1,1,35.534326,0,0,1,0,1,0,1,1,1,35.534326,0,0,
/adult-learner/course-detail/NYP-EG103W/apply-mathematical-concepts-in-engineering-solutions,oh2025,1,0,1,1,1,1,1,14.071281,0,1,1,0,1,1,1,1,1,14.071281,0,1,
/adult-learner/course-detail/NYP-EG104W/apply-mechanics-in-design-solutions,2025S1-sbm-acet,1,0,1,0,1,1,1,99.618981,0,1,1,0,1,0,1,1,1,99.618981,0,1,
/adult-learner/course-detail/NYP-EG107W/apply-computer-aided-design-cad-techniques,cet-q1-2025#engineering,1,0,1,0,1,1,1,31.371069,0,0,1,0,1,0,1,1,1,31.371069,0,0,
/adult-learner/course-detail/NYP-EG122W/apply-advanced-cnc-machining,(not set),1,0,1,1,2,2,1,66.687398,0,1,1,0,1,1,2,2,1,66.687398,0,1,
/adult-learner/course-detail/NYP-EG122W/apply-advanced-cnc-machining,(referral),1,1,1,0,1,1,1,20.044087,0,1,1,1,1,0,1,1,1,20.044087,0,1,
/adult-learner/course-detail/NYP-EG124W/apply-process-optimisation-and-cutting-technologies,(organic),1,0,1,0,2,1,2,1.464198,0,0,1,0,1,0,2,1,2,1.464198,0,0,
/adult-learner/course-detail/NYP-EG201W/apply-advanced-metrology-and-qa,(not set),1,0,1,0,1,1,1,32.995941,0,0,1,0,1,0,1,1,1,32.995941,0,0,
/adult-learner/course-detail/NYP-EG201W/apply-advanced-metrology-and-qa,cet-q1-2025,1,0,1,0,1,1,1,13.240264,0,0,1,0,1,0,1,1,1,13.240264,0,0,
/adult-learner/course-detail/NYP-EG201W/apply-advanced-metrology-and-qa,cet-q1-2025#engineering,1,0,1,0,1,1,1,2.831879,0,0,1,0,1,0,1,1,1,2.831879,0,0,
/adult-learner/course-detail/NYP-EG203W/apply-advanced-manufacturing-technology-and-process,2025S1-sbm-acet,1,0,1,0,1,1,1,1194.701042,0,0,1,0,1,0,1,1,1,1194.701042,0,0,
/adult-learner/course-detail/NYP-EG203W/apply-advanced-manufacturing-technology-and-process,cet-q1-2025#engineering,1,0,1,0,1,1,1,5.336781,0,0,1,0,1,0,1,1,1,5.336781,0,0,
/adult-learner/course-detail/NYP-EG203W/apply-advanced-manufacturing-technology-and-process,cet-q1-2025#personal-development,1,0,1,0,1,1,1,21.293501,0,0,1,0,1,0,1,1,1,21.293501,0,0,
/adult-learner/course-detail/NYP-EG203W/apply-advanced-manufacturing-technology-and-process,oh2025,1,0,1,1,1,1,1,11.384552,0,0,1,0,1,1,1,1,1,11.384552,0,0,
/adult-learner/course-detail/NYP-EG204W/apply-pedagogy-methodology-for-the-workplace-part-1,(not set),1,0,1,0,1,1,1,1.671698,0,0,1,0,1,0,1,1,1,1.671698,0,0,
/adult-learner/course-detail/NYP-EG204W/apply-pedagogy-methodology-for-the-workplace-part-1,cet-q1-2025#digital-marketing,1,0,1,0,1,1,1,8.426865,0,0,1,0,1,0,1,1,1,8.426865,0,0,
/adult-learner/course-detail/NYP-EG204W/apply-pedagogy-methodology-for-the-workplace-part-1,cet-q1-2025#personal-development,1,0,1,0,1,1,1,9.449958,0,0,1,0,1,0,1,1,1,9.449958,0,0,
/adult-learner/course-detail/NYP-EG205W/apply-pedagogy-methodology-for-the-workplace-part-2,(organic),1,0,1,0,1,1,1,0.962018,0,0,1,0,1,0,1,1,1,0.962018,0,0,
/adult-learner/course-detail/NYP-EG205W/apply-pedagogy-methodology-for-the-workplace-part-2,cet-q1-2025,1,0,1,0,1,1,1,2.707416,0,0,1,0,1,0,1,1,1,2.707416,0,0,
/adult-learner/course-detail/NYP-EG205W/apply-pedagogy-methodology-for-the-workplace-part-2,cet-q1-2025#engineering,1,0,1,0,1,1,1,2.698883,0,0,1,0,1,0,1,1,1,2.698883,0,0,
/adult-learner/course-detail/NYP-EG205W/apply-pedagogy-methodology-for-the-workplace-part-2,cet-q1-2025#personal-development,1,0,1,0,1,1,1,2.489165,0,0,1,0,1,0,1,1,1,2.489165,0,0,
/adult-learner/course-detail/NYP-EG901W/apply-additive-manufacturing-technology-pe-sf,(not set),1,0,1,0,1,1,1,0.400677,0,0,1,0,1,0,1,1,1,0.400677,0,0,
/adult-learner/course-detail/NYP-EG902W/apply-computer-aided-design-cad-techniques-for-additive-manufacturing-pe-sf,cet-q1-2025#personal-development,1,0,1,0,1,1,1,39.568775,0,0,1,0,1,0,1,1,1,39.568775,0,0,
/adult-learner/course-detail/NYP-EG902W/apply-computer-aided-design-cad-techniques-for-additive-manufacturing-pe-sf,oh2025,1,0,1,1,1,1,1,5.085065,0,1,1,0,1,1,1,1,1,5.085065,0,1,
/adult-learner/course-detail/NYP-EG904W/apply-advanced-design-for-additive-manufacturing-pe-sf,(not set),1,0,1,0,1,1,1,13.591778,0,0,1,0,1,0,1,1,1,13.591778,0,0,
/adult-learner/course-detail/NYP-EGDP04/diploma-in-engineering-aerospace-manufacturing,OH25,1,0,1,1,1,1,1,173.646772,0,0,1,0,1,1,1,1,1,173.646772,0,0,
/adult-learner/course-detail/NYP-EGDP06/diploma-in-engineering-electronic-and-digital-engineering,1.20218E+17,1,0,1,0,2,1,2,60.598872,0,0,1,0,1,0,2,1,2,60.598872,0,0,
/adult-learner/course-detail/NYP-EGDP06/diploma-in-engineering-electronic-and-digital-engineering,2024s2-sbm-shortcourses,1,0,1,1,2,1,2,45.861675,0,0,1,0,1,1,2,1,2,45.861675,0,0,
/adult-learner/course-detail/NYP-EGDP06/diploma-in-engineering-electronic-and-digital-engineering.html,(direct),1,0,1,1,2,1,2,82.025719,0,0,1,0,1,1,2,1,2,82.025719,0,0,
/adult-learner/course-detail/NYP-EGDP07/diploma-in-engineering-public-transport-operations,OH25,1,0,1,0,1,1,1,16.424066,0,0,1,0,1,0,1,1,1,16.424066,0,0,
/adult-learner/course-detail/NYP-EGEP02/work-study-post-diploma-specialist-diploma-in-converged-infocomm-infrastructure,2024S2-sbm-acet,1,0,1,0,1,1,1,0.626763,0,0,1,0,1,0,1,1,1,0.626763,0,0,
/adult-learner/course-detail/NYP-EGEP02/work-study-post-diploma-specialist-diploma-in-converged-infocomm-infrastructure,oh2025,1,0,1,1,1,1,1,139.989171,0,0,1,0,1,1,1,1,1,139.989171,0,0,
/adult-learner/course-detail/NYP-EGEP06/work-study-post-diploma-specialist-diploma-in-robotics-and-automation-systems-design,OH25,1,0,1,1,1,1,1,192.752759,0,0,1,0,1,1,1,1,1,192.752759,0,0,
/adult-learner/course-detail/NYP-EGEP06/work-study-post-diploma-specialist-diploma-in-robotics-and-automation-systems-design,cet-q1-2025#personal-development,1,0,1,0,1,1,1,26.931438,0,1,1,0,1,0,1,1,1,26.931438,0,1,
/adult-learner/course-detail/NYP-EGEP06/work-study-post-diploma-specialist-diploma-in-robotics-and-automation-systems-design,oh2025,1,0,1,1,1,1,1,33.480439,0,0,1,0,1,1,1,1,1,33.480439,0,0,
/adult-learner/course-detail/NYP-EGQP06/wsq-diploma-in-precision-engineering-master-craftsman-skills,cet-q1-2025#engineering,1,0,1,0,1,1,1,6.764409,0,1,1,0,1,0,1,1,1,6.764409,0,1,
/adult-learner/course-detail/NYP-EGQP06/wsq-diploma-in-precision-engineering-master-craftsman-skills,eae-fest-2024,1,0,1,1,2,1,2,141.96221,0,1,1,0,1,1,2,1,2,141.96221,0,1,
/adult-learner/course-detail/NYP-EGQP06/wsq-diploma-in-precision-engineering-master-craftsman-skills,oh2025,1,0,1,1,1,1,1,138.746878,0,1,1,0,1,1,1,1,1,138.746878,0,1,
/adult-learner/course-detail/NYP-EGQP09/wspostdip-wsq-specialist-diploma-in-precision-engineering-additive-manufacturing,(organic),1,0,1,1,1,1,1,10.437625,0,0,1,0,1,1,1,1,1,10.437625,0,0,
/adult-learner/course-detail/NYP-EGQP09/wspostdip-wsq-specialist-diploma-in-precision-engineering-additive-manufacturing,cet-q1-2025,1,0,1,0,1,1,1,10.031234,0,0,1,0,1,0,1,1,1,10.031234,0,0,
/adult-learner/course-detail/NYP-EGQP09/wsq-specialist-diploma-in-precision-engineering-additive-manufacturing,(referral),1,0,1,1,1,1,1,42.013018,0,1,1,0,1,1,1,1,1,42.013018,0,1,
/adult-learner/course-detail/NYP-EGQP09/wsq-specialist-diploma-in-precision-engineering-additive-manufacturing,2025S1-sbm-acet,1,0,1,1,1,1,1,215.626588,0,1,1,0,1,1,1,1,1,215.626588,0,1,
/adult-learner/course-detail/NYP-EGQP09/wsq-specialist-diploma-in-precision-engineering-additive-manufacturing,cet-q1-2025,1,0,1,0,1,1,1,1.811133,0,0,1,0,1,0,1,1,1,1.811133,0,0,
/adult-learner/course-detail/NYP-EGSP09/specialist-diploma-in-cloud-data-centre-technology-and-management,1.20218E+17,1,0,1,0,1,1,1,6.602609,0,0,1,0,1,0,1,1,1,6.602609,0,0,
/adult-learner/course-detail/NYP-EGSP09/specialist-diploma-in-cloud-data-centre-technology-and-management,2024s2-sbm-shortcourses,1,0,1,1,2,2,1,274.398325,0,1,1,0,1,1,2,2,1,274.398325,0,1,
/adult-learner/course-detail/NYP-EGSP09/specialist-diploma-in-cloud-data-centre-technology-and-management,2025S1-sbm-acet,1,0,1,1,1,1,1,11.321535,0,1,1,0,1,1,1,1,1,11.321535,0,1,
/adult-learner/course-detail/NYP-EGSP09/specialist-diploma-in-cloud-data-centre-technology-and-management,oh2025,1,0,1,1,2,3,0.666666667,8.250133333,0,2,1,0,1,1,2,3,0.666666667,8.250133333,0,2,
/adult-learner/course-detail/NYP-EGSP13/specialist-diploma-in-cloud-computing-and-intelligent-services-management,cet-q1-2025#cybersecurity,1,0,1,0,1,1,1,0.030681,0,0,1,0,1,0,1,1,1,0.030681,0,0,
/adult-learner/course-detail/NYP-EGSP13/specialist-diploma-in-cloud-computing-and-intelligent-services-management,oh2025,1,0,1,0,1,1,1,47.259562,0,0,1,0,1,0,1,1,1,47.259562,0,0,
/adult-learner/course-detail/NYP-EGSP14/specialist-diploma-in-edge-intelligence-and-embedded-systems,1.20218E+17,1,0,1,0,1,1,1,12.358279,0,0,1,0,1,0,1,1,1,12.358279,0,0,
/adult-learner/course-detail/NYP-EGSP14/specialist-diploma-in-edge-intelligence-and-embedded-systems,2025S1-sbm-acet,1,0,1,1,1,1,1,157.998007,0,0,1,0,1,1,1,1,1,157.998007,0,0,
/adult-learner/course-detail/NYP-EGSP14/specialist-diploma-in-edge-intelligence-and-embedded-systems,oh2025,1,0,1,1,1,1,1,25.020735,0,0,1,0,1,1,1,1,1,25.020735,0,0,
/adult-learner/course-detail/NYP-EGSP15/specialist-diploma-in-cloud-security-and-iot-cloud-services,cet-q1-2025#cybersecurity,1,0,1,0,1,1,1,62.92319,0,0,1,0,1,0,1,1,1,62.92319,0,0,
/adult-learner/course-detail/NYP-EGSP18/specialist-diploma-in-biomedical-and-pharmaceutical-engineering,1.20218E+17,1,0,1,0,1,1,1,22.514859,0,0,1,0,1,0,1,1,1,22.514859,0,0,
/adult-learner/course-detail/NYP-EGSP18/specialist-diploma-in-biomedical-and-pharmaceutical-engineering,2024s2-sbm-shortcourses,1,0,1,1,2,2,1,0.516224,1,2,1,0,1,1,2,2,1,0.516224,1,2,
/adult-learner/course-detail/NYP-EGSP18/specialist-diploma-in-biomedical-and-pharmaceutical-engineeringhttps://www.nyp.edu.sg/adult-learner/course-detail/NYP-EGSP18/specialist-diploma-in-biomedical-and-pharmaceutical-engineering,(organic),1,0,1,1,1,1,1,10.279911,0,1,1,0,1,1,1,1,1,10.279911,0,1,
/adult-learner/course-detail/NYP-EGSP18/specialist-diploma-in-biomedical-engineering,(organic),1,0,1,0,1,1,1,16.185463,0,0,1,0,1,0,1,1,1,16.185463,0,0,
/adult-learner/course-detail/NYP-EGSP19/specialist-diploma-in-robotics-and-automation-systems-design,cet-q1-2025#cybersecurity,1,0,1,0,1,1,1,40.91133,0,1,1,0,1,0,1,1,1,40.91133,0,1,
/adult-learner/course-detail/NYP-EGSP19/specialist-diploma-in-robotics-and-automation-systems-design,cet-q1-2025#personal-development,1,0,1,0,1,1,1,1.749885,0,0,1,0,1,0,1,1,1,1.749885,0,0,
/adult-learner/course-detail/NYP-EGSP19/specialist-diploma-in-robotics-and-automation-systems-design,oh2025,1,0,1,1,1,1,1,8.162963,0,1,1,0,1,1,1,1,1,8.162963,0,1,
/adult-learner/course-detail/NYP-EGSP21/specialist-diploma-in-carbon-management-for-sustainability-reporting,1.20218E+17,1,0,1,0,1,1,1,34.636803,0,0,1,0,1,0,1,1,1,34.636803,0,0,
/adult-learner/course-detail/NYP-EGSP21/specialist-diploma-in-carbon-management-for-sustainability-reporting,2024S2-sbm-acet,1,0,1,0,1,1,1,43.955952,0,1,1,0,1,0,1,1,1,43.955952,0,1,
/adult-learner/course-detail/NYP-EGSP21/specialist-diploma-in-carbon-management-for-sustainability-reporting,2024s2-sbm-shortcourses,1,0,1,1,1,1,1,2.110802,0,0,1,0,1,1,1,1,1,2.110802,0,0,
/adult-learner/course-detail/NYP-EGSP21/specialist-diploma-in-carbon-management-for-sustainability-reporting,OH25,1,0,1,1,1,1,1,0.618621,0,0,1,0,1,1,1,1,1,0.618621,0,0,
/adult-learner/course-detail/NYP-EGSP21/specialist-diploma-in-carbon-management-for-sustainability-reporting,cet-q1-2025#personal-development,1,0,1,0,1,1,1,6.027432,0,1,1,0,1,0,1,1,1,6.027432,0,1,
/adult-learner/course-detail/NYP-EGSP21/specialist-diploma-in-carbon-management-for-sustainability-reporting,oh2025,1,0,1,0,1,1,1,17.910803,0,0,1,0,1,0,1,1,1,17.910803,0,0,
/adult-learner/course-detail/NYP-EGSP22/specialist-diploma-in-sustainable-materials-management,oh2025,1,0,1,0,1,1,1,16.017589,0,0,1,0,1,0,1,1,1,16.017589,0,0,
/adult-learner/course-detail/NYP-EGSP23/specialist-diploma-in-iot-for-sustainable-solutioning,OH25,1,0,1,1,1,1,1,57.314526,0,1,1,0,1,1,1,1,1,57.314526,0,1,
/adult-learner/course-detail/NYP-EGSP23/specialist-diploma-in-iot-for-sustainable-solutioning,cet-q1-2025#personal-development,1,0,1,1,1,1,1,17.647818,0,1,1,0,1,1,1,1,1,17.647818,0,1,
/adult-learner/course-detail/NYP-EGSPA1/post-diploma-certificate-in-gxp-of-operations-management-part-of-specialist-diploma-in-biomedical-and-pharmaceutical-engineering,1.20218E+17,1,0,1,0,1,1,1,1.881829,0,0,1,0,1,0,1,1,1,1.881829,0,0,
/adult-learner/course-detail/NYP-EGSPA1/post-diploma-certificate-in-gxp-of-operations-management-part-of-specialist-diploma-in-biomedical-and-pharmaceutical-engineering,2024S2-sbm-acet,1,0,1,0,1,1,1,1.29027,0,0,1,0,1,0,1,1,1,1.29027,0,0,
/adult-learner/course-detail/NYP-EGSPA1/post-diploma-certificate-in-gxp-of-operations-management-part-of-specialist-diploma-in-biomedical-and-pharmaceutical-engineeringf,(direct),1,0,1,1,1,1,1,4.46407,0,0,1,0,1,1,1,1,1,4.46407,0,0,
/adult-learner/course-detail/NYP-EGSPA1/post-diploma-certificate-in-gxp-of-operations-management-part-of-specialist-diploma-in-biomedical-and-pharmaceutical-engineeringffdf,(direct),1,0,1,1,1,1,1,8.058533,0,0,1,0,1,1,1,1,1,8.058533,0,0,
/adult-learner/course-detail/NYP-EGSPA1/randomtypohere123-post-diploma-certificate-in-gxp-of-operations-management-part-of-specialist-diploma-in-biomedical-and-pharmaceutical-engineering,(direct),1,0,1,1,1,1,1,73.466748,0,0,1,0,1,1,1,1,1,73.466748,0,0,
/adult-learner/course-detail/NYP-EGSPA1d/post-diploma-certificate-in-gxp-of-operations-management-part-of-specialist-diploma-in-biomedical-and-pharmaceutical-engineeringffdf,(referral),1,1,1,0,1,1,1,274.800077,0,1,1,1,1,0,1,1,1,274.800077,0,1,
/adult-learner/course-detail/NYP-EGSPA1randomtypohere/post-diploma-certificate-in-gxp-of-operations-management-part-of-specialist-diploma-in-biomedical-and-pharmaceutical-engineering,(direct),1,0,1,1,2,2,1,24.6012615,0,2,1,0,1,1,2,2,1,24.6012615,0,2,
/adult-learner/course-detail/NYP-EGSPA2/post-diploma-certificate-in-gxp-of-quality-assurance-and-compliance-qac-part-of-specialist-diploma-in-biomedical-and-pharmaceutical-engineering,2025S1-sbm-acet,1,0,1,0,1,1,1,34.314932,0,1,1,0,1,0,1,1,1,34.314932,0,1,
/adult-learner/course-detail/NYP-EGSPA2/post-diploma-certificate-in-gxp-of-quality-assurance-and-compliance-qac-part-of-specialist-diploma-in-biomedical-and-pharmaceutical-engineering,OH25,1,0,1,1,1,1,1,25.687103,0,1,1,0,1,1,1,1,1,25.687103,0,1,
/adult-learner/course-detail/NYP-EGSPA2/post-diploma-certificate-in-gxp-of-quality-assurance-and-compliance-qac-part-of-specialist-diploma-in-biomedical-and-pharmaceutical-engineering,cet-q1-2025#personal-development,1,0,1,0,1,1,1,1.972817,0,1,1,0,1,0,1,1,1,1.972817,0,1,
/adult-learner/course-detail/NYP-EGSPA2/post-diploma-certificate-in-gxp-of-quality-assurance-and-compliance-qac-part-of-specialist-diploma-in-biomedical-and-pharmaceutical-engineering,oh2025,1,0,1,1,1,2,0.5,12.6187375,0,0,1,0,1,1,1,2,0.5,12.6187375,0,0,
/adult-learner/course-detail/NYP-EGSPA3,(organic),1,0,1,1,1,2,0.5,6.7053905,0,0,1,0,1,1,1,2,0.5,6.7053905,0,0,
/adult-learner/course-detail/NYP-EGSPA3/post-diploma-certificate-in-carbon-management-for-a-sustainable-economy-part-of-specialist-diploma-in-carbon-management-for-sustainability-reporting,2024S2-sbm-acet,1,0,1,1,2,1,2,66.458238,0,0,1,0,1,1,2,1,2,66.458238,0,0,
/adult-learner/course-detail/NYP-EGSPA3/post-diploma-certificate-in-carbon-management-for-a-sustainable-economy-part-of-specialist-diploma-in-carbon-management-for-sustainability-reporting,OH25,1,0,1,1,1,1,1,1.834638,0,0,1,0,1,1,1,1,1,1.834638,0,0,
/adult-learner/course-detail/NYP-EGSPA3/post-diploma-certificate-in-carbon-management-for-a-sustainable-economy-part-of-specialist-diploma-in-carbon-management-for-sustainability-reporting,cet-q1-2025#cybersecurity,1,0,1,0,1,1,1,14.18936,0,0,1,0,1,0,1,1,1,14.18936,0,0,
/adult-learner/course-detail/NYP-EGSPA3/post-diploma-certificate-in-carbon-management-for-a-sustainable-economy-part-of-specialist-diploma-in-carbon-management-for-sustainability-reporting,cet-q1-2025#personal-development,1,0,1,0,1,1,1,0.303778,0,1,1,0,1,0,1,1,1,0.303778,0,1,
/adult-learner/course-detail/NYP-EGSPA3/post-diploma-certificate-in-carbon-management-for-a-sustainable-economy-part-of-specialist-diploma-in-carbon-management-for-sustainability-reporting,cil3-roadshow,1,0,1,0,1,1,1,0.652837,0,0,1,0,1,0,1,1,1,0.652837,0,0,
/adult-learner/course-detail/NYP-EGSPA4/post-diploma-certificate-in-sustainability-reporting-and-esg-data-management-part-of-specialist-diploma-in-carbon-management-for-sustainability-reporting,1.20215E+17,1,0,1,1,1,1,1,0.287766,0,0,1,0,1,1,1,1,1,0.287766,0,0,
/adult-learner/course-detail/NYP-EGSPA4/post-diploma-certificate-in-sustainability-reporting-and-esg-data-management-part-of-specialist-diploma-in-carbon-management-for-sustainability-reporting,2024s2-sbm-shortcourses,1,0,1,1,1,1,1,5.640207,0,0,1,0,1,1,1,1,1,5.640207,0,0,
/adult-learner/course-detail/NYP-EGSPA4/post-diploma-certificate-in-sustainability-reporting-and-esg-data-management-part-of-specialist-diploma-in-carbon-management-for-sustainability-reporting,OH25,1,0,1,1,1,1,1,52.466548,0,0,1,0,1,1,1,1,1,52.466548,0,0,
/adult-learner/course-detail/NYP-EGSPA4/post-diploma-certificate-in-sustainability-reporting-and-esg-data-management-part-of-specialist-diploma-in-carbon-management-for-sustainability-reporting,cet-q1-2025#cybersecurity,1,0,1,1,1,1,1,8.043257,0,1,1,0,1,1,1,1,1,8.043257,0,1,
/adult-learner/course-detail/NYP-EGSPA4/post-diploma-certificate-in-sustainability-reporting-and-esg-data-management-part-of-specialist-diploma-in-carbon-management-for-sustainability-reporting,cet-q1-2025#engineering,1,0,1,0,1,1,1,10.968531,0,1,1,0,1,0,1,1,1,10.968531,0,1,
/adult-learner/course-detail/NYP-EGSPA4/post-diploma-certificate-in-sustainability-reporting-and-esg-data-management-part-of-specialist-diploma-in-carbon-management-for-sustainability-reporting,cet-q1-2025#personal-development,1,0,1,0,1,1,1,30.490975,0,0,1,0,1,0,1,1,1,30.490975,0,0,
/adult-learner/course-detail/NYP-EGSPA5/post-diploma-certificate-in-materials-sustainability-and-governance-part-of-specialist-diploma-in-sustainable-materials-management,cet-q1-2025#engineering,1,0,1,0,1,1,1,10.188779,0,1,1,0,1,0,1,1,1,10.188779,0,1,
/adult-learner/course-detail/NYP-EGSPA5/post-diploma-certificate-in-materials-sustainability-and-governance-part-of-specialist-diploma-in-sustainable-materials-management,cet-q1-2025#sustainability,1,0,1,0,1,1,1,117.335587,0,0,1,0,1,0,1,1,1,117.335587,0,0,
/adult-learner/course-detail/NYP-EGSPA5/post-diploma-certificate-in-materials-sustainability-and-governance-part-of-specialist-diploma-in-sustainable-materials-management,cil3-roadshow,1,0,1,1,7,7,1,4.183577571,0.285714286,2,1,0,1,1,7,7,1,4.183577571,0.285714286,2,
/adult-learner/course-detail/NYP-EGSPA5/post-diploma-certificate-in-materials-sustainability-and-governance-part-of-specialist-diploma-in-sustainable-materials-management,oh2025,1,0,1,0,1,1,1,22.309377,0,0,1,0,1,0,1,1,1,22.309377,0,0,
/adult-learner/course-detail/NYP-EGSPA6/post-diploma-certificate-in-iot-implementation-for-sustainability-solutioning-part-of-specialist-diploma-in-iot-for-sustainable-solutioning,cet-q1-2025#cybersecurity,1,0,1,1,1,1,1,8.974414,0,1,1,0,1,1,1,1,1,8.974414,0,1,
/adult-learner/course-detail/NYP-EGSPA6/post-diploma-certificate-in-iot-implementation-for-sustainability-solutioning-part-of-specialist-diploma-in-iot-for-sustainable-solutioning,cil3-roadshow,1,0,1,1,4,4,1,11.177148,0,1,1,0,1,1,4,4,1,11.177148,0,1,
/adult-learner/course-detail/NYP-HSAF21/YWR2YW5jZW,(direct),1,1,1,0,1,1,1,0,1,1,1,1,1,0,1,1,1,0,1,1,
/adult-learner/course-detail/NYP-HSAF21/advanced-diploma-in-nursing-midwifery,(not set),1,0,1,0,1,1,1,31.085061,0,0,1,0,1,0,1,1,1,31.085061,0,0,
/adult-learner/course-detail/NYP-HSAF21/advanced-diploma-in-nursing-midwifery,2025S1-sbm-acet,1,0,1,0,1,1,1,59.686708,0,1,1,0,1,0,1,1,1,59.686708,0,1,
/adult-learner/course-detail/NYP-HSAF21/advanced-diploma-in-nursing-midwifery,oh2025,1,0,1,0,1,1,1,83.909058,0,1,1,0,1,0,1,1,1,83.909058,0,1,
/adult-learner/course-detail/NYP-HSAF22/advanced-diploma-in-nursing-mental-health,(organic),1,1,1,0,1,1,1,0,1,1,1,1,1,0,1,1,1,0,1,1,
/adult-learner/course-detail/NYP-HSAF26/advanced-diploma-in-nursing-neuroscience,2025S1-sbm-acet,1,0,1,1,2,1,2,22.518727,0,1,1,0,1,1,2,1,2,22.518727,0,1,
/adult-learner/course-detail/NYP-HSAF26/advanced-diploma-in-nursing-neuroscience,oh2025,1,0,1,1,1,1,1,10.77895,0,0,1,0,1,1,1,1,1,10.77895,0,0,
/adult-learner/course-detail/NYP-HSAF29/advanced-diploma-in-nursing-medical-surgical,(referral),1,0,1,1,2,2,1,3.2947295,0,0,1,0,1,1,2,2,1,3.2947295,0,0,
/adult-learner/course-detail/NYP-HSAF29/advanced-diploma-in-nursing-medical-surgical,oh2025,1,0,1,0,1,1,1,46.855669,0,1,1,0,1,0,1,1,1,46.855669,0,1,
/adult-learner/course-detail/NYP-HSAF32/advanced-diploma-in-nursing-community-health,2024S2-sbm-acet,1,0,1,1,1,1,1,12.039578,0,0,1,0,1,1,1,1,1,12.039578,0,0,
/adult-learner/course-detail/NYP-HSAF32/advanced-diploma-in-nursing-community-health,cet-q1-2025#personal-development,1,0,1,0,1,1,1,5.972693,0,0,1,0,1,0,1,1,1,5.972693,0,0,
/adult-learner/course-detail/NYP-HSAF32/advanced-diploma-in-nursing-community-health,oh2025,1,0,1,0,1,1,1,39.232321,0,1,1,0,1,0,1,1,1,39.232321,0,1,
/adult-learner/course-detail/NYP-HSAF35/advanced-diploma-in-nursing-palliative-care,OH25,1,0,1,1,1,1,1,72.930383,0,1,1,0,1,1,1,1,1,72.930383,0,1,
/adult-learner/course-detail/NYP-HSAF35/advanced-diploma-in-nursing-palliative-care,oh2025,1,0,1,0,1,1,1,9.83008,0,0,1,0,1,0,1,1,1,9.83008,0,0,
/adult-learner/course-detail/NYP-HSAF39/advanced-diploma-in-nursing-critical-care-adcc1,oh2025,1,0,1,0,1,1,1,29.668758,0,0,1,0,1,0,1,1,1,29.668758,0,0,
/adult-learner/course-detail/NYP-HSAF41/advanced-diploma-in-nursing-gerontology-adgr1,cet-q1-2025#personal-development,1,0,1,1,1,1,1,85.899629,0,0,1,0,1,1,1,1,1,85.899629,0,0,
/adult-learner/course-detail/NYP-HSAF42/advanced-diploma-in-nursing-medical-surgical-adms1,2024S2-sbm-acet,1,0,1,1,3,1,3,2170.83029,0,0,1,0,1,1,3,1,3,2170.83029,0,0,
/adult-learner/course-detail/NYP-HSAF42/advanced-diploma-in-nursing-medical-surgical-adms1,2025S1-sbm-acet,1,0,1,1,1,1,1,18.579629,0,1,1,0,1,1,1,1,1,18.579629,0,1,
/adult-learner/course-detail/NYP-HSAF43/advanced-diploma-in-nursing-mental-health-admh1,2024S2-sbm-acet,1,0,0,0,0,1,0,0,1,0,1,0,0,0,0,1,0,0,1,0,
/adult-learner/course-detail/NYP-HSAF43/advanced-diploma-in-nursing-mental-health-admh1,oh2025,1,0,1,0,1,1,1,24.652445,0,0,1,0,1,0,1,1,1,24.652445,0,0,
/adult-learner/course-detail/NYP-HSAF45/advanced-diploma-in-nursing-nephro-urology-adnu1,(referral),1,0,1,0,1,1,1,9.757085,0,0,1,0,1,0,1,1,1,9.757085,0,0,
/adult-learner/course-detail/NYP-HSAF45/advanced-diploma-in-nursing-nephro-urology-adnu1,cet-q1-2025#personal-development,1,0,1,0,1,1,1,1.308163,0,0,1,0,1,0,1,1,1,1.308163,0,0,
/adult-learner/course-detail/NYP-HSAF45/advanced-diploma-in-nursing-nephro-urology-adnu1,oh2025,1,0,1,0,1,1,1,7.070242,0,0,1,0,1,0,1,1,1,7.070242,0,0,
/adult-learner/course-detail/NYP-HSAF49/advanced-diploma-in-nursing-paediatrics-adpd1,oh2025,1,0,1,0,1,1,1,7.521447,0,0,1,0,1,0,1,1,1,7.521447,0,0,
/adult-learner/course-detail/NYP-HSAF52/advanced-diploma-in-nursing-perioperative-adpo1,(referral),1,0,1,1,1,1,1,12.058444,0,0,1,0,1,1,1,1,1,12.058444,0,0,
/adult-learner/course-detail/NYP-HSAP11/advanced-diploma-in-nursing-management,2025S1-sbm-acet,1,0,1,1,1,1,1,10.346362,0,0,1,0,1,1,1,1,1,10.346362,0,0,
/adult-learner/course-detail/NYP-HSAP11/advanced-diploma-in-nursing-management,OH25,1,0,1,1,2,2,1,292.748357,0.5,1,1,0,1,1,2,2,1,292.748357,0.5,1,
/adult-learner/course-detail/NYP-HSCP07/certificate-in-bridging-studies-for-enrolled-nurse,OH25,1,0,1,1,2,2,1,342.8289165,0.5,2,1,0,1,1,2,2,1,342.8289165,0.5,2,
/adult-learner/course-detail/NYP-HSDP01/diploma-in-health-sciences-paramedicine,1.20218E+17,1,0,1,0,1,1,1,26.314745,0,0,1,0,1,0,1,1,1,26.314745,0,0,
/adult-learner/course-detail/NYP-HSDP01/diploma-in-health-sciences-paramedicine,2024s2-sbm-shortcourses,1,0,1,1,1,1,1,70.879601,0,1,1,0,1,1,1,1,1,70.879601,0,1,
/adult-learner/course-detail/NYP-HSDP01/diploma-in-health-sciences-paramedicine,cet-q1-2025#digital-marketing,1,0,1,1,1,1,1,2.163614,0,0,1,0,1,1,1,1,1,2.163614,0,0,
/adult-learner/course-detail/NYP-HSDP01/diploma-in-health-sciences-paramedicine,cil3-roadshow,1,0,1,1,1,1,1,20.952625,0,1,1,0,1,1,1,1,1,20.952625,0,1,
/adult-learner/course-detail/NYP-HSSP09/specialist-diploma-in-nursing-diabetes-management-and-education,2025S1-sbm-acet,1,0,1,1,1,1,1,16.880111,0,0,1,0,1,1,1,1,1,16.880111,0,0,
/adult-learner/course-detail/NYP-HSSP09/specialist-diploma-in-nursing-diabetes-management-and-education,cet-q1-2025#personal-development,1,0,1,0,1,1,1,0.918205,0,0,1,0,1,0,1,1,1,0.918205,0,0,
/adult-learner/course-detail/NYP-HSSP14/specialist-diploma-in-clinical-education,1.2021E+17,1,0,1,1,1,1,1,3.740618,0,0,1,0,1,1,1,1,1,3.740618,0,0,
/adult-learner/course-detail/NYP-HSSP14/specialist-diploma-in-clinical-education,2024S2-sbm-acet,1,0,1,0,1,1,1,1.113263,0,1,1,0,1,0,1,1,1,1.113263,0,1,
/adult-learner/course-detail/NYP-HSSP14/specialist-diploma-in-clinical-education,OH25,1,0,1,1,1,1,1,909.719508,0,1,1,0,1,1,1,1,1,909.719508,0,1,
/adult-learner/course-detail/NYP-HSSP15/specialist-diploma-in-nursing-ear-nose-and-throat,1.20218E+17,1,1,1,0,1,1,1,743.090879,0,1,1,1,1,0,1,1,1,743.090879,0,1,
/adult-learner/course-detail/NYP-HSSP15/specialist-diploma-in-nursing-ear-nose-and-throat,cet-q1-2025#digital-marketing,1,0,1,1,1,1,1,0.489534,0,0,1,0,1,1,1,1,1,0.489534,0,0,
/adult-learner/course-detail/NYP-HSSP15/specialist-diploma-in-nursing-ear-nose-and-throat,cet-q1-2025#engineering,1,0,1,0,1,1,1,0.831583,0,0,1,0,1,0,1,1,1,0.831583,0,0,
/adult-learner/course-detail/NYP-HSSP16/specialist-diploma-in-nursing-endoscopy,oh2025,1,0,1,1,1,1,1,40.376639,0,1,1,0,1,1,1,1,1,40.376639,0,1,
/adult-learner/course-detail/NYP-HSSP18/specialist-diploma-in-nursing-gerontology,cet-q1-2025#sustainability,1,0,1,1,2,2,1,0.3576385,0,0,1,0,1,1,2,2,1,0.3576385,0,0,
/adult-learner/course-detail/NYP-ITDP04/diploma-in-infocomm-and-digital-media-it-network-and-system-administration-dinsa2,1.20218E+17,1,0,1,1,1,1,1,0.567263,0,0,1,0,1,1,1,1,1,0.567263,0,0,
/adult-learner/course-detail/NYP-ITDP04/diploma-in-infocomm-and-digital-media-it-network-and-system-administration-dinsa2,cet-q1-2025#cybersecurity,1,0,1,0,1,1,1,0.089285,0,0,1,0,1,0,1,1,1,0.089285,0,0,
/adult-learner/course-detail/NYP-ITEP02/work-study-post-diploma-specialist-diploma-in-agile-solutioning-and-devsecops,2024s2-sbm-shortcourses,1,0,1,1,1,1,1,41.27835,0,0,1,0,1,1,1,1,1,41.27835,0,0,
/adult-learner/course-detail/NYP-ITLP01/work-study-certificate-leading-to-diploma-in-infocomm-and-digital-media-it-network-and-system-administration-dinsa2,1.2021E+17,1,0,1,1,1,1,1,5.239643,0,0,1,0,1,1,1,1,1,5.239643,0,0,
/adult-learner/course-detail/NYP-ITLP01/work-study-certificate-leading-to-diploma-in-infocomm-and-digital-media-it-network-and-system-administration-dinsa2,2024s2-sbm-shortcourses,1,0,1,1,1,1,1,23.636085,0,1,1,0,1,1,1,1,1,23.636085,0,1,
/adult-learner/course-detail/NYP-ITLP01/work-study-certificate-leading-to-diploma-in-infocomm-and-digital-media-it-network-and-system-administration-dinsa2,cet-q1-2025#personal-development,1,0,1,1,1,1,1,38.777741,0,1,1,0,1,1,1,1,1,38.777741,0,1,
/adult-learner/course-detail/NYP-ITLP01/work-study-certificate-leading-to-diploma-in-infocomm-and-digital-media-it-network-and-system-administration-dinsa2,eae-fest-2024,1,0,1,1,2,1,2,28.700115,0,1,1,0,1,1,2,1,2,28.700115,0,1,
/adult-learner/course-detail/NYP-ITSP07/specialist-diploma-in-applied-artificial-intelligence,OH25,1,0,1,1,2,1,2,1076.471511,0,1,1,0,1,1,2,1,2,1076.471511,0,1,
/adult-learner/course-detail/NYP-ITSP08/specialist-diploma-in-cybersecurity,2024S2-sbm-acet,1,0,1,1,1,1,1,13.913531,0,1,1,0,1,1,1,1,1,13.913531,0,1,
/adult-learner/course-detail/NYP-ITSP08/specialist-diploma-in-cybersecurity,cet-q1-2025,1,0,1,0,1,1,1,20.192645,0,1,1,0,1,0,1,1,1,20.192645,0,1,
/adult-learner/course-detail/NYP-ITSP08/specialist-diploma-in-cybersecurity,oh2025,1,0,1,1,2,2,1,3.005343,0.5,2,1,0,1,1,2,2,1,3.005343,0.5,2,
/adult-learner/course-detail/NYP-ITSP09/specialist-diploma-in-business-and-big-data-analytics,2024S2-sbm-acet,1,0,0,0,1,2,0.5,0,1,1,1,0,0,0,1,2,0.5,0,1,1,
/adult-learner/course-detail/NYP-ITSP09/specialist-diploma-in-business-and-big-data-analytics,cet-q1-2025#engineering,1,0,1,0,1,1,1,0.838377,0,0,1,0,1,0,1,1,1,0.838377,0,0,
/adult-learner/course-detail/NYP-ITSP11/specialist-diploma-in-agile-solutioning-and-devsecops,1.20218E+17,1,0,1,0,1,1,1,37.777937,0,0,1,0,1,0,1,1,1,37.777937,0,0,
/adult-learner/course-detail/NYP-ITSP11/specialist-diploma-in-agile-solutioning-and-devsecops,2025S1-sbm-acet,1,0,1,0,1,1,1,30.849548,0,0,1,0,1,0,1,1,1,30.849548,0,0,
/adult-learner/course-detail/NYP-ITSP11/specialist-diploma-in-agile-solutioning-and-devsecops,cet-q1-2025#sustainability,1,0,1,1,1,1,1,18.151645,0,0,1,0,1,1,1,1,1,18.151645,0,0,
/adult-learner/course-detail/NYP-ITSP12/specialist-diploma-in-applied-artificial-intelligence,cil3-roadshow,1,0,1,0,1,1,1,1.728416,0,1,1,0,1,0,1,1,1,1.728416,0,1,
/adult-learner/course-detail/NYP-ITSP12/specialist-diploma-in-applied-artificial-intelligence-pcm,2024s2-sbm-shortcourses,1,0,1,1,1,1,1,45.352278,0,1,1,0,1,1,1,1,1,45.352278,0,1,
/adult-learner/course-detail/NYP-ITSP12/specialist-diploma-in-applied-artificial-intelligence-pcm,cet-q1-2025#cybersecurity,1,0,1,0,1,1,1,53.762944,0,1,1,0,1,0,1,1,1,53.762944,0,1,
/adult-learner/course-detail/NYP-ITSP12/specialist-diploma-in-applied-artificial-intelligence-pcm,cet-q1-2025#digital-marketing,1,0,1,0,1,1,1,84.042393,0,1,1,0,1,0,1,1,1,84.042393,0,1,
/adult-learner/course-detail/NYP-ITSP13/specialist-diploma-in-cybersecurity-pcm,1.20218E+17,1,0,1,0,1,1,1,8.511628,0,0,1,0,1,0,1,1,1,8.511628,0,0,
/adult-learner/course-detail/NYP-ITSP13/specialist-diploma-in-cybersecurity-pcm,cet-q1-2025#digital-marketing,1,0,1,0,1,1,1,1.073541,0,0,1,0,1,0,1,1,1,1.073541,0,0,
/adult-learner/course-detail/NYP-ITSP13/specialist-diploma-in-cybersecurity-pcm,cet-q1-2025#engineering,1,0,1,0,1,1,1,19.737737,0,1,1,0,1,0,1,1,1,19.737737,0,1,
/adult-learner/course-detail/NYP-ITSP13/specialist-diploma-in-cybersecurity-pcm,cet-q1-2025#sustainability,1,0,1,1,1,1,1,7.877998,0,0,1,0,1,1,1,1,1,7.877998,0,0,
/adult-learner/course-detail/NYP-ITSPA1/post-diploma-certificate-in-business-analytics-part-of-specialist-diploma-in-business-and-big-data-analytics,1.20218E+17,1,0,1,0,1,1,1,9.264448,0,0,1,0,1,0,1,1,1,9.264448,0,0,
/adult-learner/course-detail/NYP-ITSPA1/post-diploma-certificate-in-business-analytics-part-of-specialist-diploma-in-business-and-big-data-analytics,2024s2-sbm-shortcourses,1,0,1,1,1,1,1,26.838461,0,0,1,0,1,1,1,1,1,26.838461,0,0,
/adult-learner/course-detail/NYP-ITSPA1/post-diploma-certificate-in-business-analytics-part-of-specialist-diploma-in-business-and-big-data-analytics,OH25,1,0,1,1,3,1,3,15.75374,0,0,1,0,1,1,3,1,3,15.75374,0,0,
/adult-learner/course-detail/NYP-ITSPA1/post-diploma-certificate-in-business-analytics-part-of-specialist-diploma-in-business-and-big-data-analytics,cet-q1-2025#cybersecurity,1,0,1,1,1,1,1,25.366283,0,1,1,0,1,1,1,1,1,25.366283,0,1,
/adult-learner/course-detail/NYP-ITSPA1/post-diploma-certificate-in-business-analytics-part-of-specialist-diploma-in-business-and-big-data-analytics,cet-q1-2025#personal-development,1,0,1,1,1,1,1,0.909548,0,0,1,0,1,1,1,1,1,0.909548,0,0,
/adult-learner/course-detail/NYP-ITSPA2/post-diploma-certificate-in-applied-data-science-part-of-specialist-diploma-in-business-and-big-data-analytics,1.20218E+17,1,0,1,0,1,1,1,17.771268,0,0,1,0,1,0,1,1,1,17.771268,0,0,
/adult-learner/course-detail/NYP-ITSPA2/post-diploma-certificate-in-applied-data-science-part-of-specialist-diploma-in-business-and-big-data-analytics,1.20218E+17,1,0,1,0,1,1,1,3.728949,0,0,1,0,1,0,1,1,1,3.728949,0,0,
/adult-learner/course-detail/NYP-ITSPA2/post-diploma-certificate-in-applied-data-science-part-of-specialist-diploma-in-business-and-big-data-analytics,2025S1-sbm-acet,1,0,1,1,1,1,1,13.316543,0,0,1,0,1,1,1,1,1,13.316543,0,0,
/adult-learner/course-detail/NYP-ITSPA2/post-diploma-certificate-in-applied-data-science-part-of-specialist-diploma-in-business-and-big-data-analytics,OH25,1,0,1,1,4,2,2,40.3810795,0,1,1,0,1,1,4,2,2,40.3810795,0,1,
/adult-learner/course-detail/NYP-ITSPA3/post-diploma-certificate-in-enterprise-big-data-management-part-of-specialist-diploma-in-business-and-big-data-analytics,1.20218E+17,1,0,1,0,1,1,1,8.013201,0,0,1,0,1,0,1,1,1,8.013201,0,0,
/adult-learner/course-detail/NYP-ITSPA3/post-diploma-certificate-in-enterprise-big-data-management-part-of-specialist-diploma-in-business-and-big-data-analytics,2024S2-sbm-acet,1,0,1,0,1,1,1,38.229351,0,0,1,0,1,0,1,1,1,38.229351,0,0,
/adult-learner/course-detail/NYP-ITSPA3/post-diploma-certificate-in-enterprise-big-data-management-part-of-specialist-diploma-in-business-and-big-data-analytics,2025S1-sbm-acet,1,0,1,0,1,1,1,26.549466,0,1,1,0,1,0,1,1,1,26.549466,0,1,
/adult-learner/course-detail/NYP-ITSPA3/post-diploma-certificate-in-enterprise-big-data-management-part-of-specialist-diploma-in-business-and-big-data-analytics,OH25,1,0,1,1,1,1,1,0.638731,0,0,1,0,1,1,1,1,1,0.638731,0,0,
/adult-learner/course-detail/NYP-ITSPA4/post-diploma-certificate-in-machine-learning-and-operations-part-of-specialist-diploma-in-applied-artificial-intelligence-pcm,1.20215E+17,1,0,1,1,1,1,1,16.523599,0,0,1,0,1,1,1,1,1,16.523599,0,0,
/adult-learner/course-detail/NYP-ITSPA4/post-diploma-certificate-in-machine-learning-and-operations-part-of-specialist-diploma-in-applied-artificial-intelligence-pcm,1.20218E+17,1,0,1,0,1,1,1,32.492592,0,0,1,0,1,0,1,1,1,32.492592,0,0,
/adult-learner/course-detail/NYP-ITSPA4/post-diploma-certificate-in-machine-learning-and-operations-part-of-specialist-diploma-in-applied-artificial-intelligence-pcm,1.20218E+17,1,0,1,0,1,1,1,1.295039,0,0,1,0,1,0,1,1,1,1.295039,0,0,
/adult-learner/course-detail/NYP-ITSPA4/post-diploma-certificate-in-machine-learning-and-operations-part-of-specialist-diploma-in-applied-artificial-intelligence-pcm,2025S1-sbm-acet,1,0,1,0,1,1,1,672.735762,0,0,1,0,1,0,1,1,1,672.735762,0,0,
/adult-learner/course-detail/NYP-ITSPA4/post-diploma-certificate-in-machine-learning-and-operations-part-of-specialist-diploma-in-applied-artificial-intelligence-pcm,cet-q1-2025#engineering,1,0,1,0,1,1,1,23.993731,0,1,1,0,1,0,1,1,1,23.993731,0,1,
/adult-learner/course-detail/NYP-ITSPA4/post-diploma-certificate-in-machine-learning-and-operations-part-of-specialist-diploma-in-applied-artificial-intelligence-pcm,cet-q1-2025#personal-development,1,0,1,1,1,1,1,100.172953,0,0,1,0,1,1,1,1,1,100.172953,0,0,
/adult-learner/course-detail/NYP-ITep02/specialist-diploma-in-agile-solutioning-and-devsecops,(referral),1,0,1,1,1,1,1,293.410076,0,1,1,0,1,1,1,1,1,293.410076,0,1,
/adult-learner/course-detail/NYP-ITep02/specialist-diploma-in-agile-solutioning-and-devsecops,oh2025,1,0,1,1,3,2,1.5,23.8001595,0.5,1,1,0,1,1,3,2,1.5,23.8001595,0.5,1,
/adult-learner/course-detail/NYP-JC1A17/training-needs-and-skills-gap-analysis,(organic),1,0,1,1,1,1,1,0.725273,0,0,1,0,1,1,1,1,1,0.725273,0,0,
/adult-learner/course-detail/NYP-JC1A20/mentoring-for-the-workplace,1.20218E+17,1,0,1,0,1,1,1,13.839034,0,1,1,0,1,0,1,1,1,13.839034,0,1,
/adult-learner/course-detail/NYP-JC1A20/mentoring-for-the-workplace,2024s2-sbm-shortcourses,1,0,1,1,1,1,1,3.932926,0,0,1,0,1,1,1,1,1,3.932926,0,0,
/adult-learner/course-detail/NYP-JC1A20/mentoring-for-the-workplace,cet-q1-2025#cybersecurity,1,0,1,0,1,1,1,15.500179,0,0,1,0,1,0,1,1,1,15.500179,0,0,
/adult-learner/course-detail/NYP-JC1A20/mentoring-for-the-workplace,cet-q1-2025#engineering,1,0,1,0,1,1,1,190.875301,0,0,1,0,1,0,1,1,1,190.875301,0,0,
/adult-learner/course-detail/NYP-JC1A20/mentoring-for-the-workplace,cet-q1-2025#sustainability,1,0,1,0,1,1,1,15.988784,0,1,1,0,1,0,1,1,1,15.988784,0,1,
/adult-learner/course-detail/NYP-JC1A20/mentoring-for-the-workplace,oh2025,1,0,1,1,1,1,1,37.554897,0,0,1,0,1,1,1,1,1,37.554897,0,0,
/adult-learner/course-detail/NYP-JC1A21/coaching-for-the-workplace,cet-q1-2025#cybersecurity,1,0,1,0,1,1,1,0.967651,0,0,1,0,1,0,1,1,1,0.967651,0,0,
/adult-learner/course-detail/NYP-JC1A22/learning-needs-and-skills-gap-analysis,1.20215E+17,1,0,1,1,1,1,1,22.151915,0,1,1,0,1,1,1,1,1,22.151915,0,1,
/adult-learner/course-detail/NYP-JC1A22/learning-needs-and-skills-gap-analysis,1.20218E+17,1,0,1,0,1,1,1,5.209768,0,1,1,0,1,0,1,1,1,5.209768,0,1,
/adult-learner/course-detail/NYP-JC1A22/learning-needs-and-skills-gap-analysis,2025S1-sbm-acet,1,0,1,0,1,1,1,37.725751,0,1,1,0,1,0,1,1,1,37.725751,0,1,
/adult-learner/course-detail/NYP-JC1A22/learning-needs-and-skills-gap-analysis,OH25,1,0,1,1,1,1,1,2.372595,0,1,1,0,1,1,1,1,1,2.372595,0,1,
/adult-learner/course-detail/NYP-JC1A22/learning-needs-and-skills-gap-analysis,oh2025,1,0,1,1,1,1,1,9.960448,0,0,1,0,1,1,1,1,1,9.960448,0,0,
/adult-learner/course-detail/NYP-JC1A31/assessing-and-reviewing-workplace-learning,2025S1-sbm-acet,1,0,1,1,1,1,1,27.186749,0,0,1,0,1,1,1,1,1,27.186749,0,0,
/adult-learner/course-detail/NYP-JC1A32/leading-the-future-of-workplace-learning-insights-from-the-national-workplace-learning-certification,cet-q1-2025#personal-development,1,0,1,1,1,1,1,25.760962,0,1,1,0,1,1,1,1,1,25.760962,0,1,
/adult-learner/course-detail/NYP-JC1A33/building-a-culture-of-learning-best-practices-and-actionable-strategies-for-managers,2024S2-sbm-acet,1,0,1,0,1,1,1,109.777885,0,0,1,0,1,0,1,1,1,109.777885,0,0,
/adult-learner/course-detail/NYP-JC1A33/building-a-culture-of-learning-best-practices-and-actionable-strategies-for-managers,2025S1-sbm-acet,1,0,1,0,1,1,1,28.110342,0,0,1,0,1,0,1,1,1,28.110342,0,0,
/adult-learner/course-detail/NYP-JC1A33/building-a-culture-of-learning-best-practices-and-actionable-strategies-for-managers,cet-q1-2025#cybersecurity,1,0,1,0,2,1,2,14.414272,0,0,1,0,1,0,2,1,2,14.414272,0,0,
/adult-learner/course-detail/NYP-JC1A33/building-a-culture-of-learning-best-practices-and-actionable-strategies-for-managers,cet-q1-2025#digital-marketing,1,0,1,1,2,1,2,71.039741,1,0,1,0,1,1,2,1,2,71.039741,1,0,
/adult-learner/course-detail/NYP-JC1A33/building-a-culture-of-learning-best-practices-and-actionable-strategies-for-managers,oh2025,1,0,1,1,1,1,1,6.512693,0,0,1,0,1,1,1,1,1,6.512693,0,0,
/adult-learner/course-detail/NYP-JC1D02/workplace-learning-with-switzerlands-best-in-class,(direct),1,0,1,0,1,1,1,14.600158,0,0,1,0,1,0,1,1,1,14.600158,0,0,
/adult-learner/course-detail/NYP-JC1D02/workplace-learning-with-switzerlands-best-in-class,(not set),1,0,1,1,1,1,1,18.951465,0,0,1,0,1,1,1,1,1,18.951465,0,0,
/adult-learner/course-detail/NYP-JC1D02/workplace-learning-with-switzerlands-best-in-class,cet-q1-2025,1,0,1,0,1,1,1,56.338277,0,0,1,0,1,0,1,1,1,56.338277,0,0,
/adult-learner/course-detail/NYP-JC1D03/a-new-dimension-in-workplace-learning-to-drive-business-growth-innovating-and-benchmarking-with-japans-best-in-class,(referral),1,0,1,0,1,1,1,30.363373,0,0,1,0,1,0,1,1,1,30.363373,0,0,
/adult-learner/course-detail/NYP-JC1D04/best-in-class-workplace-learning-strategies-learning-and-adapting-from-germany,oh2025,1,0,1,1,1,1,1,45.526183,0,0,1,0,1,1,1,1,1,45.526183,0,0,
/adult-learner/course-detail/NYP-JC5016/workplace-learning-wpl-train-the-trainer-ttt-programme,cet-q1-2025#cybersecurity,1,0,1,0,1,1,1,65.207382,0,0,1,0,1,0,1,1,1,65.207382,0,0,
/adult-learner/course-detail/NYP-NYP-CB1264/advanced-hr-analytics-using-data-modelling-to-improve-human-capital-performance,2024S2-sbm-acet,1,0,1,0,1,1,1,145.399011,0,1,1,0,1,0,1,1,1,145.399011,0,1,
/adult-learner/course-detail/NYP-SI2001_02/cultivate-the-art-of-collaborative-influence-for-business-success-classroom-facilitated-asynchronous-e-learning,oh2025,1,0,1,0,1,1,1,4.443754,0,1,1,0,1,0,1,1,1,4.443754,0,1,
/adult-learner/course-detail/NYP-SI2002_002/creative-problem-solving-and-smart-decision-making-for-business-success-classroom-facilitated-asynchronous-e-learning-practical-training,(referral),1,0,1,1,1,1,1,13.987324,0,0,1,0,1,1,1,1,1,13.987324,0,0,
/adult-learner/course-detail/NYP-SI4012_032/master-linkedin-for-sales-and-marketing-synchronous-e-learning,(not set),1,0,1,1,1,1,1,3.335902,1,1,1,0,1,1,1,1,1,3.335902,1,1,
/adult-learner/course-detail/NYP-SI4012_032/master-linkedin-for-sales-and-marketing-synchronous-e-learning,(organic),1,1,1,0,1,1,1,221.706491,0,1,1,1,1,0,1,1,1,221.706491,0,1,
/adult-learner/course-detail/NYP-SI4013_011/ga4-with-google-tag-manager-gtm-classroom-facilitated-asynchronous-e-learning,(not set),1,0,1,1,1,1,1,4.958287,1,1,1,0,1,1,1,1,1,4.958287,1,1,
/adult-learner/course-detail/NYP-SI4013_012/master-google-ads-to-turbo-charge-leads-and-sales-classroom-facilitated-asynchronous-e-learning,2025S1-sbm-acet,1,0,1,1,1,1,1,56.086734,0,1,1,0,1,1,1,1,1,56.086734,0,1,
/adult-learner/course-detail/NYP-SI4013_012/master-google-ads-to-turbo-charge-leads-and-sales-classroom-facilitated-asynchronous-e-learning,OH25,1,0,1,0,1,1,1,5.444874,0,0,1,0,1,0,1,1,1,5.444874,0,0,
/adult-learner/course-detail/NYP-SI4013_013/digital-marketing-to-drive-business-growth-and-roi-classroom-facilitated-asynchronous-e-learning,2025S1-sbm-acet,1,0,1,0,1,1,1,7.984356,0,0,1,0,1,0,1,1,1,7.984356,0,0,
/adult-learner/course-detail/NYP-SI4014_010/mobile-photography-with-your-smartphone-take-amazing-photos-tell-amazing-stories-classroom-facilitated-asynchronous-e-learning,cet-q1-2025#engineering,1,0,1,0,1,1,1,0.597697,0,1,1,0,1,0,1,1,1,0.597697,0,1,
/adult-learner/course-detail/NYP-SI4022_012/drive-sales-performance-on-lazada-marketing,(not set),1,0,1,0,1,1,1,70.90038,0,0,1,0,1,0,1,1,1,70.90038,0,0,
/adult-learner/course-detail/NYP-SI4022_012/drive-sales-performance-on-lazada-marketing,cet-q1-2025,1,0,1,0,1,1,1,6.983441,0,0,1,0,1,0,1,1,1,6.983441,0,0,
/adult-learner/course-detail/NYP-SI4024-033/set-up-your-sustainability-e-commerce-business-classroom-facilitated-asynchronous-e-learning,(not set),1,0,1,0,1,1,1,41.662872,0,1,1,0,1,0,1,1,1,41.662872,0,1,
/adult-learner/course-detail/NYP-SI4024-034/set-up-your-sustainability-e-commerce-business-classroom-facilitated-asynchronous-e-learning,(organic),1,0,1,0,1,1,1,136.360142,0,0,1,0,1,0,1,1,1,136.360142,0,0,
/adult-learner/course-detail/NYP-SI4024-034/set-up-your-sustainability-e-commerce-business-classroom-facilitated-asynchronous-e-learning,2025S1-sbm-acet,1,0,1,0,1,1,1,36.332045,0,0,1,0,1,0,1,1,1,36.332045,0,0,
/adult-learner/course-detail/NYP-SI4024_021/sell-and-earn-on-tiktok-classroom-facilitated-asynchronous-e-learning,2024S2-sbm-acet,1,0,1,0,1,1,1,14.429741,0,0,1,0,1,0,1,1,1,14.429741,0,0,
/adult-learner/course-detail/NYP-SI4024_022/be-the-best-service-ambassador-for-your-organisation,(organic),1,0,1,0,1,1,1,178.475387,0,0,1,0,1,0,1,1,1,178.475387,0,0,
/adult-learner/course-detail/NYP-SI4024_026/home-based-business,(referral),1,0,0,0,1,1,1,0,1,1,1,0,0,0,1,1,1,0,1,1,
/adult-learner/course-detail/NYP-SI4024_027/insights-to-social-and-influencer-marketing,(referral),1,1,1,0,1,1,1,4.839389,1,1,1,1,1,0,1,1,1,4.839389,1,1,
/adult-learner/course-detail/NYP-SI4024_029/design-thinking-for-innovation-and-business-growth-classroom-facilitated-asynchronous-e-learning,(not set),1,0,1,0,1,1,1,0.751636,0,1,1,0,1,0,1,1,1,0.751636,0,1,
/adult-learner/course-detail/NYP-SI4024_036/tiktok-shop-optimise-your-social-media-marketing-engagement-and-boost-your-sales-classroom-facilitated-asynchronous-e-learning,(not set),1,0,1,0,2,1,2,568.992628,0,1,1,0,1,0,2,1,2,568.992628,0,1,
/adult-learner/course-detail/NYP-SI4024_036/tiktok-shop-optimise-your-social-media-marketing-engagement-and-boost-your-sales-classroom-facilitated-asynchronous-e-learning,2024S2-sbm-acet,1,0,1,1,1,1,1,14.006554,0,1,1,0,1,1,1,1,1,14.006554,0,1,
/adult-learner/course-detail/NYP-SI4024_036/tiktok-shop-optimise-your-social-media-marketing-engagement-and-boost-your-sales-classroom-facilitated-asynchronous-e-learning,2025S1-sbm-acet,1,0,1,1,1,1,1,32.749869,0,1,1,0,1,1,1,1,1,32.749869,0,1,
/adult-learner/course-detail/NYP-SI4024_037/sustainability-everyday-upcycle-fabrics-and-learn-mobile-photography-with-ecommerce-opportunities-classroom-facilitated-asynchronous-e-learning,oh2025,1,0,1,0,2,1,2,36.2145,0,0,1,0,1,0,2,1,2,36.2145,0,0,
/adult-learner/course-detail/NYP-SI4024_038/mastering-the-art-of-making-a-powerful-sales-pitch-classroom-facilitated-asynchronous-e-learning,(not set),1,0,1,0,1,1,1,8.95648,0,0,1,0,1,0,1,1,1,8.95648,0,0,
/adult-learner/course-detail/NYP-SI4024_040/ecommerce-sell-on-carousell-classroom-facilitated-asynchronous-e-learning,2024S2-sbm-acet,1,0,1,0,1,1,1,16.999702,0,1,1,0,1,0,1,1,1,16.999702,0,1,
/adult-learner/course-detail/NYP-SI4024_040/ecommerce-sell-on-carousell-classroom-facilitated-asynchronous-e-learning,cet-q1-2025#engineering,1,0,1,0,1,1,1,28.845831,0,0,1,0,1,0,1,1,1,28.845831,0,0,
/adult-learner/course-detail/NYP-SI4024_042/sustainability-everyday-grow-green-and-learn-mobile-photography-with-ecommerce-tips-classroom-facilitated-asynchronous-e-learning,(referral),1,0,1,0,1,1,1,5.380412,0,0,1,0,1,0,1,1,1,5.380412,0,0,
/adult-learner/course-detail/NYP-SI4024_043/sustainability-everyday-reuse-reduce-and-recycle-plus-learn-mobile-photography-with-ecommerce-tips-classroom-facilitated-asynchronous-e-learning,(referral),1,0,1,1,1,2,0.5,6.4667665,0.5,0,1,0,1,1,1,2,0.5,6.4667665,0.5,0,
/adult-learner/course-detail/NYP-SI4024_043/sustainability-everyday-reuse-reduce-and-recycle-plus-learn-mobile-photography-with-ecommerce-tips-classroom-facilitated-asynchronous-e-learning,cet-q1-2025#digital-marketing,1,0,1,0,1,1,1,16.948815,0,1,1,0,1,0,1,1,1,16.948815,0,1,
/adult-learner/course-detail/NYP-SI4025_005/level-up-customer-engagement-through-live-streaming,(referral),1,1,1,0,1,1,1,3.338456,1,1,1,1,1,0,1,1,1,3.338456,1,1,
/adult-learner/course-detail/NYP-SI4025_010/how-to-become-a-youtuber-and-get-paid-classroom-facilitated-asynchronous-e-learning,2025S1-sbm-acet,1,0,1,1,1,1,1,21.977404,0,0,1,0,1,1,1,1,1,21.977404,0,0,
/adult-learner/course-detail/NYP-SI4025_010/how-to-become-a-youtuber-and-get-paid-classroom-facilitated-asynchronous-e-learning,OH25,1,0,1,0,1,1,1,8.778098,0,0,1,0,1,0,1,1,1,8.778098,0,0,
/adult-learner/course-detail/NYP-SI4025_010/how-to-become-a-youtuber-and-get-paid-classroom-facilitated-asynchronous-e-learning,cet-q1-2025,1,0,1,1,1,1,1,64.543586,0,0,1,0,1,1,1,1,1,64.543586,0,0,
/adult-learner/course-detail/NYP-SI4025_013/building-an-effective-digital-personal-brand,(not set),1,0,1,0,1,1,1,3.02218,0,0,1,0,1,0,1,1,1,3.02218,0,0,
/adult-learner/course-detail/NYP-SI4025_013/building-an-effective-digital-personal-brand,cet-q1-2025,1,0,1,1,1,1,1,110.432107,0,1,1,0,1,1,1,1,1,110.432107,0,1,
/adult-learner/course-detail/NYP-SI4025_017/digital-entrepreneurship-in-the-era-of-cross-border-e-commerce-mastering-selling-strategies-on-amazoncom-classroom-facilitated,oh2025,1,0,1,0,1,1,1,21.652759,0,0,1,0,1,0,1,1,1,21.652759,0,0,
/adult-learner/course-detail/NYP-SI4025_018/social-and-influencer-marketing-drive-conversions-and-optimise-returns-classroom-facilitated,(referral),1,0,1,0,1,1,1,0.489212,0,0,1,0,1,0,1,1,1,0.489212,0,0,
/adult-learner/course-detail/NYP-SI4025_018/social-and-influencer-marketing-drive-conversions-and-optimise-returns-classroom-facilitated,cet-q1-2025#digital-marketing,1,0,1,0,1,1,1,37.295104,0,0,1,0,1,0,1,1,1,37.295104,0,0,
/adult-learner/course-detail/NYP-SI4025_018/social-and-influencer-marketing-drive-conversions-and-optimise-returns-classroom-facilitated,cet-q1-2025#personal-development,1,0,1,0,1,1,1,0.564572,0,0,1,0,1,0,1,1,1,0.564572,0,0,
/adult-learner/course-detail/NYP-SI4025_019/live-streaming-boost-your-e-commerce-sales-classroom-facilitated-asynchronous-e-learning,(referral),1,0,1,0,1,1,1,291.179178,0,1,1,0,1,0,1,1,1,291.179178,0,1,
/adult-learner/course-detail/NYP-SI4025_019/live-streaming-boost-your-e-commerce-sales-classroom-facilitated-asynchronous-e-learning,2025S1-sbm-acet,1,0,1,1,1,1,1,61.933095,0,0,1,0,1,1,1,1,1,61.933095,0,0,
/adult-learner/course-detail/NYP-SI4025_020/youtube-content-creation-develop-your-unique-brand-that-stands-out-and-drives-engagement-classroom-facilitated-asynchronous-e-learning,(not set),1,0,1,1,1,1,1,1759.964633,0,1,1,0,1,1,1,1,1,1759.964633,0,1,
/adult-learner/course-detail/NYP-SI4025_020/youtube-content-creation-develop-your-unique-brand-that-stands-out-and-drives-engagement-classroom-facilitated-asynchronous-e-learning,(referral),1,0,1,1,1,1,1,25.703261,0,0,1,0,1,1,1,1,1,25.703261,0,0,
/adult-learner/course-detail/NYP-SI4025_020/youtube-content-creation-develop-your-unique-brand-that-stands-out-and-drives-engagement-classroom-facilitated-asynchronous-e-learning,2025S1-sbm-acet,1,0,1,1,1,1,1,22.384007,0,0,1,0,1,1,1,1,1,22.384007,0,0,
/adult-learner/course-detail/NYP-SI4025_021/cross-border-e-commerce-mastering-selling-strategies-on-amazoncom-classroom-facilitated-asynchronous-e-learning,cet-q1-2025#digital-marketing,1,0,1,0,1,1,1,11.923418,0,1,1,0,1,0,1,1,1,11.923418,0,1,
/adult-learner/course-detail/NYP-SI4025_021/cross-border-e-commerce-mastering-selling-strategies-on-amazoncom-classroom-facilitated-asynchronous-e-learning,cet-q1-2025#personal-development,1,0,1,0,1,1,1,23.412479,0,0,1,0,1,0,1,1,1,23.412479,0,0,
/adult-learner/course-detail/NYP-SI4025_022/start-your-business-at-no-cost-using-affiliate-marketing-classroom-facilitated-asynchronous-e-learning,2024S2-sbm-acet,1,0,1,0,1,1,1,29.878759,0,0,1,0,1,0,1,1,1,29.878759,0,0,
/adult-learner/course-detail/NYP-SI4025_022/start-your-business-at-no-cost-using-affiliate-marketing-classroom-facilitated-asynchronous-e-learning,OH25,1,0,1,1,1,1,1,12.166945,0,1,1,0,1,1,1,1,1,12.166945,0,1,
/adult-learner/course-detail/NYP-SI4025_022/start-your-business-at-no-cost-using-affiliate-marketing-classroom-facilitated-asynchronous-e-learning,cet-q1-2025#digital-marketing,1,0,1,0,1,1,1,23.975029,0,0,1,0,1,0,1,1,1,23.975029,0,0,
/adult-learner/course-detail/NYP-SI4025_022/start-your-business-at-no-cost-using-affiliate-marketing-classroom-facilitated-asynchronous-e-learning,oh2025,1,0,1,0,1,1,1,15.039213,0,0,1,0,1,0,1,1,1,15.039213,0,0,
/adult-learner/course-detail/NYP-SI4031_005/getting-started-on-shopee-onboarding,2024S2-sbm-acet,1,0,1,0,1,1,1,49.701779,0,0,1,0,1,0,1,1,1,49.701779,0,0,
/adult-learner/course-detail/NYP-SI4031_005/getting-started-on-shopee-onboarding,oh2025,1,0,1,0,1,1,1,11.129283,0,0,1,0,1,0,1,1,1,11.129283,0,0,
/adult-learner/course-detail/NYP-SI4032_801/alibaba-ceo-master-programme,(referral),1,0,1,0,1,1,1,21.309376,0,0,1,0,1,0,1,1,1,21.309376,0,0,
/adult-learner/course-detail/NYP-SI4034_002/manage-digital-marketing-and-store-performance-alibaba-managerial-elite-program-23,(referral),1,0,1,1,1,1,1,39.968993,0,0,1,0,1,1,1,1,1,39.968993,0,0,
/adult-learner/course-detail/NYP-SI4034_007/sirs-alibaba-taobao-university-boost-sales-through-effective-content-marketing-13-content-marketing-synchronous-e-learning,(referral),1,0,1,1,2,2,1,28.0323615,0.5,2,1,0,1,1,2,2,1,28.0323615,0.5,2,
/adult-learner/course-detail/NYP-SI4034_009/sirs-alibaba-taobao-university-boost-sales-through-effective-content-marketing-33-fans-economy-synchronous-e-learning,(organic),1,1,1,1,2,2,1,16.920316,0.5,1,1,1,1,1,2,2,1,16.920316,0.5,1,
/adult-learner/course-detail/NYP-SI4034_010/professional-certificate-in-digital-retail-entertainment,cet-q1-2025,1,0,1,1,1,1,1,44.383446,0,0,1,0,1,1,1,1,1,44.383446,0,0,
/adult-learner/course-detail/NYP-SI4036_005/visual-and-creative-skills-for-digital-marketing-for-online-store-alibaba-entrepreneur-startup-program-23-synchronous-e-learning,(organic),1,0,1,1,1,1,1,12.412288,0,0,1,0,1,1,1,1,1,12.412288,0,0,
/adult-learner/course-detail/NYP-SI4042_007/certified-digital-and-productivity-consultant,cet-q1-2025,1,0,1,0,1,1,1,26.871999,0,0,1,0,1,0,1,1,1,26.871999,0,0,
/adult-learner/course-detail/NYP-SI4046_002/jumpstart-your-online-business-part-2,(not set),1,0,1,0,1,1,1,44.97652,0,0,1,0,1,0,1,1,1,44.97652,0,0,
/adult-learner/course-detail/NYP-SI4046_002/jumpstart-your-online-business-part-2,(organic),1,1,1,0,1,1,1,4.430093,1,1,1,1,1,0,1,1,1,4.430093,1,1,
/adult-learner/course-detail/NYP-SI4046_002/jumpstart-your-online-business-part-2,cet-q1-2025,1,0,1,1,1,1,1,451.043476,0,0,1,0,1,1,1,1,1,451.043476,0,0,
/adult-learner/course-detail/NYP-SI4047_001/boost-your-business-with-social-commerce-part-1,(not set),1,0,1,0,1,1,1,0.245477,0,0,1,0,1,0,1,1,1,0.245477,0,0,
/adult-learner/course-detail/NYP-SI4047_002/boost-your-business-with-social-commerce-part-2,(organic),1,1,1,0,1,1,1,2.405566,1,1,1,1,1,0,1,1,1,2.405566,1,1,
/adult-learner/course-detail/NYP-SI4047_003/social-commerce-boost-awareness-and-engagement-to-drive-your-business-growth-part-1-classroom-facilitated-practical-training-asynchronous-e-learning,(referral),1,0,1,1,1,1,1,14.63012,0,0,1,0,1,1,1,1,1,14.63012,0,0,
/adult-learner/course-detail/NYP-SI4047_003/social-commerce-boost-awareness-and-engagement-to-drive-your-business-growth-part-1-classroom-facilitated-practical-training-asynchronous-e-learning,cet-q1-2025#personal-development,1,0,1,0,1,1,1,9.052837,0,0,1,0,1,0,1,1,1,9.052837,0,0,
/adult-learner/course-detail/NYP-SI4047_004/social-commerce-boost-awareness-and-engagement-to-drive-your-business-growth-part-2-classroom-facilitated-practical-training-asynchronous-e-learning,1.20215E+17,1,0,1,1,1,1,1,0.524615,0,0,1,0,1,1,1,1,1,0.524615,0,0,
/adult-learner/course-detail/NYP-SI4047_004/social-commerce-boost-awareness-and-engagement-to-drive-your-business-growth-part-2-classroom-facilitated-practical-training-asynchronous-e-learning,cet-q1-2025#personal-development,1,0,1,0,1,1,1,10.676299,0,0,1,0,1,0,1,1,1,10.676299,0,0,
/adult-learner/course-detail/NYP-SI4052_002/casetrust-accreditation-scheme-for-e-commerce-business-individual-training-2-classroom-facilitated-practical-training,(organic),1,0,1,1,2,2,1,468.7006715,0,2,1,0,1,1,2,2,1,468.7006715,0,2,
/adult-learner/course-detail/NYP-SI4053_001/kickstart-conversation-commerce-through-whatsapp-marketing-campaign-classroom-facilitated-practical-training,(organic),1,1,1,0,2,1,2,207.094724,0,1,1,1,1,0,2,1,2,207.094724,0,1,
/adult-learner/course-detail/NYP-SI4053_003/casetrust-accreditation-scheme-for-e-commerce-business-individual-training-1-classroom-facilitated-practical-training,cet-q1-2025,1,0,1,0,1,1,1,32.197935,0,0,1,0,1,0,1,1,1,32.197935,0,0,
/adult-learner/course-detail/NYP-SI4053_004/kickstart-conversation-commerce-through-whatsapp-marketing-campaign-classroom-facilitated-practical-training-asynchronous-e-learning,oh2025,1,0,1,0,1,1,1,33.886676,0,0,1,0,1,0,1,1,1,33.886676,0,0,
/adult-learner/course-detail/NYP-SI4054_002/enhanced-hvmp-heartland-visual-merchandising-programme,cet-q1-2025,1,0,1,0,1,1,1,5.540803,0,1,1,0,1,0,1,1,1,5.540803,0,1,
/adult-learner/course-detail/NYP-SI4054_003/enhanced-hvmp-heartland-visual-merchandising-programme-practical-asynchronous-e-learning,(organic),1,0,1,1,1,2,0.5,0.2909095,0,1,1,0,1,1,1,2,0.5,0.2909095,0,1,
/adult-learner/course-detail/NYP-SI4054_003/enhanced-hvmp-heartland-visual-merchandising-programme-practical-asynchronous-e-learning,cet-q1-2025,1,0,1,0,1,1,1,25.859501,0,0,1,0,1,0,1,1,1,25.859501,0,0,
/adult-learner/course-detail/NYP-SI4058_002/generative-ai-content-creation-super-sprint-your-sales-and-marketing-performance-classroom-facilitated-practical,(referral),1,0,1,1,1,1,1,121.469348,0,0,1,0,1,1,1,1,1,121.469348,0,0,
/adult-learner/course-detail/NYP-SI4058_002/generative-ai-content-creation-super-sprint-your-sales-and-marketing-performance-classroom-facilitated-practical,2025S1-sbm-acet,1,0,1,0,1,1,1,14.633371,0,0,1,0,1,0,1,1,1,14.633371,0,0,
/adult-learner/course-detail/NYP-SI4058_004/omnicommerce-strategic-integration-to-drive-business-roi-classroom-facilitated-practical-training-asynchronous-e-learning,(organic),1,0,1,1,1,1,1,805.814164,0,1,1,0,1,1,1,1,1,805.814164,0,1,
/adult-learner/course-detail/NYP-SI4058_005/generative-ai-content-creation-super-sprint-sales-and-marketing-performance-classroom-facilitated-practical-training-asynchronous-e-learning,(referral),1,0,1,0,1,1,1,0.690284,0,1,1,0,1,0,1,1,1,0.690284,0,1,
/adult-learner/course-detail/NYP-SI4059_001/cybersecurity-workshop-critical-protection-for-your-business-practical,2025S1-sbm-acet,1,0,1,0,1,1,1,37.000379,0,1,1,0,1,0,1,1,1,37.000379,0,1,
/adult-learner/course-detail/NYP-SI4059_002/generative-ai-content-creation-super-sprint-your-sales-and-marketing-performance-practical,(referral),1,0,1,1,1,1,1,55.534649,0,0,1,0,1,1,1,1,1,55.534649,0,0,
/adult-learner/course-detail/NYP-SI4059_003/cybersecurity-workshop-critical-protection-for-your-business-practical-asynchronous-e-learning,(referral),1,0,1,1,1,1,1,18.602159,0,0,1,0,1,1,1,1,1,18.602159,0,0,
/adult-learner/course-detail/NYP-SI4059_003/cybersecurity-workshop-critical-protection-for-your-business-practical-asynchronous-e-learning,cet-q1-2025#digital-marketing,1,0,1,1,1,1,1,49.88508,1,0,1,0,1,1,1,1,1,49.88508,1,0,
/adult-learner/course-detail/NYP-SI4059_003/cybersecurity-workshop-critical-protection-for-your-business-practical-asynchronous-e-learning,cet-q1-2025#sustainability,1,0,1,0,1,1,1,11.724802,0,1,1,0,1,0,1,1,1,11.724802,0,1,
/adult-learner/course-detail/NYP-SI4059_004/generative-ai-content-creation-workshop-super-sprint-sales-and-marketing-performance-practical-asynchronous-e-learning,1.20218E+17,1,0,1,0,1,1,1,23.181162,0,0,1,0,1,0,1,1,1,23.181162,0,0,
/adult-learner/course-detail/NYP-SI4060_003/supercharge-sales-with-automated-omnichannel-integration-classroom-facilitated-practical-training,(not set),1,0,1,0,1,1,1,1.501613,0,0,1,0,1,0,1,1,1,1.501613,0,0,
/adult-learner/course-detail/NYP-SI4060_004/accelerate-sales-and-conversions-with-ai-powered-data-analytics-classroom-facilitated-practical-training-asynchronous-e-learning,2024S2-sbm-acet,1,0,1,1,1,1,1,26.30006,0,0,1,0,1,1,1,1,1,26.30006,0,0,
/adult-learner/course-detail/NYP-SI4060_004/accelerate-sales-and-conversions-with-ai-powered-data-analytics-classroom-facilitated-practical-training-asynchronous-e-learning,2025S1-sbm-acet,1,0,1,1,1,1,1,123.12457,0,0,1,0,1,1,1,1,1,123.12457,0,0,
/adult-learner/course-detail/NYP-SI4060_004/accelerate-sales-and-conversions-with-ai-powered-data-analytics-classroom-facilitated-practical-training-asynchronous-e-learning,OH25,1,0,1,1,1,1,1,16.177281,0,0,1,0,1,1,1,1,1,16.177281,0,0,
/adult-learner/course-detail/NYP-SI4060_005/supercharge-sales-with-automated-omnichannel-integration-classroom-facilitated-practical-training-asynchronous-e-learning,(referral),1,0,1,0,2,1,2,1266.357079,0,0,1,0,1,0,2,1,2,1266.357079,0,0,
/adult-learner/course-detail/NYP-SI4061_001/kickstart-conversation-commerce-through-whatsapp-marketing-campaign-classroom-facilitated-practical-training,(not set),1,0,1,0,1,1,1,0.503421,0,0,1,0,1,0,1,1,1,0.503421,0,0,
/adult-learner/course-detail/NYP-SI4061_001/kickstart-conversation-commerce-through-whatsapp-marketing-campaign-classroom-facilitated-practical-training,(organic),1,0,1,0,1,1,1,74.519414,0,0,1,0,1,0,1,1,1,74.519414,0,0,
/adult-learner/course-detail/NYP-SI4061_002/kickstart-conversation-commerce-through-whatsapp-marketing-campaign-classroom-facilitated-practical-training-asynchronous-e-learning,(direct),1,0,1,1,1,1,1,134.666891,0,0,1,0,1,1,1,1,1,134.666891,0,0,
/adult-learner/course-detail/NYP-SI4062_003/tiktok-shop-optimise-your-social-media-marketing-engagement-and-boost-your-sales-classroom-facilitated-asynchronous-e-learning,(referral),1,0,1,0,1,1,1,91.467948,0,0,1,0,1,0,1,1,1,91.467948,0,0,
/adult-learner/course-detail/NYP-SI4062_003/tiktok-shop-optimise-your-social-media-marketing-engagement-and-boost-your-sales-classroom-facilitated-asynchronous-e-learning,2025S1-sbm-acet,1,0,1,1,1,1,1,7.558134,0,1,1,0,1,1,1,1,1,7.558134,0,1,
/adult-learner/course-detail/NYP-SI4062_004/mastering-the-art-of-making-a-powerful-sales-pitch-classroom-facilitated-asynchronous-e-learning,(organic),1,0,1,0,1,1,1,213.082228,0,1,1,0,1,0,1,1,1,213.082228,0,1,
/adult-learner/course-detail/NYP-SI4063_002/tiktok-shop-optimise-your-social-media-marketing-engagement-and-boost-your-sales-classroom-facilitated-asynchronous-e-learning,1.20218E+17,1,0,1,0,1,1,1,0.48994,0,1,1,0,1,0,1,1,1,0.48994,0,1,
/adult-learner/course-detail/NYP-SI4063_002/tiktok-shop-optimise-your-social-media-marketing-engagement-and-boost-your-sales-classroom-facilitated-asynchronous-e-learning,2024S2-sbm-acet,1,0,1,1,2,1,2,169.384813,0,0,1,0,1,1,2,1,2,169.384813,0,0,
/adult-learner/course-detail/NYP-SI4063_002/tiktok-shop-optimise-your-social-media-marketing-engagement-and-boost-your-sales-classroom-facilitated-asynchronous-e-learning,oh2025,1,0,1,0,1,1,1,6.363539,0,0,1,0,1,0,1,1,1,6.363539,0,0,
/adult-learner/course-detail/NYP-SI4064_001/drive-conversions-and-optimise-returns-with-social-and-influencer-marketing,(organic),1,0,1,1,1,1,1,25.178556,0,0,1,0,1,1,1,1,1,25.178556,0,0,
/adult-learner/course-detail/NYP-SI4064_001/drive-conversions-and-optimise-returns-with-social-and-influencer-marketing,oh2025,1,0,1,0,1,1,1,15.920653,0,0,1,0,1,0,1,1,1,15.920653,0,0,
/adult-learner/course-detail/NYP-SI4064_002/how-to-become-a-youtuber-and-get-paid-classroom-facilitated-asynchronous-e-learning,2025S1-sbm-acet,1,0,1,1,2,1,2,59.915066,0,0,1,0,1,1,2,1,2,59.915066,0,0,
/adult-learner/course-detail/NYP-SI4064_003/level-up-customer-engagement-through-live-streaming,(organic),1,0,1,1,1,1,1,2.415693,0,0,1,0,1,1,1,1,1,2.415693,0,0,
/adult-learner/course-detail/NYP-SI4064_005/social-and-influencer-marketing-drive-conversions-and-optimise-returns-classroom-facilitated,(referral),1,0,1,1,1,1,1,22.759822,0,0,1,0,1,1,1,1,1,22.759822,0,0,
/adult-learner/course-detail/NYP-SI4064_005/social-and-influencer-marketing-drive-conversions-and-optimise-returns-classroom-facilitated,2024S2-sbm-acet,1,0,1,1,2,1,2,32.430982,0,0,1,0,1,1,2,1,2,32.430982,0,0,
/adult-learner/course-detail/NYP-SI4064_005/social-and-influencer-marketing-drive-conversions-and-optimise-returns-classroom-facilitated,cet-q1-2025,1,0,1,0,1,1,1,2.504696,0,0,1,0,1,0,1,1,1,2.504696,0,0,
/adult-learner/course-detail/NYP-SI4064_007/youtube-content-creation-develop-your-unique-brand-that-stands-out-and-drives-engagement-classroom-facilitated-asynchronous-e-learning,2025S1-sbm-acet,1,0,1,1,1,1,1,8.771842,0,0,1,0,1,1,1,1,1,8.771842,0,0,
/adult-learner/course-detail/NYP-SI4064_007/youtube-content-creation-develop-your-unique-brand-that-stands-out-and-drives-engagement-classroom-facilitated-asynchronous-e-learning,cet-q1-2025#digital-marketing,1,0,1,1,1,1,1,0.505014,0,1,1,0,1,1,1,1,1,0.505014,0,1,
/adult-learner/course-detail/NYP-SI4064_007/youtube-content-creation-develop-your-unique-brand-that-stands-out-and-drives-engagement-classroom-facilitated-asynchronous-e-learning,cet-q1-2025#personal-development,1,0,1,0,1,1,1,0.457957,0,0,1,0,1,0,1,1,1,0.457957,0,0,
/adult-learner/course-detail/NYP-SI4065_001/social-commerce-xiao-hong-shu-xhs-classroom-facilitated-practical-training-asynchronous-e-learning,cet-q1-2025#digital-marketing,1,0,1,0,1,1,1,11.390162,0,0,1,0,1,0,1,1,1,11.390162,0,0,
/adult-learner/course-detail/NYP-SI4066_001/tiktok-influencer-and-content-marketing-strategies-to-drive-sales-classroom-facilitated-asynchronous-e-learning,(not set),1,0,1,0,1,1,1,21.75822,0,0,1,0,1,0,1,1,1,21.75822,0,0,
/adult-learner/course-detail/NYP-SI4066_001/tiktok-influencer-and-content-marketing-strategies-to-drive-sales-classroom-facilitated-asynchronous-e-learning,(referral),1,0,1,0,1,1,1,43.32856,0,1,1,0,1,0,1,1,1,43.32856,0,1,
/adult-learner/course-detail/NYP-SI4066_001/tiktok-influencer-and-content-marketing-strategies-to-drive-sales-classroom-facilitated-asynchronous-e-learning,2025S1-sbm-acet,1,0,1,1,1,1,1,33.348159,0,0,1,0,1,1,1,1,1,33.348159,0,0,
/adult-learner/course-detail/NYP-SI4069_001/digital-commerce-and-marketing-developing-a-digital-omnichannel-business-to-drive-success-classroom-facilitated-practical-training-asynchronous-e-learning,(organic),1,0,1,0,1,1,1,405.31459,0,1,1,0,1,0,1,1,1,405.31459,0,1,
/adult-learner/course-detail/NYP-SI4069_001/digital-commerce-and-marketing-developing-a-digital-omnichannel-business-to-drive-success-classroom-facilitated-practical-training-asynchronous-e-learning,(referral),1,0,1,1,1,1,1,37.033386,0,0,1,0,1,1,1,1,1,37.033386,0,0,
/adult-learner/course-detail/NYP-SI7025_002/fundamentals-to-starting-an-online-business-classroom-facilitated,2024S2-sbm-acet,1,0,1,0,1,1,1,10.449572,0,0,1,0,1,0,1,1,1,10.449572,0,0,
/adult-learner/course-detail/NYP-SI7025_002/fundamentals-to-starting-an-online-business-classroom-facilitated,OH25,1,0,1,1,2,2,1,169.2757735,0,2,1,0,1,1,2,2,1,169.2757735,0,2,
/adult-learner/course-detail/NYP-SI7025_002/fundamentals-to-starting-an-online-business-classroom-facilitated,cet-q1-2025#engineering,1,0,1,0,1,1,1,15.294464,0,0,1,0,1,0,1,1,1,15.294464,0,0,
/adult-learner/course-detail/NYP-SI7025_002/fundamentals-to-starting-an-online-business-classroom-facilitated,cet-q1-2025#sustainability,1,0,1,0,1,1,1,20.277415,0,0,1,0,1,0,1,1,1,20.277415,0,0,
/adult-learner/course-detail/NYP-SI7025_002/fundamentals-to-starting-an-online-business-classroom-facilitated,oh2025,1,0,1,0,1,1,1,18.640159,0,1,1,0,1,0,1,1,1,18.640159,0,1,
/adult-learner/course-detail/NYP-SI7025_011/engage-customers-through-social-media-classroom-facilitated,(not set),1,0,1,1,1,1,1,182.582447,0,0,1,0,1,1,1,1,1,182.582447,0,0,
/adult-learner/course-detail/NYP-SI7025_011/engage-customers-through-social-media-classroom-facilitated,(referral),1,0,1,1,1,1,1,35.555238,0,1,1,0,1,1,1,1,1,35.555238,0,1,
/adult-learner/course-detail/NYP-SI7025_011/engage-customers-through-social-media-classroom-facilitated,cet-q1-2025#cybersecurity,1,0,1,0,1,1,1,86.641412,0,0,1,0,1,0,1,1,1,86.641412,0,0,
/adult-learner/course-detail/NYP-SI7025_011/engage-customers-through-social-media-classroom-facilitated,cet-q1-2025#personal-development,1,0,1,1,1,1,1,10.323973,0,0,1,0,1,1,1,1,1,10.323973,0,0,
/adult-learner/course-detail/NYP-SI7025_012/sf-series-thrive-in-digital-disruption-learn-unlearn-and-relearn-classroom-facilitated,(direct),1,0,1,1,1,1,1,95.005512,0,0,1,0,1,1,1,1,1,95.005512,0,0,
/adult-learner/course-detail/NYP-SI7025_012/sf-series-thrive-in-digital-disruption-learn-unlearn-and-relearn-classroom-facilitated,(not set),1,0,1,1,5,3,1.666666667,136.879625,0,0,1,0,1,1,5,3,1.666666667,136.879625,0,0,
/adult-learner/course-detail/NYP-SI7025_013/introduction-to-digital-marketing-classroom-facilitated,2024s2-sbm-shortcourses,1,0,1,1,1,1,1,189.779281,0,0,1,0,1,1,1,1,1,189.779281,0,0,
/adult-learner/course-detail/NYP-SI7025_013/introduction-to-digital-marketing-classroom-facilitated,2025S1-sbm-acet,1,0,1,1,1,1,1,89.993006,0,0,1,0,1,1,1,1,1,89.993006,0,0,
/adult-learner/course-detail/NYP-SI7025_013/introduction-to-digital-marketing-classroom-facilitated,OH25,1,0,1,0,1,1,1,16.923498,0,0,1,0,1,0,1,1,1,16.923498,0,0,
/adult-learner/course-detail/NYP-SI7025_013/introduction-to-digital-marketing-classroom-facilitated,cet-q1-2025#cybersecurity,1,0,1,0,1,1,1,26.687143,0,1,1,0,1,0,1,1,1,26.687143,0,1,
/adult-learner/course-detail/NYP-SI7025_013/introduction-to-digital-marketing-classroom-facilitated,oh2025,1,0,1,1,2,2,1,11.9303075,0,2,1,0,1,1,2,2,1,11.9303075,0,2,
/adult-learner/course-detail/NYP-SI7025_014/sf-series-personal-online-branding-classroom-facilitated,(not set),1,0,1,1,3,1,3,100.556224,0,0,1,0,1,1,3,1,3,100.556224,0,0,
/adult-learner/course-detail/NYP-SI7025_014/sf-series-personal-online-branding-classroom-facilitated,2024s2-sbm-shortcourses,1,0,1,1,2,1,2,213.297225,0,0,1,0,1,1,2,1,2,213.297225,0,0,
/adult-learner/course-detail/NYP-SI7025_014/sf-series-personal-online-branding-classroom-facilitated,2025S1-sbm-acet,1,0,1,1,1,1,1,11.073615,0,0,1,0,1,1,1,1,1,11.073615,0,0,
/adult-learner/course-detail/NYP-SI7025_015/digital-skills-enhance-your-work-and-daily-productivity-classroom-facilitated,2025S1-sbm-acet,1,0,1,1,1,1,1,297.066236,0,0,1,0,1,1,1,1,1,297.066236,0,0,
/adult-learner/course-detail/NYP-SI7025_015/digital-skills-enhance-your-work-and-daily-productivity-classroom-facilitated,cet-q1-2025#personal-development,1,0,1,0,2,1,2,21.956932,0,1,1,0,1,0,2,1,2,21.956932,0,1,
/adult-learner/course-detail/NYP-SI7026_002/basics-in-content-generation-classroom-facilitated,(not set),1,0,1,1,5,2,2.5,300.2901695,0,1,1,0,1,1,5,2,2.5,300.2901695,0,1,
/adult-learner/course-detail/NYP-SI7026_002/basics-in-content-generation-classroom-facilitated,1.20215E+17,1,0,1,1,1,1,1,10.587605,0,0,1,0,1,1,1,1,1,10.587605,0,0,
/adult-learner/course-detail/NYP-SI7026_002/basics-in-content-generation-classroom-facilitated,cet-q1-2025#personal-development,1,0,1,0,1,1,1,12.351945,0,0,1,0,1,0,1,1,1,12.351945,0,0,
/adult-learner/course-detail/NYP-SI7026_003/tapping-into-the-power-of-instagram-for-selling-classroom-facilitated,(referral),1,1,1,0,1,1,1,505.065384,0,1,1,1,1,0,1,1,1,505.065384,0,1,
/adult-learner/course-detail/NYP-SI7026_003/tapping-into-the-power-of-instagram-for-selling-classroom-facilitated,2024s2-sbm-shortcourses,1,0,1,1,1,1,1,12.259993,0,0,1,0,1,1,1,1,1,12.259993,0,0,
/adult-learner/course-detail/NYP-SI7026_003/tapping-into-the-power-of-instagram-for-selling-classroom-facilitated,cet-q1-2025#personal-development,1,0,1,0,1,1,1,5.259974,0,0,1,0,1,0,1,1,1,5.259974,0,0,
/adult-learner/course-detail/NYP-SI7026_003/tapping-into-the-power-of-instagram-for-selling-classroom-facilitated,oh2025,1,0,1,0,1,1,1,42.173254,0,0,1,0,1,0,1,1,1,42.173254,0,0,
/adult-learner/course-detail/NYP-SI7055_001/business-intelligence-to-improve-revenue,cet-q1-2025,1,0,1,1,2,2,1,24.406596,0,0,1,0,1,1,2,2,1,24.406596,0,0,
/adult-learner/course-detail/NYP-SI7061_02/digital-transformation-skillsfuture-for-digital-workplace-20,cet-q1-2025,1,0,1,1,2,2,1,0.679469,0.5,2,1,0,1,1,2,2,1,0.679469,0.5,2,
/adult-learner/course-detail/NYP-SI7062/digitalisation-for-retail-skillsfuture-for-digital-workplace-20-classroom-facilitated,(referral),1,0,1,0,1,1,1,44.899867,0,1,1,0,1,0,1,1,1,44.899867,0,1,
/adult-learner/course-detail/NYP-SI7070_001/navigating-ai-and-sustainability-in-the-future-of-business,2024S2-sbm-acet,1,0,1,0,1,1,1,111.803103,0,1,1,0,1,0,1,1,1,111.803103,0,1,
/adult-learner/course-detail/NYP-SI7070_001/navigating-ai-and-sustainability-in-the-future-of-business,2025S1-sbm-acet,1,0,1,1,1,1,1,52.17821,0,1,1,0,1,1,1,1,1,52.17821,0,1,
/adult-learner/course-detail/NYP-SI7071_001/engage-customers-through-social-media-classroom-facilitated,2025S1-sbm-acet,1,0,1,0,1,1,1,34.588465,0,0,1,0,1,0,1,1,1,34.588465,0,0,
/adult-learner/course-detail/NYP-SI7071_001/engage-customers-through-social-media-classroom-facilitated,cet-q1-2025,1,0,1,1,7,7,1,9.213184857,0.571428571,6,1,0,1,1,7,7,1,9.213184857,0.571428571,6,
/adult-learner/course-detail/NYP-SI7071_002/sf-series-personal-online-branding-classroom-facilitated,(referral),1,0,1,0,1,1,1,14.852772,0,0,1,0,1,0,1,1,1,14.852772,0,0,
/adult-learner/course-detail/NYP-SI7071_003/introduction-to-digital-marketing-classroom-facilitated,cet-q1-2025,1,0,1,0,1,1,1,6.648509,0,1,1,0,1,0,1,1,1,6.648509,0,1,
/adult-learner/course-detail/NYP-SI7072_001/tapping-into-the-power-of-instagram-for-selling-classroom-facilitated,(referral),1,0,1,0,1,1,1,20.840169,0,0,1,0,1,0,1,1,1,20.840169,0,0,
/adult-learner/course-detail/NYP-SI7072_001/tapping-into-the-power-of-instagram-for-selling-classroom-facilitated,2025S1-sbm-acet,1,0,1,0,1,1,1,28.079209,0,0,1,0,1,0,1,1,1,28.079209,0,0,
/adult-learner/course-detail/NYP-SI7072_001/tapping-into-the-power-of-instagram-for-selling-classroom-facilitated,cet-q1-2025#personal-development,1,0,1,0,1,1,1,50.420715,0,0,1,0,1,0,1,1,1,50.420715,0,0,
/adult-learner/course-detail/NYP-SI7072_001/tapping-into-the-power-of-instagram-for-selling-classroom-facilitated,oh2025,1,0,1,0,1,1,1,14.790923,0,0,1,0,1,0,1,1,1,14.790923,0,0,
/adult-learner/course-detail/NYP-SI7073_001/mobile-photography-inspiring-the-human-connection-classroom-facilitated,cet-q1-2025#digital-marketing,1,0,1,0,1,1,1,7.989326,0,0,1,0,1,0,1,1,1,7.989326,0,0,
/adult-learner/course-detail/NYP-SI7073_001/mobile-photography-inspiring-the-human-connection-classroom-facilitatedhttps://www.nyp.edu.sg/adult-learner/course-detail/NYP-SI7073_001/mobile-photography-inspiring-the-human-connection-classroom-facilitated,(direct),1,1,1,0,2,1,2,323.813751,0,1,1,1,1,0,2,1,2,323.813751,0,1,
/adult-learner/course-detail/NYP-SI7073_002/mobile-photography-turning-products-into-visual-stories-classroom-facilitated,(not set),1,0,1,1,2,2,1,35.292133,0,0,1,0,1,1,2,2,1,35.292133,0,0,
/adult-learner/course-detail/NYP-SI7073_002/mobile-photography-turning-products-into-visual-stories-classroom-facilitated,2025S1-sbm-acet,1,0,1,1,1,2,0.5,8.2251275,0,1,1,0,1,1,1,2,0.5,8.2251275,0,1,
/adult-learner/course-detail/NYP-SI7073_002/mobile-photography-turning-products-into-visual-stories-classroom-facilitated,cet-q1-2025#digital-marketing,1,0,1,0,1,1,1,6.979305,0,0,1,0,1,0,1,1,1,6.979305,0,0,
/adult-learner/course-detail/NYP-SI7073_002/mobile-photography-turning-products-into-visual-stories-classroom-facilitated,cet-q1-2025#engineering,1,0,1,0,1,1,1,16.501496,0,0,1,0,1,0,1,1,1,16.501496,0,0,
/adult-learner/course-detail/NYP-SI7073_002/mobile-photography-turning-products-into-visual-stories-classroom-facilitated,oh2025,1,0,1,1,1,1,1,0.209565,0,0,1,0,1,1,1,1,1,0.209565,0,0,
/adult-learner/course-detail/NYP-SI7073_003/mobile-videography-film-edit-and-post-your-amazing-stories-classroom-facilitated,(not set),1,0,1,1,1,1,1,29.054621,0,0,1,0,1,1,1,1,1,29.054621,0,0,
/adult-learner/course-detail/NYP-SI7073_003/mobile-videography-film-edit-and-post-your-amazing-stories-classroom-facilitated,1.20218E+17,1,0,1,1,2,1,2,118.046995,0,0,1,0,1,1,2,1,2,118.046995,0,0,
/adult-learner/course-detail/NYP-SI7073_003/mobile-videography-film-edit-and-post-your-amazing-stories-classroom-facilitated,1.20218E+17,1,0,1,1,1,1,1,1.960273,0,0,1,0,1,1,1,1,1,1.960273,0,0,
/adult-learner/course-detail/NYP-SI7073_003/mobile-videography-film-edit-and-post-your-amazing-stories-classroom-facilitated,cet-q1-2025,1,0,1,0,1,1,1,42.994961,0,0,1,0,1,0,1,1,1,42.994961,0,0,
/adult-learner/course-detail/NYP-SI7073_004/generative-ai-get-informed-entertained-and-inspired-with-microsoft-copilot-classroom-facilitated,2024s2-sbm-shortcourses,1,0,1,1,2,1,2,16.818265,0,0,1,0,1,1,2,1,2,16.818265,0,0,
/adult-learner/course-detail/NYP-SI7073_004/generative-ai-get-informed-entertained-and-inspired-with-microsoft-copilot-classroom-facilitated,cet-q1-2025#digital-marketing,1,0,1,1,1,1,1,5.291626,0,1,1,0,1,1,1,1,1,5.291626,0,1,
/adult-learner/course-detail/NYP-SI7073_004/generative-ai-get-informed-entertained-and-inspired-with-microsoft-copilot-classroom-facilitated,cet-q1-2025#personal-development,1,0,1,1,1,1,1,11.354343,0,1,1,0,1,1,1,1,1,11.354343,0,1,
/adult-learner/course-detail/NYP-SI7073_004/generative-ai-get-informed-entertained-and-inspired-with-microsoft-copilot-classroom-facilitated,oh2025,1,0,1,1,1,1,1,315.240564,0,1,1,0,1,1,1,1,1,315.240564,0,1,
/adult-learner/course-detail/NYP-SI7073_005/generative-ai-smarter-faster-easier-content-creation-on-designsai-classroom-facilitated,1.20218E+17,1,0,1,0,1,1,1,14.459112,0,0,1,0,1,0,1,1,1,14.459112,0,0,
/adult-learner/course-detail/NYP-SI7073_005/generative-ai-smarter-faster-easier-content-creation-on-designsai-classroom-facilitated,cet-q1-2025#sustainability,1,0,1,1,1,1,1,11.916624,0,1,1,0,1,1,1,1,1,11.916624,0,1,
/adult-learner/course-detail/NYP-SI7074_001/generative-ai-get-informed-entertained-and-inspired-with-microsoft-copilot-classroom-facilitated,(not set),1,0,1,0,1,1,1,22.448314,0,1,1,0,1,0,1,1,1,22.448314,0,1,
/adult-learner/course-detail/NYP-SI8032_003/critical-thinking-and-problem-solving,1.20218E+17,1,0,1,0,1,1,1,3.755007,0,0,1,0,1,0,1,1,1,3.755007,0,0,
/adult-learner/course-detail/NYP-SI8032_003/critical-thinking-and-problem-solving,2024S2-sbm-acet,1,0,1,1,2,2,1,30.617338,0,1,1,0,1,1,2,2,1,30.617338,0,1,
/adult-learner/course-detail/NYP-SI8032_003/critical-thinking-and-problem-solving,oh2025,1,0,1,1,1,1,1,8.710006,0,1,1,0,1,1,1,1,1,8.710006,0,1,
/adult-learner/course-detail/NYP-SI8038_001/ang-ku-kueh-delights,(not set),1,0,1,0,1,1,1,2.2459,0,0,1,0,1,0,1,1,1,2.2459,0,0,
/adult-learner/course-detail/NYP-SI8038_001/ang-ku-kueh-delights,cet-q1-2025,1,0,1,1,1,1,1,2.480589,0,0,1,0,1,1,1,1,1,2.480589,0,0,
/adult-learner/course-detail/NYP-SI8040_001/introduction-to-sake,(not set),1,0,1,0,1,1,1,0.257,0,1,1,0,1,0,1,1,1,0.257,0,1,
/adult-learner/course-detail/NYP-SI8040_001/introduction-to-sake,(referral),1,0,1,1,1,1,1,63.552328,0,0,1,0,1,1,1,1,1,63.552328,0,0,
/adult-learner/course-detail/NYP-SI8040_001/introduction-to-sake,cil3-roadshow,1,0,1,0,1,1,1,2.429772,0,1,1,0,1,0,1,1,1,2.429772,0,1,
/adult-learner/course-detail/NYP-SI8041_001/whisky-ambassador,(not set),1,0,1,0,1,1,1,0.527376,0,0,1,0,1,0,1,1,1,0.527376,0,0,
/adult-learner/course-detail/NYP-SI8041_001/whisky-ambassador,cet-q1-2025#cybersecurity,1,0,1,0,1,1,1,73.048795,0,0,1,0,1,0,1,1,1,73.048795,0,0,
/adult-learner/course-detail/NYP-SI8042_001/wholesome-confinement-essentials,cet-q1-2025,1,0,1,0,1,1,1,8.790498,0,1,1,0,1,0,1,1,1,8.790498,0,1,
/adult-learner/course-detail/NYP-SI8043_001/wagashi,cet-q1-2025,1,0,1,1,1,1,1,27.028776,0,0,1,0,1,1,1,1,1,27.028776,0,0,
/adult-learner/course-detail/NYP-SI8044_001/introduction-to-jelly-art,(not set),1,0,1,0,1,1,1,43.465655,0,0,1,0,1,0,1,1,1,43.465655,0,0,
/adult-learner/course-detail/NYP-WSCA05_001/food-safety-course-level-3,2024s2-sbm-shortcourses,1,0,1,1,1,1,1,55.268335,0,1,1,0,1,1,1,1,1,55.268335,0,1,
/adult-learner/course-detail/NYP-WSCA05_006/facilitate-effective-communication-and-engagement-at-the-workplace,(not set),1,0,1,0,1,1,1,90.956386,0,0,1,0,1,0,1,1,1,90.956386,0,0,
/adult-learner/course-detail/NYP-WSCA05_006/facilitate-effective-communication-and-engagement-at-the-workplace,2024S2-sbm-acet,1,0,1,0,1,1,1,8.842745,0,0,1,0,1,0,1,1,1,8.842745,0,0,
/adult-learner/course-detail/NYP-WSCA05_006/facilitate-effective-communication-and-engagement-at-the-workplace,2025S1-sbm-acet,1,0,1,1,1,1,1,23.403678,0,1,1,0,1,1,1,1,1,23.403678,0,1,
/adult-learner/course-detail/NYP-WSCA05_007/manage-food-and-beverage-operations,2025S1-sbm-acet,1,0,1,0,1,1,1,26.730293,0,0,1,0,1,0,1,1,1,26.730293,0,0,
/adult-learner/course-detail/NYP-WSCA05_007/manage-food-and-beverage-operations,oh2025,1,0,1,1,1,1,1,7.074547,0,0,1,0,1,1,1,1,1,7.074547,0,0,
/adult-learner/course-detail/NYP-WSCA05_008/prepare-singapore-heritage-cuisine,(not set),1,0,1,0,1,1,1,44.504844,0,0,1,0,1,0,1,1,1,44.504844,0,0,
/adult-learner/course-detail/NYP-WSCA05_009/demonstrate-sous-vide-method,(direct),1,0,1,0,1,1,1,24.728321,0,0,1,0,1,0,1,1,1,24.728321,0,0,
/adult-learner/course-detail/NYP-WSCA05_009/demonstrate-sous-vide-method,(not set),1,0,1,0,1,1,1,31.001201,0,0,1,0,1,0,1,1,1,31.001201,0,0,
/adult-learner/course-detail/NYP-WSCA05_009/demonstrate-sous-vide-method,(organic),1,1,1,0,1,1,1,40.001626,0,1,1,1,1,0,1,1,1,40.001626,0,1,
/adult-learner/course-detail/NYP-WSCC09_001/tea-diffusion-and-coffee-brewing,2025S1-sbm-acet,1,0,1,1,1,1,1,38.730932,0,0,1,0,1,1,1,1,1,38.730932,0,0,
/adult-learner/course-detail/NYP-WSCC10_012/fabrication-of-meat-and-poultry,(not set),1,0,1,1,1,1,1,339.100052,0,1,1,0,1,1,1,1,1,339.100052,0,1,
/adult-learner/course-detail/NYP-WSCC10_012/fabrication-of-meat-and-poultry,(referral),1,0,1,1,1,1,1,3.45605,1,1,1,0,1,1,1,1,1,3.45605,1,1,
/adult-learner/course-detail/NYP-WSCC10_012/fabrication-of-meat-and-poultry,2025S1-sbm-acet,1,0,1,1,1,1,1,9.372393,0,0,1,0,1,1,1,1,1,9.372393,0,0,
/adult-learner/course-detail/NYP-WSCC10_013/project-a-positive-and-professional-image,(referral),1,0,1,1,1,1,1,5.014643,0,1,1,0,1,1,1,1,1,5.014643,0,1,
/adult-learner/course-detail/NYP-WSCC10_013/project-a-positive-and-professional-image,cet-q1-2025,1,0,1,0,1,1,1,14.663324,0,0,1,0,1,0,1,1,1,14.663324,0,0,
/adult-learner/course-detail/NYP-WSCC10_015/receive-and-store-products,cet-q1-2025,1,0,1,0,1,1,1,7.887539,0,0,1,0,1,0,1,1,1,7.887539,0,0,
/adult-learner/course-detail/NYP-WSCC10_016/demonstrate-basic-knife-skills,cet-q1-2025,1,0,1,0,1,1,1,154.606038,0,0,1,0,1,0,1,1,1,154.606038,0,0,
/adult-learner/course-detail/NYP-WSCC10_018/make-stocks-broths-and-soups,(direct),1,0,1,0,1,1,1,12.155466,0,0,1,0,1,0,1,1,1,12.155466,0,0,
/adult-learner/course-detail/NYP-WSCC10_018/make-stocks-broths-and-soups,(referral),1,0,1,0,1,1,1,8.997415,0,0,1,0,1,0,1,1,1,8.997415,0,0,
/adult-learner/course-detail/NYP-WSCC11_003/project-a-positive-and-professional-image,(direct),1,0,1,0,1,1,1,2.339778,0,0,1,0,1,0,1,1,1,2.339778,0,0,
/adult-learner/course-detail/NYP-WSCC11_005/maintain-safe-and-secure-work-environment,(direct),1,0,1,1,1,1,1,61.895488,0,0,1,0,1,1,1,1,1,61.895488,0,0,
/adult-learner/course-detail/NYP-WSCC11_005/maintain-safe-and-secure-work-environment,(organic),1,0,1,0,1,1,1,15.357077,0,0,1,0,1,0,1,1,1,15.357077,0,0,
/adult-learner/course-detail/NYP-WSCC11_006/receive-and-store-products,(organic),1,1,1,0,1,1,1,5.480553,1,1,1,1,1,0,1,1,1,5.480553,1,1,
/adult-learner/course-detail/NYP-WSCC11_007/project-a-positive-and-professional-image,(direct),1,0,1,0,1,1,1,2.690996,0,0,1,0,1,0,1,1,1,2.690996,0,0,
/adult-learner/course-detail/NYP-WSCC11_008/receive-and-store-products,(direct),1,0,1,1,1,1,1,1567.737658,0,0,1,0,1,1,1,1,1,1567.737658,0,0,
/adult-learner/course-detail/NYP-WSCC12_011/fabrication-of-fish-and-seafood,cet-q1-2025,1,0,1,0,1,1,1,11.82214,0,0,1,0,1,0,1,1,1,11.82214,0,0,
/adult-learner/course-detail/NYP-WSCD10_001/wines-of-the-new-world,(referral),1,1,1,0,1,1,1,209.000232,0,1,1,1,1,0,1,1,1,209.000232,0,1,
/adult-learner/course-detail/NYP-WSCD10_001/wines-of-the-new-world,2025S1-sbm-acet,1,0,1,1,1,1,1,58.419284,0,0,1,0,1,1,1,1,1,58.419284,0,0,
/adult-learner/course-detail/NYP-WSCD10_001/wines-of-the-new-world,oh2025,1,0,1,1,1,1,1,92.130231,0,0,1,0,1,1,1,1,1,92.130231,0,0,
/adult-learner/course-detail/NYP-WSCD11_002/participate-in-negotiations,2024S2-sbm-acet,1,0,1,0,1,1,1,9.516668,0,1,1,0,1,0,1,1,1,9.516668,0,1,
/adult-learner/course-detail/NYP-WSCD11_002/participate-in-negotiations,2025S1-sbm-acet,1,0,1,1,1,1,1,4.617334,0,0,1,0,1,1,1,1,1,4.617334,0,0,
/adult-learner/course-detail/NYP-WSCD11_003/menu-engineering-and-recipe-costing,(direct),1,0,1,1,1,1,1,42.035141,0,0,1,0,1,1,1,1,1,42.035141,0,0,
/adult-learner/course-detail/NYP-WSCD11_005/develop-customer-service-excellence,2024S2-sbm-acet,1,0,1,0,1,1,1,89.58489,0,1,1,0,1,0,1,1,1,89.58489,0,1,
/adult-learner/course-detail/NYP-WSCD11_006/financial-planning-and-analysis,OH25,1,0,1,1,2,2,1,4.9698055,0,1,1,0,1,1,2,2,1,4.9698055,0,1,
/adult-learner/course-detail/NYP-WSCD11_006/financial-planning-and-analysis,oh2025,1,0,1,0,1,1,1,4.824183,0,0,1,0,1,0,1,1,1,4.824183,0,0,
/adult-learner/course-detail/NYP-WSCD11_008/develop-marketing-campaigns,cet-q1-2025,1,0,1,0,1,1,1,30.004163,0,1,1,0,1,0,1,1,1,30.004163,0,1,
/adult-learner/course-detail/NYP-WSCD11_008/develop-marketing-campaigns,oh2025,1,0,1,0,2,1,2,118.564276,0,0,1,0,1,0,2,1,2,118.564276,0,0,
/adult-learner/course-detail/NYP-WSCD11_009/manage-productivity-improvements,2024S2-sbm-acet,1,0,1,0,1,1,1,7.590612,0,0,1,0,1,0,1,1,1,7.590612,0,0,
/adult-learner/course-detail/NYP-WSCM12_001/food-and-wine-pairing,(direct),1,0,0,0,1,1,1,0,1,1,1,0,0,0,1,1,1,0,1,1,
/adult-learner/course-detail/NYP-WSCM15_003/canaps-party-pleasers,(direct),1,0,1,0,1,1,1,27.90865,0,0,1,0,1,0,1,1,1,27.90865,0,0,
/adult-learner/course-detail/NYP-WSCM15_003/canaps-party-pleasers,(not set),1,0,1,0,1,1,1,49.729345,0,0,1,0,1,0,1,1,1,49.729345,0,0,
/adult-learner/course-detail/NYP-WSCP24_005/hawker-heritage-series-oodles-of-noodles,(organic),1,0,1,0,1,1,1,13.102764,0,1,1,0,1,0,1,1,1,13.102764,0,1,
/adult-learner/course-detail/NYP-WSCP26_001/introduction-to-sake,(organic),1,1,1,0,2,1,2,25.699354,0,1,1,1,1,0,2,1,2,25.699354,0,1,
/adult-learner/course-detail/NYP-WSCP28_010/mouth-watering-thai-street-food,(organic),1,0,1,0,1,1,1,79.201466,0,0,1,0,1,0,1,1,1,79.201466,0,0,
/adult-learner/course-detail/NYP-WSCP28_012/signature-dim-sum,(not set),1,0,1,0,1,1,1,48.162821,0,0,1,0,1,0,1,1,1,48.162821,0,0,
/adult-learner/course-detail/NYP-WSCP28_012/signature-dim-sum,(organic),1,0,1,0,1,1,1,108.531711,0,0,1,0,1,0,1,1,1,108.531711,0,0,
/adult-learner/course-detail/NYP-WSCP28_013/tastes-of-asia-cantonese-delights,(direct),1,1,1,0,1,1,1,2.379328,1,1,1,1,1,0,1,1,1,2.379328,1,1,
/adult-learner/course-detail/NYP-WSCP28_026/hearty-korean-dishes,(organic),1,1,1,0,1,1,1,7.256347,1,1,1,1,1,0,1,1,1,7.256347,1,1,
/adult-learner/course-detail/NYP-WSCP28_028/delectable-mee-delights,(direct),1,0,1,0,1,1,1,0.784881,0,0,1,0,1,0,1,1,1,0.784881,0,0,
/adult-learner/course-detail/NYP-WSCP29_008/festive-delights,(direct),1,0,1,0,1,1,1,0.464696,0,0,1,0,1,0,1,1,1,0.464696,0,0,
/adult-learner/course-detail/NYP-WSCP29_011/durian-delights,(organic),1,0,1,0,1,1,1,85.20524,0,0,1,0,1,0,1,1,1,85.20524,0,0,
/adult-learner/course-detail/NYP-WSCP29_022/basic-cream-cake-decoration,(organic),1,1,1,0,1,1,1,1.288295,0,0,1,1,1,0,1,1,1,1.288295,0,0,
/adult-learner/course-detail/NYP-WSCP29_038/artisanal-tarts-sweet-and-savoury-duo,(organic),1,1,1,0,1,1,1,6.560171,1,1,1,1,1,0,1,1,1,6.560171,1,1,
/adult-learner/course-detail/NYP-WSCP29_043/party-favourites,(organic),1,0,1,0,1,1,1,1.822775,0,0,1,0,1,0,1,1,1,1.822775,0,0,
/adult-learner/course-detail/NYP-WSCP32_008/food-safety-course-level-1,(not set),1,0,1,1,6,1,6,211.972415,0,0,1,0,1,1,6,1,6,211.972415,0,0,
/adult-learner/course-detail/NYP-WSCP32_008/food-safety-course-level-1,2025S1-sbm-acet,1,0,1,1,3,1,3,367.635414,0,1,1,0,1,1,3,1,3,367.635414,0,1,
/adult-learner/course-detail/NYP-WSCP32_008/food-safety-course-level-1,OH25,1,0,1,1,1,1,1,349.603625,0,1,1,0,1,1,1,1,1,349.603625,0,1,
/adult-learner/course-detail/NYP-WSCP32_008/food-safety-course-level-1,cet-q1-2025#personal-development,1,0,1,0,1,1,1,11.109818,0,1,1,0,1,0,1,1,1,11.109818,0,1,
/adult-learner/course-detail/NYP-WSCP38_002/hawker-business-fundamentals,(referral),1,1,1,0,1,1,1,269.046602,0,1,1,1,1,0,1,1,1,269.046602,0,1,
/adult-learner/course-detail/NYP-WSCP40_004/doughnut-frenzy,(referral),1,1,1,0,2,1,2,444.491963,0,1,1,1,1,0,2,1,2,444.491963,0,1,
/adult-learner/course-detail/NYP-WSCP40_006/christmas-fantasy,(organic),1,0,1,1,1,1,1,62.569502,0,0,1,0,1,1,1,1,1,62.569502,0,0,
/adult-learner/course-detail/NYP-WSCP40_007/pumpkin-loaf-and-milk-cheese-plait,(organic),1,1,1,0,1,1,1,1.119139,1,1,1,1,1,0,1,1,1,1.119139,1,1,
/adult-learner/course-detail/NYP-WSCP40_010/baking-and-pastry-101,(not set),1,0,1,1,1,2,0.5,6.6916615,0.5,1,1,0,1,1,1,2,0.5,6.6916615,0.5,1,
/adult-learner/course-detail/NYP-WSCP40_010/baking-and-pastry-101,2025S1-sbm-acet,1,0,1,0,1,1,1,38.139552,0,0,1,0,1,0,1,1,1,38.139552,0,0,
/adult-learner/course-detail/NYP-WSCP40_010/baking-and-pastry-101,oh2025,1,0,1,1,4,1,4,661.47624,0,1,1,0,1,1,4,1,4,661.47624,0,1,
/adult-learner/course-detail/NYP-WSCP40_011/flaky-pastry-creations,(not set),1,0,1,0,1,1,1,39.339727,0,1,1,0,1,0,1,1,1,39.339727,0,1,
/adult-learner/course-detail/NYP-WSCP40_012/flower-bouquet-cupcakes,(not set),1,0,1,0,1,1,1,100.407304,0,1,1,0,1,0,1,1,1,100.407304,0,1,
/adult-learner/course-detail/NYP-WSCP41_001/western-roast-and-bake,(organic),1,0,1,0,1,1,1,1.217887,0,0,1,0,1,0,1,1,1,1.217887,0,0,
/adult-learner/course-detail/NYP-WSCP41_003/taiwanese-street-food,(organic),1,0,1,0,1,1,1,14.134086,0,0,1,0,1,0,1,1,1,14.134086,0,0,
/adult-learner/course-detail/NYP-WSCP41_004/spicy-sichuan-delights,(not set),1,0,1,0,1,1,1,23.558759,0,0,1,0,1,0,1,1,1,23.558759,0,0,
/adult-learner/course-detail/NYP-WSCP44_001/cHdtLWZvb2,(direct),1,1,1,0,1,1,1,0,1,1,1,1,1,0,1,1,1,0,1,1,
/adult-learner/course-detail/NYP-WSCP44_001/pwm-food-services-food-waste-disposal-and-reduction,(referral),1,0,1,0,1,1,1,10.790397,0,0,1,0,1,0,1,1,1,10.790397,0,0,
/adult-learner/course-detail/NYP-WSCP44_001/pwm-food-services-food-waste-disposal-and-reduction,2024S2-sbm-acet,1,0,1,1,2,2,1,46.419047,0,1,1,0,1,1,2,2,1,46.419047,0,1,
/adult-learner/course-detail/NYP-WSCP44_001/pwm-food-services-food-waste-disposal-and-reduction,cet-q1-2025#digital-marketing,1,0,1,0,1,1,1,15.397477,0,0,1,0,1,0,1,1,1,15.397477,0,0,
/adult-learner/course-detail/NYP-WSCP49_002/pwm-food-services-fabrication-of-meat-and-poultry,(referral),1,0,1,0,1,1,1,12.805653,0,0,1,0,1,0,1,1,1,12.805653,0,0,
/adult-learner/course-detail/NYP-WSCP50_002/maintain-safe-and-secure-work-environment-part-of-sctp,(organic),1,0,1,0,1,1,1,89.421452,0,0,1,0,1,0,1,1,1,89.421452,0,0,
/adult-learner/course-detail/NYP-WSCP50_002/maintain-safe-and-secure-work-environment-part-of-sctp,cet-q1-2025,1,0,1,1,1,1,1,5.542988,0,1,1,0,1,1,1,1,1,5.542988,0,1,
/adult-learner/course-detail/NYP-WSCP51_001/pwm-food-services-food-safety-course-level-1,(referral),1,0,1,1,1,1,1,7.995914,0,0,1,0,1,1,1,1,1,7.995914,0,0,
/adult-learner/course-detail/NYP-WSCP51_001/pwm-food-services-food-safety-course-level-1,cet-q1-2025#digital-marketing,1,0,1,0,1,1,1,26.61936,0,0,1,0,1,0,1,1,1,26.61936,0,0,
/adult-learner/course-detail/NYP-WSCP51_001/pwm-food-services-food-safety-course-level-1,oh2025,1,0,1,1,1,1,1,29.940245,0,1,1,0,1,1,1,1,1,29.940245,0,1,
/adult-learner/course-detail/NYP-WSCP51_002/food-safety-course-level-1-part-of-sctp,(not set),1,0,1,0,1,1,1,0.337096,0,0,1,0,1,0,1,1,1,0.337096,0,0,
/adult-learner/course-detail/NYP-WSCP51_002/food-safety-course-level-1-part-of-sctp,(referral),1,0,1,0,1,1,1,1.421353,0,0,1,0,1,0,1,1,1,1.421353,0,0,
/adult-learner/course-detail/NYP-WSCP52_001/pwm-food-services-food-safety-course-level-3,(referral),1,1,1,1,1,2,0.5,28.339723,0.5,1,1,1,1,1,1,2,0.5,28.339723,0.5,1,
/adult-learner/course-detail/NYP-WSCP52_001/pwm-food-services-food-safety-course-level-3,2024S2-sbm-acet,1,0,1,1,1,1,1,15.094164,0,1,1,0,1,1,1,1,1,15.094164,0,1,
/adult-learner/course-detail/NYP-WSCP52_001/pwm-food-services-food-safety-course-level-3,cet-q1-2025#digital-marketing,1,0,1,0,1,1,1,14.927663,0,0,1,0,1,0,1,1,1,14.927663,0,0,
/adult-learner/course-detail/NYP-WSCP53_001/pwm-food-services-project-a-positive-and-professional-image,(not set),1,0,1,1,1,2,0.5,0.501468,0,1,1,0,1,1,1,2,0.5,0.501468,0,1,
/adult-learner/course-detail/NYP-WSCP53_001/pwm-food-services-project-a-positive-and-professional-image,cet-q1-2025#digital-marketing,1,0,1,0,1,1,1,61.372596,0,0,1,0,1,0,1,1,1,61.372596,0,0,
/adult-learner/course-detail/NYP-WSCP56_001/receive-and-store-products-part-of-sctp,(not set),1,0,1,0,1,1,1,0.481608,0,0,1,0,1,0,1,1,1,0.481608,0,0,
/adult-learner/course-detail/NYP-WSCP56_001/receive-and-store-products-part-of-sctp,(referral),1,0,1,1,1,1,1,3.929396,0,1,1,0,1,1,1,1,1,3.929396,0,1,
/adult-learner/course-detail/NYP-WSCP56_001/receive-and-store-products-part-of-sctp,cet-q1-2025,1,0,1,0,1,1,1,35.470404,0,1,1,0,1,0,1,1,1,35.470404,0,1,
/adult-learner/course-detail/NYP-WSCP57_001/prepare-pastry-mise-en-place-part-of-sctp,(not set),1,0,1,0,1,1,1,1.423878,0,0,1,0,1,0,1,1,1,1.423878,0,0,
/adult-learner/course-detail/NYP-WSCP57_001/prepare-pastry-mise-en-place-part-of-sctp,(referral),1,0,1,0,1,1,1,0.709556,0,0,1,0,1,0,1,1,1,0.709556,0,0,
/adult-learner/course-detail/NYP-WSCP58_001/develop-effective-team-engagement-part-of-sctp,(organic),1,0,1,1,1,1,1,87.489994,0,0,1,0,1,1,1,1,1,87.489994,0,0,
/adult-learner/course-detail/NYP-WSCP58_001/develop-effective-team-engagement-part-of-sctp,(referral),1,0,1,0,1,1,1,0.638718,0,0,1,0,1,0,1,1,1,0.638718,0,0,
/adult-learner/course-detail/NYP-WSCP62_001/critical-thinking-and-problem-solving-part-of-sctp,(not set),1,0,1,0,1,1,1,0.558734,0,0,1,0,1,0,1,1,1,0.558734,0,0,
/adult-learner/course-detail/NYP-WSCP63_001/sustainable-fandb-practices-part-of-sctp,(organic),1,0,1,0,1,1,1,171.693379,0,0,1,0,1,0,1,1,1,171.693379,0,0,
/adult-learner/course-detail/NYP-WSCP64_001/prepare-malay-dry-heat-cooked-dishes-part-of-sctp,(direct),1,0,1,0,1,1,1,6.653234,0,0,1,0,1,0,1,1,1,6.653234,0,0,
/adult-learner/course-detail/NYP-WSCP66_001/prepare-indian-moist-heat-cooked-dishes-part-of-sctp,(direct),1,0,1,0,1,1,1,0.430457,0,0,1,0,1,0,1,1,1,0.430457,0,0,
/adult-learner/course-detail/NYP-WSCP67_001/prepare-basic-chinese-dry-heat-cooked-dishes-part-of-sctp,(direct),1,0,1,0,1,1,1,0.342137,0,0,1,0,1,0,1,1,1,0.342137,0,0,
/adult-learner/course-detail/NYP-WSCP71_001/fabrication-of-fish-and-seafood-part-of-sctp,(direct),1,0,1,0,1,1,1,0.000297,0,0,1,0,1,0,1,1,1,0.000297,0,0,
/adult-learner/course-detail/NYP-WSCP72_001/prepare-japanese-cuisine-part-of-sctp,(direct),1,0,1,0,1,1,1,12.574915,0,0,1,0,1,0,1,1,1,12.574915,0,0,
/adult-learner/course-detail/NYP-WSCP72_001/prepare-japanese-cuisine-part-of-sctp,(organic),1,1,1,0,1,1,1,7.348315,1,1,1,1,1,0,1,1,1,7.348315,1,1,
/adult-learner/course-detail/NYP-WSCP73_001/maintain-inventories-part-of-sctp,(referral),1,0,1,0,1,1,1,15.333822,0,0,1,0,1,0,1,1,1,15.333822,0,0,
/adult-learner/course-detail/NYP-WSCP73_001/maintain-inventories-part-of-sctp,cet-q1-2025,1,0,1,1,2,2,1,1.409617,0.5,2,1,0,1,1,2,2,1,1.409617,0.5,2,
/adult-learner/course-detail/NYP-WSCP74_001/prepare-singapore-heritage-cuisine-part-of-sctp,(direct),1,0,1,0,1,1,1,0.30603,0,0,1,0,1,0,1,1,1,0.30603,0,0,
/adult-learner/course-detail/NYP-WSCP76_001/menu-engineering-and-recipe-costing-part-of-sctp,(referral),1,0,1,0,1,1,1,0.70492,0,0,1,0,1,0,1,1,1,0.70492,0,0,
/adult-learner/course-detail/NYP-WSCP76_001/menu-engineering-and-recipe-costing-part-of-sctp,cet-q1-2025,1,0,1,0,1,1,1,35.623796,0,0,1,0,1,0,1,1,1,35.623796,0,0,
/adult-learner/course-detail/NYP-WSCP80_001/pastry-preparation-2-part-of-sctp,(referral),1,0,1,0,1,1,1,0.612854,0,0,1,0,1,0,1,1,1,0.612854,0,0,
/adult-learner/course-detail/NYP-WSCP81_001/pastry-preparation-3-part-of-sctp,(organic),1,0,1,0,1,1,1,1.089559,0,0,1,0,1,0,1,1,1,1.089559,0,0,
/adult-learner/course-detail/NYP-WSCP82_001/bread-making-1part-of-sctp,(referral),1,0,1,0,1,1,1,0.678538,0,0,1,0,1,0,1,1,1,0.678538,0,0,
/adult-learner/course-detail/NYP-WSCP83_001/prepare-asian-desserts-part-of-sctp,(referral),1,0,1,0,1,1,1,0.61175,0,0,1,0,1,0,1,1,1,0.61175,0,0,
/adult-learner/course-detail/NYP-WSCV01_001/basic-dim-sum,2025S1-sbm-acet,1,0,1,0,1,1,1,10.913949,0,1,1,0,1,0,1,1,1,10.913949,0,1,
/adult-learner/course-detail/NYP-WSCV01_001/basic-dim-sum,oh2025,1,0,1,1,1,1,1,71.756347,0,0,1,0,1,1,1,1,1,71.756347,0,0,
/adult-learner/course-detail/NYP-WSCV01_002/advanced-baked-and-fried-dim-sum,(not set),1,0,1,0,1,1,1,0.243825,0,0,1,0,1,0,1,1,1,0.243825,0,0,
/adult-learner/course-detail/NYP-WSCV01_002/advanced-baked-and-fried-dim-sum,cet-q1-2025#cybersecurity,1,0,1,0,1,1,1,23.650571,0,1,1,0,1,0,1,1,1,23.650571,0,1,
/adult-learner/course-detail/NYP-WSCV01_003/advanced-steamed-dim-sum,(referral),1,0,1,0,1,1,1,16.574588,0,1,1,0,1,0,1,1,1,16.574588,0,1,
/adult-learner/course-detail/NYP-WSCV01_003/advanced-steamed-dim-sum,cet-q1-2025#engineering,1,0,1,0,1,1,1,28.539659,0,0,1,0,1,0,1,1,1,28.539659,0,0,
/adult-learner/course-detail/NYP-WSCV01_003/advanced-steamed-dim-sum,cet-q1-2025#personal-development,1,0,1,1,1,1,1,311.585037,0,1,1,0,1,1,1,1,1,311.585037,0,1,
/adult-learner/course-detail/NYP-WSCV01_005/advanced-cantonese-cuisine,oh2025,1,0,1,0,1,1,1,18.496739,0,0,1,0,1,0,1,1,1,18.496739,0,0,
/adult-learner/course-detail/NYP-WSCV01_006/prepare-basic-pasta,(not set),1,0,1,1,1,1,1,32.688949,0,0,1,0,1,1,1,1,1,32.688949,0,0,
/adult-learner/course-detail/NYP-WSCV01_006/prepare-basic-pasta,(referral),1,0,1,1,1,1,1,39.485056,0,0,1,0,1,1,1,1,1,39.485056,0,0,
/adult-learner/course-detail/NYP-WSCV01_006/prepare-basic-pasta,cet-q1-2025#digital-marketing,1,0,1,0,1,1,1,16.161501,0,0,1,0,1,0,1,1,1,16.161501,0,0,
/adult-learner/course-detail/NYP-WSCV01_007/prepare-noodle-dishes,(not set),1,0,1,0,1,1,1,0.171022,0,0,1,0,1,0,1,1,1,0.171022,0,0,
/adult-learner/course-detail/NYP-WSCV01_007/prepare-noodle-dishes,2024S2-sbm-acet,1,0,1,0,1,1,1,17.722951,0,0,1,0,1,0,1,1,1,17.722951,0,0,
/adult-learner/course-detail/NYP-WSCV01_008/hawker-noodle-dishes,2024S2-sbm-acet,1,0,1,0,1,1,1,3.781488,0,1,1,0,1,0,1,1,1,3.781488,0,1,
/adult-learner/course-detail/NYP-WSCV01_008/hawker-noodle-dishes,oh2025,1,0,1,0,2,1,2,55.148727,0,1,1,0,1,0,2,1,2,55.148727,0,1,
/adult-learner/course-detail/NYP-WSCV01_009/basic-french-cuisine,(referral),1,0,1,0,1,1,1,47.540133,0,1,1,0,1,0,1,1,1,47.540133,0,1,
/adult-learner/course-detail/NYP-WSCV01_009/basic-french-cuisine,2025S1-sbm-acet,1,0,1,1,1,1,1,99.280133,0,0,1,0,1,1,1,1,1,99.280133,0,0,
/adult-learner/course-detail/NYP-WSCV01_010/prepare-basic-sushi,2024S2-sbm-acet,1,0,1,1,1,1,1,60.606919,0,1,1,0,1,1,1,1,1,60.606919,0,1,
/adult-learner/course-detail/NYP-WSCV01_012/zi-char-favourites,(not set),1,0,1,1,1,1,1,26.831181,0,0,1,0,1,1,1,1,1,26.831181,0,0,
/adult-learner/course-detail/NYP-WSCV01_014/traditional-rice-dumplings,(referral),1,0,1,0,1,1,1,113.933703,0,0,1,0,1,0,1,1,1,113.933703,0,0,
/adult-learner/course-detail/NYP-WSCV01_014/traditional-rice-dumplings,2024S2-sbm-acet,1,0,1,0,1,1,1,13.710396,0,0,1,0,1,0,1,1,1,13.710396,0,0,
/adult-learner/course-detail/NYP-WSCV01_015/savoury-vietnamese-delights,1.20218E+17,1,0,1,1,1,1,1,18.98202,0,0,1,0,1,1,1,1,1,18.98202,0,0,
/adult-learner/course-detail/NYP-WSCV01_015/savoury-vietnamese-delights,cet-q1-2025#cybersecurity,1,0,1,1,1,1,1,65.649213,0,1,1,0,1,1,1,1,1,65.649213,0,1,
/adult-learner/course-detail/NYP-WSCV01_016/savoury-korean-delights,1.20218E+17,1,0,1,0,1,1,1,155.434778,0,0,1,0,1,0,1,1,1,155.434778,0,0,
/adult-learner/course-detail/NYP-WSCV01_016/savoury-korean-delights,2024S2-sbm-acet,1,0,1,0,1,1,1,43.068523,0,0,1,0,1,0,1,1,1,43.068523,0,0,
/adult-learner/course-detail/NYP-WSCV01_016/savoury-korean-delights,cet-q1-2025#engineering,1,0,1,0,1,1,1,8.860756,0,1,1,0,1,0,1,1,1,8.860756,0,1,
/adult-learner/course-detail/NYP-WSCV01_016/savoury-korean-delights,oh2025,1,0,1,0,1,1,1,7.116953,0,0,1,0,1,0,1,1,1,7.116953,0,0,
/adult-learner/course-detail/NYP-WSCV02_001/healthy-vegan-and-gluten-free-creations,oh2025,1,0,1,0,1,1,1,11.245051,0,0,1,0,1,0,1,1,1,11.245051,0,0,
/adult-learner/course-detail/NYP-WSCV02_002/singapore-inspired-bakes,2025S1-sbm-acet,1,0,1,1,1,1,1,21.529603,0,0,1,0,1,1,1,1,1,21.529603,0,0,
/adult-learner/course-detail/NYP-WSCV02_002/singapore-inspired-bakes,cet-q1-2025#cybersecurity,1,0,1,0,1,1,1,80.946465,0,0,1,0,1,0,1,1,1,80.946465,0,0,
/adult-learner/course-detail/NYP-WSCV02_002/singapore-inspired-bakes,cet-q1-2025#digital-marketing,1,0,1,1,1,1,1,25.438653,0,1,1,0,1,1,1,1,1,25.438653,0,1,
/adult-learner/course-detail/NYP-WSCV02_003/classic-french-pastry,cet-q1-2025#personal-development,1,0,1,0,1,1,1,56.070019,0,0,1,0,1,0,1,1,1,56.070019,0,0,
/adult-learner/course-detail/NYP-WSCV02_004/japanese-sweet-breads,(not set),1,0,1,0,1,1,1,6.946359,0,0,1,0,1,0,1,1,1,6.946359,0,0,
/adult-learner/course-detail/NYP-WSCV02_004/japanese-sweet-breads,2025S1-sbm-acet,1,0,1,1,1,1,1,25.510963,0,0,1,0,1,1,1,1,1,25.510963,0,0,
/adult-learner/course-detail/NYP-WSCV02_004/japanese-sweet-breads,oh2025,1,0,1,0,1,1,1,24.123001,0,0,1,0,1,0,1,1,1,24.123001,0,0,
/adult-learner/course-detail/NYP-WSCV02_005/bagel-and-doughnut-creations,2025S1-sbm-acet,1,0,1,1,1,1,1,28.14858,0,1,1,0,1,1,1,1,1,28.14858,0,1,
/adult-learner/course-detail/NYP-WSCV02_005/bagel-and-doughnut-creations,OH25,1,0,1,0,1,1,1,0.198416,0,0,1,0,1,0,1,1,1,0.198416,0,0,
/adult-learner/course-detail/NYP-WSCV02_005/bagel-and-doughnut-creations,cil3-roadshow,1,0,1,1,2,1,2,25.000473,0,0,1,0,1,1,2,1,2,25.000473,0,0,
/adult-learner/course-detail/NYP-WSCV02_007/macaron,(referral),1,0,1,1,1,1,1,24.526807,0,0,1,0,1,1,1,1,1,24.526807,0,0,
/adult-learner/course-detail/NYP-WSCV02_007/macaron,2024S2-sbm-acet,1,0,1,0,1,1,1,30.687307,0,0,1,0,1,0,1,1,1,30.687307,0,0,
/adult-learner/course-detail/NYP-WSCV02_007/macaron,OH25,1,0,1,0,1,1,1,5.781222,0,0,1,0,1,0,1,1,1,5.781222,0,0,
/adult-learner/course-detail/NYP-WSCV02_007/macaron,cet-q1-2025#personal-development,1,0,1,0,1,1,1,20.514694,0,0,1,0,1,0,1,1,1,20.514694,0,0,
/adult-learner/course-detail/NYP-WSCV02_008/chocolate-bliss,(referral),1,0,1,0,1,1,1,207.204262,0,0,1,0,1,0,1,1,1,207.204262,0,0,
/adult-learner/course-detail/NYP-WSCV02_008/chocolate-bliss,cet-q1-2025#personal-development,1,0,1,1,1,1,1,9.056546,0,0,1,0,1,1,1,1,1,9.056546,0,0,
/adult-learner/course-detail/NYP-WSCV02_009/classic-french-cakes,(not set),1,0,1,0,1,1,1,0.451998,0,0,1,0,1,0,1,1,1,0.451998,0,0,
/adult-learner/course-detail/NYP-WSCV02_009/classic-french-cakes,2025S1-sbm-acet,1,0,1,1,2,2,1,0.553877,0.5,2,1,0,1,1,2,2,1,0.553877,0.5,2,
/adult-learner/course-detail/NYP-WSCV02_010/decorative-cakes,(referral),1,0,1,1,1,1,1,0.749214,0,1,1,0,1,1,1,1,1,0.749214,0,1,
/adult-learner/course-detail/NYP-WSCV02_011/japanese-cakes-and-pastries,2025S1-sbm-acet,1,0,1,0,1,1,1,6.750241,0,1,1,0,1,0,1,1,1,6.750241,0,1,
/adult-learner/course-detail/NYP-WSCV02_011/japanese-cakes-and-pastries,OH25,1,0,1,0,1,1,1,8.761086,0,0,1,0,1,0,1,1,1,8.761086,0,0,
/adult-learner/course-detail/NYP-WSCV02_011/japanese-cakes-and-pastries,cet-q1-2025#digital-marketing,1,0,1,0,1,1,1,18.13327,0,0,1,0,1,0,1,1,1,18.13327,0,0,
/adult-learner/course-detail/NYP-WSCV04_001/artisan-breads,oh2025,1,0,1,0,1,1,1,62.146136,0,0,1,0,1,0,1,1,1,62.146136,0,0,
/adult-learner/course-detail/NYP-WSCV04_002/caf-style-breads,2024S2-sbm-acet,1,0,1,1,1,1,1,84.55385,0,0,1,0,1,1,1,1,1,84.55385,0,0,
/adult-learner/course-detail/NYP-WSCV04_002/caf-style-breads,2025S1-sbm-acet,1,0,1,1,1,1,1,6.333809,0,0,1,0,1,1,1,1,1,6.333809,0,0,
/adult-learner/course-detail/NYP-WSCV04_003/croissant,2024S2-sbm-acet,1,0,1,0,2,1,2,24.56346,0,0,1,0,1,0,2,1,2,24.56346,0,0,
/adult-learner/course-detail/NYP-WSCV05_001/food-and-wine-pairing,(referral),1,0,1,0,1,1,1,566.60466,0,0,1,0,1,0,1,1,1,566.60466,0,0,
/adult-learner/course-detail/NYP-WSCV05_001/food-and-wine-pairing,cet-q1-2025#personal-development,1,0,1,0,1,1,1,13.833753,0,1,1,0,1,0,1,1,1,13.833753,0,1,
/adult-learner/course-detail/NYP-WSCV05_001/food-and-wine-pairing,oh2025,1,0,1,1,1,1,1,32.811274,0,0,1,0,1,1,1,1,1,32.811274,0,0,
/adult-learner/course-detail/NYP-WSCV07_001/food-safety-course-level-4,(not set),1,1,1,0,2,1,2,18.937325,0,1,1,1,1,0,2,1,2,18.937325,0,1,
/adult-learner/course-detail/NYP-WSCV07_001/food-safety-course-level-4,OH25,1,0,1,0,1,1,1,62.797056,0,1,1,0,1,0,1,1,1,62.797056,0,1,
/adult-learner/course-detail/NYP-WSCV07_001/food-safety-course-level-4,cet-q1-2025#digital-marketing,1,0,1,0,1,1,1,4.509282,0,1,1,0,1,0,1,1,1,4.509282,0,1,
/adult-learner/course-detail/NYP-WSCV07_001/food-safety-course-level-4,oh2025,1,0,0,0,1,2,0.5,0,1,1,1,0,0,0,1,2,0.5,0,1,1,
/adult-learner/course-detail/NYP-WSCY01_801/sctp-certificate-in-food-services-culinary-arts-part-time,1.20218E+17,1,0,1,0,1,1,1,10.113245,0,1,1,0,1,0,1,1,1,10.113245,0,1,
/adult-learner/course-detail/NYP-WSCY01_801/sctp-certificate-in-food-services-culinary-arts-part-time,2025S1-sbm-acet,1,0,1,1,5,5,1,363.1416072,0.2,2,1,0,1,1,5,5,1,363.1416072,0.2,2,
/adult-learner/course-detail/NYP-WSCY01_801/sctp-certificate-in-food-services-culinary-arts-part-time,oh2025,1,0,1,1,1,1,1,32.140444,0,1,1,0,1,1,1,1,1,32.140444,0,1,
/adult-learner/course-detail/NYP-WSCY02_801/sctp-certificate-in-food-services-pastry-and-baking-part-time,1.20218E+17,1,0,1,0,1,1,1,19.047293,0,0,1,0,1,0,1,1,1,19.047293,0,0,
/adult-learner/course-detail/NYP-WSCY02_801/sctp-certificate-in-food-services-pastry-and-baking-part-time,1.20218E+17,1,0,1,0,1,1,1,16.591941,0,0,1,0,1,0,1,1,1,16.591941,0,0,
/adult-learner/course-detail/NYP-WSCY02_801/sctp-certificate-in-food-services-pastry-and-baking-part-time,2024S2-sbm-acet,1,0,1,0,1,1,1,17.088512,0,0,1,0,1,0,1,1,1,17.088512,0,0,
/adult-learner/course-detail/NYP-WSCY02_801/sctp-certpificate-in-food-services-pastry-and-baking-part-time,cet-q1-2025,1,0,1,1,1,1,1,12.079548,0,1,1,0,1,1,1,1,1,12.079548,0,1,
/adult-learner/course-detail/NYP-WSCY03_801/sctp-higher-certificate-in-food-services-culinary-arts-part-time,1.20218E+17,1,0,1,0,1,1,1,16.664368,0,0,1,0,1,0,1,1,1,16.664368,0,0,
/adult-learner/course-detail/NYP-WSCY04_801/sctp-higher-certificate-in-food-services-pastry-and-baking-part-time,1.20218E+17,1,0,1,0,1,1,1,12.356805,0,0,1,0,1,0,1,1,1,12.356805,0,0,
/adult-learner/course-detail/NYP-WSCY04_801/sctp-higher-certificate-in-food-services-pastry-and-baking-part-time,cet-q1-2025#personal-development,1,0,1,0,1,1,1,6.453415,0,1,1,0,1,0,1,1,1,6.453415,0,1,
/adult-learner/course-detail/NYP-WSCY05_801/sctp-advanced-certificate-in-food-services-culinary-arts-part-time,1.20218E+17,1,0,1,0,1,1,1,26.801912,1,0,1,0,1,0,1,1,1,26.801912,1,0,
/adult-learner/course-detail/NYP-WSCY05_801/sctp-advanced-certificate-in-food-services-culinary-arts-part-time,2024S2-sbm-acet,1,0,1,1,1,1,1,5.718935,0,0,1,0,1,1,1,1,1,5.718935,0,0,
/adult-learner/course-detail/NYP-WSCY06_801/sctp-advanced-certificate-in-food-services-pastry-and-baking-part-time,1.20218E+17,1,0,1,0,1,1,1,14.582844,0,0,1,0,1,0,1,1,1,14.582844,0,0,
/adult-learner/course-detail/NYP-WSCY06_801/sctp-advanced-certificate-in-food-services-pastry-and-baking-part-time,2025S1-sbm-acet,1,0,1,0,1,1,1,16.321582,0,0,1,0,1,0,1,1,1,16.321582,0,0,
/adult-learner/course-detail/NYP-WSCY15_801/sctp-culinary-kitchen-operations-specialist-full-time-ta-eligible,(not set),1,0,1,0,1,1,1,0.579635,0,0,1,0,1,0,1,1,1,0.579635,0,0,
/adult-learner/course-detail/NYP-WSCY16_801/sctp-pastry-and-baking-specialist-full-time-ta-eligible,(referral),1,0,1,0,1,1,1,196.839598,0,0,1,0,1,0,1,1,1,196.839598,0,0,
/adult-learner/course-detail/NYP-WSQA04_007/service-coaching-sf-supervisor,oh2025,1,0,1,1,1,1,1,11.308887,0,1,1,0,1,1,1,1,1,11.308887,0,1,
/adult-learner/course-detail/NYP-WSQA04_007/service-coaching-sf-supervisor-classroom,(not set),1,0,1,1,1,1,1,69.968852,0,0,1,0,1,1,1,1,1,69.968852,0,0,
/adult-learner/course-detail/NYP-WSQA04_007/service-coaching-sf-supervisor-classroom,1.20218E+17,1,0,1,1,1,1,1,5.576336,0,0,1,0,1,1,1,1,1,5.576336,0,0,
/adult-learner/course-detail/NYP-WSQA04_010/pwm-retail-customer-experience-innovation-sf-supervisor,(not set),1,0,1,1,1,1,1,201.908366,0,0,1,0,1,1,1,1,1,201.908366,0,0,
/adult-learner/course-detail/NYP-WSQA04_010/pwm-retail-customer-experience-innovation-sf-supervisor,2025S1-sbm-acet,1,0,1,1,1,1,1,12.375967,0,1,1,0,1,1,1,1,1,12.375967,0,1,
/adult-learner/course-detail/NYP-WSQA04_011/people-and-relationship-management-sf-supervisor,(referral),1,0,1,0,1,1,1,10.86157,0,0,1,0,1,0,1,1,1,10.86157,0,0,
/adult-learner/course-detail/NYP-WSQA04_011/people-and-relationship-management-sf-supervisor,cet-q1-2025,1,0,1,0,1,1,1,165.25085,0,1,1,0,1,0,1,1,1,165.25085,0,1,
/adult-learner/course-detail/NYP-WSQA04_020/service-planning-and-implementation-sf-supervisor,(direct),1,0,1,1,1,1,1,5.543628,0,0,1,0,1,1,1,1,1,5.543628,0,0,
/adult-learner/course-detail/NYP-WSQA04_023/workplace-communications-sf-supervisor,(direct),1,0,1,1,1,1,1,329.320194,0,0,1,0,1,1,1,1,1,329.320194,0,0,
/adult-learner/course-detail/NYP-WSQA04_025/service-planning-and-implementation-sf-supervisor,2025S1-sbm-acet,1,0,1,0,1,1,1,15.68686,0,1,1,0,1,0,1,1,1,15.68686,0,1,
/adult-learner/course-detail/NYP-WSQA04_026/sales-target-management-sf-supervisor-classroom-facilitated-asynchronous-e-learning,(direct),1,0,1,1,1,1,1,82.27386,0,0,1,0,1,1,1,1,1,82.27386,0,0,
/adult-learner/course-detail/NYP-WSQA04_026/sales-target-management-sf-supervisor-classroom-facilitated-asynchronous-e-learning,cet-q1-2025,1,0,1,0,1,1,1,23.398859,0,0,1,0,1,0,1,1,1,23.398859,0,0,
/adult-learner/course-detail/NYP-WSQA04_029/pwm-retail-service-leadership-sf-supervisor,(direct),1,0,1,1,2,1,2,15.70697,0,0,1,0,1,1,2,1,2,15.70697,0,0,
/adult-learner/course-detail/NYP-WSQA04_029/pwm-retail-service-leadership-sf-supervisor,(organic),1,0,1,1,1,1,1,80.189466,0,0,1,0,1,1,1,1,1,80.189466,0,0,
/adult-learner/course-detail/NYP-WSQA04_801/advanced-certificate-in-retail-operations,(direct),1,0,1,1,1,1,1,706.862454,0,0,1,0,1,1,1,1,1,706.862454,0,0,
/adult-learner/course-detail/NYP-WSQA53_014/service-planning-and-implementation-sf-supervisor-wsp-classroom-facilitated,(organic),1,0,1,0,1,1,1,32.27211,0,1,1,0,1,0,1,1,1,32.27211,0,1,
/adult-learner/course-detail/NYP-WSQA53_014/service-planning-and-implementation-sf-supervisor-wsp-classroom-facilitated,oh2025,1,0,1,0,1,1,1,27.732599,0,0,1,0,1,0,1,1,1,27.732599,0,0,
/adult-learner/course-detail/NYP-WSQBC1_001/be-a-collaborative-influencer-classroom-facilitated-asynchronous-e-learning,(referral),1,0,1,1,1,1,1,16.228579,0,0,1,0,1,1,1,1,1,16.228579,0,0,
/adult-learner/course-detail/NYP-WSQC03_002/product-advisory-sf-associate-aop,(direct),1,0,1,1,1,1,1,6.035382,0,0,1,0,1,1,1,1,1,6.035382,0,0,
/adult-learner/course-detail/NYP-WSQC05_007/service-leadership-sf-associate-synchronous-e-learning,(direct),1,0,1,1,1,1,1,2.791523,0,0,1,0,1,1,1,1,1,2.791523,0,0,
/adult-learner/course-detail/NYP-WSQC05_009/pwm-retail-service-leadership-sf-associate,(referral),1,0,1,0,1,1,1,23.000915,0,0,1,0,1,0,1,1,1,23.000915,0,0,
/adult-learner/course-detail/NYP-WSQC05_009/pwm-retail-service-leadership-sf-associate,oh2025,1,0,1,1,2,1,2,10.906729,0,0,1,0,1,1,2,1,2,10.906729,0,0,
/adult-learner/course-detail/NYP-WSQC05_013/workplace-communication-sf-associate,(direct),1,0,1,1,1,1,1,51.849162,0,0,1,0,1,1,1,1,1,51.849162,0,0,
/adult-learner/course-detail/NYP-WSQC05_014/pwm-retail-adapt-to-change-sf-associate,(direct),1,0,1,0,1,1,1,154.58953,0,0,1,0,1,0,1,1,1,154.58953,0,0,
/adult-learner/course-detail/NYP-WSQC05_015/pwm-retail-service-challenges-sf-associate,(referral),1,0,1,1,1,1,1,1.800733,0,0,1,0,1,1,1,1,1,1.800733,0,0,
/adult-learner/course-detail/NYP-WSQC05_802/certificate-in-retail-operations,(organic),1,0,1,0,2,1,2,265.154979,0,0,1,0,1,0,2,1,2,265.154979,0,0,
/adult-learner/course-detail/NYP-WSQD02_049/customer-experience-innovation-sf-manager,(organic),1,0,1,0,1,1,1,1.519399,0,1,1,0,1,0,1,1,1,1.519399,0,1,
/adult-learner/course-detail/NYP-WSQD02_050/adapt-to-change-sf-manager,(organic),1,0,1,0,1,1,1,353.571742,0,0,1,0,1,0,1,1,1,353.571742,0,0,
/adult-learner/course-detail/NYP-WSQD02_053/financial-analysis-sf-manager,(direct),1,0,1,1,1,1,1,13.622973,0,0,1,0,1,1,1,1,1,13.622973,0,0,
/adult-learner/course-detail/NYP-WSQD02_053/financial-analysis-sf-manager,(organic),1,0,1,0,1,1,1,65.700186,0,0,1,0,1,0,1,1,1,65.700186,0,0,
/adult-learner/course-detail/NYP-WSQD02_055/paid-search-engine-marketing-sem-sf-manager-synchronous-e-learning,(organic),1,0,1,0,1,1,1,99.226948,0,0,1,0,1,0,1,1,1,99.226948,0,0,
/adult-learner/course-detail/NYP-WSQD02_056/social-media-marketing-sf-manager-synchronous-e-learning,(organic),1,1,1,0,1,1,1,26.920237,0,0,1,1,1,0,1,1,1,26.920237,0,0,
/adult-learner/course-detail/NYP-WSQD02_065/social-media-marketing-sf-manager,2025S1-sbm-acet,1,0,0,0,2,2,1,0,1,2,1,0,0,0,2,2,1,0,1,2,
/adult-learner/course-detail/NYP-WSQD02_065/social-media-marketing-sf-manager,cet-q1-2025,1,0,1,0,1,1,1,198.613733,0,1,1,0,1,0,1,1,1,198.613733,0,1,
/adult-learner/course-detail/NYP-WSQD02_080/workplace-communications-sf-manager,(direct),1,0,1,0,1,1,1,1.169704,0,0,1,0,1,0,1,1,1,1.169704,0,0,
/adult-learner/course-detail/NYP-WSQD02_080/workplace-communications-sf-manager,(organic),1,0,1,1,1,1,1,21.336442,0,0,1,0,1,1,1,1,1,21.336442,0,0,
/adult-learner/course-detail/NYP-WSQD02_801/diploma-in-retail-e-commerce-omni-channel,(referral),1,0,1,1,1,1,1,113.169201,0,0,1,0,1,1,1,1,1,113.169201,0,0,
/adult-learner/course-detail/NYP-WSQD02_801/diploma-in-retail-e-commerce-omni-channel,2025S1-sbm-acet,1,0,1,1,1,1,1,34.050989,0,0,1,0,1,1,1,1,1,34.050989,0,0,
/adult-learner/course-detail/NYP-WSQD02_802/diploma-in-retail-operations,(organic),1,0,1,0,1,1,1,38.744691,0,0,1,0,1,0,1,1,1,38.744691,0,0,
/adult-learner/course-detail/NYP-WSQD02_802/diploma-in-retail-operations,(referral),1,0,1,1,1,1,1,19.696937,0,0,1,0,1,1,1,1,1,19.696937,0,0,
/adult-learner/course-detail/NYP-WSQD02_802/diploma-in-retail-operations,2025S1-sbm-acet,1,0,1,1,2,2,1,20.883849,0,2,1,0,1,1,2,2,1,20.883849,0,2,
/adult-learner/course-detail/NYP-WSQD03-029/personal-effectiveness-sf-operations-manager-wsp-synchronous-e-learning,2025S1-sbm-acet,1,0,1,1,1,1,1,12.344022,0,0,1,0,1,1,1,1,1,12.344022,0,0,
/adult-learner/course-detail/NYP-WSQD03_015/business-environment-analysis-sf-operations-manager-formulate-social-media-strategy,(organic),1,0,1,0,1,1,1,24.294789,0,0,1,0,1,0,1,1,1,24.294789,0,0,
/adult-learner/course-detail/NYP-WSQD03_801/specialist-diploma-in-retail-operations,2025S1-sbm-acet,1,0,1,1,1,1,1,3.071206,0,0,1,0,1,1,1,1,1,3.071206,0,0,
/adult-learner/course-detail/NYP-WSQP53_001/business-environment-analysis-sf-operations-manager-wsp,(referral),1,0,1,1,2,3,0.666666667,22.187937,0,0,1,0,1,1,2,3,0.666666667,22.187937,0,0,
/adult-learner/course-detail/NYP-WSQP53_001/business-environment-analysis-sf-operations-manager-wsp,OH25,1,0,1,0,1,1,1,76.86296,0,0,1,0,1,0,1,1,1,76.86296,0,0,
/adult-learner/course-detail/NYP-WSQP53_004/service-excellence-sf-operations-manager-wsp-synchronous-e-learning,(not set),1,0,1,1,1,1,1,23.097605,0,0,1,0,1,1,1,1,1,23.097605,0,0,
/adult-learner/course-detail/NYP-WSQP53_004/service-excellence-sf-operations-manager-wsp-synchronous-e-learning,2025S1-sbm-acet,1,0,1,1,1,1,1,62.946132,0,0,1,0,1,1,1,1,1,62.946132,0,0,
/adult-learner/course-detail/NYP-WSQP53_004/service-excellence-sf-operations-manager-wsp-synchronous-e-learning,oh2025,1,0,1,0,1,1,1,9.892224,0,0,1,0,1,0,1,1,1,9.892224,0,0,
/adult-learner/course-detail/NYP-WSQP53_005/emerging-technology-sf-operations-manager-wsp-synchronous-e-learning,2025S1-sbm-acet,1,0,1,0,1,1,1,10.8864,0,0,1,0,1,0,1,1,1,10.8864,0,0,
/adult-learner/course-detail/NYP-WSQP53_005/emerging-technology-sf-operations-manager-wsp-synchronous-e-learning,OH25,1,0,1,1,1,1,1,20.093048,0,0,1,0,1,1,1,1,1,20.093048,0,0,
/adult-learner/course-detail/NYP-WSQP53_005/emerging-technology-sf-operations-manager-wsp-synchronous-e-learning,oh2025,1,0,1,0,1,1,1,12.492152,0,0,1,0,1,0,1,1,1,12.492152,0,0,
/adult-learner/course-detail/NYP-WSQV01_001/service-excellence-sf-associate,(not set),1,0,1,1,1,1,1,4.133417,0,0,1,0,1,1,1,1,1,4.133417,0,0,
/adult-learner/course-detail/NYP-WSQV01_002/service-excellence-sf-associate-synchronous-e-learning,(direct),1,0,1,1,1,1,1,8.172179,0,0,1,0,1,1,1,1,1,8.172179,0,0,
/adult-learner/course-detail/NYP-WSQV01_002/service-excellence-sf-associate-synchronous-e-learning,(organic),1,0,1,1,1,1,1,32.793013,0,0,1,0,1,1,1,1,1,32.793013,0,0,
/adult-learner/course-detail/NYP-WSQV01_002/service-excellence-sf-associate-synchronous-e-learning,cet-q1-2025,1,0,1,0,2,1,2,33.925989,0,0,1,0,1,0,2,1,2,33.925989,0,0,
/adult-learner/course-detail/NYP-WSQV01_003/workplace-communication-sf-associate,(referral),1,0,1,1,1,1,1,505.398539,0,1,1,0,1,1,1,1,1,505.398539,0,1,
/adult-learner/course-detail/NYP-WSQV01_003/workplace-communication-sf-associate,1.20215E+17,1,0,1,1,1,1,1,37.699604,0,0,1,0,1,1,1,1,1,37.699604,0,0,
/adult-learner/course-detail/NYP-WSQV01_003/workplace-communication-sf-associate,2025S1-sbm-acet,1,0,1,1,1,1,1,36.859121,0,0,1,0,1,1,1,1,1,36.859121,0,0,
/adult-learner/course-detail/NYP-WSQV01_003/workplace-communication-sf-associate,cil3-roadshow,1,0,1,1,1,1,1,201.844388,0,0,1,0,1,1,1,1,1,201.844388,0,0,
/adult-learner/course-detail/NYP-WSQV01_005/productivity-improvement-sf-associate,(not set),1,0,1,0,1,1,1,35.867612,0,0,1,0,1,0,1,1,1,35.867612,0,0,
/adult-learner/course-detail/NYP-WSQV01_005/productivity-improvement-sf-associate,(referral),1,0,1,0,1,1,1,35.358692,0,1,1,0,1,0,1,1,1,35.358692,0,1,
/adult-learner/course-detail/NYP-WSQV01_006/productivity-improvement-sf-associate-synchronous-e-learning,(direct),1,0,1,1,1,1,1,77.911609,0,0,1,0,1,1,1,1,1,77.911609,0,0,
/adult-learner/course-detail/NYP-WSQV02_001/adapt-to-change-sf-supervisor,(referral),1,0,1,0,1,1,1,24.620033,0,0,1,0,1,0,1,1,1,24.620033,0,0,
/adult-learner/course-detail/NYP-WSQV02_002/adapt-to-change-sf-supervisor-synchronous-e-learning,2025S1-sbm-acet,1,0,1,0,1,1,1,1.663916,0,1,1,0,1,0,1,1,1,1.663916,0,1,
/adult-learner/course-detail/NYP-WSQV03_003/workplace-communications-sf-manager,(not set),1,0,1,1,5,1,5,113.404857,0,0,1,0,1,1,5,1,5,113.404857,0,0,
/adult-learner/course-detail/NYP-WSQV03_003/workplace-communications-sf-manager,(referral),1,0,1,0,1,1,1,79.243181,0,0,1,0,1,0,1,1,1,79.243181,0,0,
/adult-learner/course-detail/NYP-WSQV03_003/workplace-communications-sf-manager,cet-q1-2025#personal-development,1,0,1,1,1,1,1,17.528731,0,0,1,0,1,1,1,1,1,17.528731,0,0,
/adult-learner/course-detail/NYP-WSQV03_005/adapt-to-change-sf-manager-synchronous-e-learning,(direct),1,0,1,1,1,1,1,13.271924,0,0,1,0,1,1,1,1,1,13.271924,0,0,
/adult-learner/course-detail/NYP-WSQV03_005/adapt-to-change-sf-manager-synchronous-e-learning,(organic),1,0,1,1,1,1,1,12.24113,0,0,1,0,1,1,1,1,1,12.24113,0,0,
/adult-learner/course-detail/NYP-WSQV03_006/workplace-communications-sf-manager-synchronous-e-learning,(referral),1,0,1,1,1,1,1,32.487317,0,1,1,0,1,1,1,1,1,32.487317,0,1,
/adult-learner/course-detail/NYP-WSQV03_008/service-leadership-sf-manager,(not set),1,0,1,0,1,1,1,0.000465,0,1,1,0,1,0,1,1,1,0.000465,0,1,
/adult-learner/course-detail/NYP-WSQV03_008/service-leadership-sf-manager,(referral),1,0,1,0,1,1,1,45.323527,0,0,1,0,1,0,1,1,1,45.323527,0,0,
/adult-learner/course-detail/NYP-WSQV03_009/service-leadership-sf-manager-synchronous-e-learning,(direct),1,0,1,1,1,1,1,14.950666,0,0,1,0,1,1,1,1,1,14.950666,0,0,
/adult-learner/course-detail/NYP-WSQV03_009/service-leadership-sf-manager-synchronous-e-learning,(organic),1,0,1,1,2,2,1,223.671096,0,2,1,0,1,1,2,2,1,223.671096,0,2,
/adult-learner/course-detail/NYP-WSQV03_009/service-leadership-sf-manager-synchronous-e-learning,cet-q1-2025,1,0,1,0,1,1,1,31.382579,0,1,1,0,1,0,1,1,1,31.382579,0,1,
/adult-learner/course-detail/NYP-WSQV03_012/productivity-improvement-sf-manager,(referral),1,0,1,0,1,1,1,13.5988,0,1,1,0,1,0,1,1,1,13.5988,0,1,
/adult-learner/course-detail/NYP-WSQV03_013/productivity-improvement-sf-manager-synchronous-e-learning,(direct),1,0,1,1,1,1,1,762.42587,0,1,1,0,1,1,1,1,1,762.42587,0,1,
/adult-learner/course-detail/NYP-WSQV03_013/productivity-improvement-sf-manager-synchronous-e-learning,(organic),1,0,1,0,1,1,1,155.076176,0,1,1,0,1,0,1,1,1,155.076176,0,1,
/adult-learner/course-detail/NYP-WSQV03_014/financial-analysis-sf-manager,(not set),1,0,1,1,1,1,1,73.729647,0,0,1,0,1,1,1,1,1,73.729647,0,0,
/adult-learner/course-detail/NYP-WSQV03_014/financial-analysis-sf-manager,(referral),1,0,1,0,1,1,1,32.061478,0,0,1,0,1,0,1,1,1,32.061478,0,0,
/adult-learner/course-detail/NYP-WSQV03_014/financial-analysis-sf-manager,1.20218E+17,1,0,1,0,1,1,1,6.763549,0,0,1,0,1,0,1,1,1,6.763549,0,0,
/adult-learner/course-detail/NYP-WSQV03_014/financial-analysis-sf-manager,1.20218E+17,1,0,1,0,1,1,1,7.508151,0,1,1,0,1,0,1,1,1,7.508151,0,1,
/adult-learner/course-detail/NYP-WSQV03_014/financial-analysis-sf-manager,cet-q1-2025#digital-marketing,1,0,1,0,1,1,1,19.162727,0,0,1,0,1,0,1,1,1,19.162727,0,0,
/adult-learner/course-detail/NYP-WSQV03_015/financial-analysis-sf-manager-synchronous-e-learning,(organic),1,0,1,0,1,1,1,1028.762624,0,0,1,0,1,0,1,1,1,1028.762624,0,0,
/adult-learner/course-detail/NYP-WSQV04_001/service-excellence-sf-operations-manager,(direct),1,0,1,1,1,1,1,1269.20456,0,0,1,0,1,1,1,1,1,1269.20456,0,0,
/adult-learner/course-detail/NYP-WSQV04_002/service-excellence-sf-operations-manager-synchronous-e-learning,(direct),1,0,1,1,1,1,1,1.348264,0,0,1,0,1,1,1,1,1,1.348264,0,0,
/adult-learner/course-detail/NYP-WSQV04_003/service-leadership-sf-operations-manager,(referral),1,0,1,0,1,1,1,54.490394,0,1,1,0,1,0,1,1,1,54.490394,0,1,
/adult-learner/course-detail/NYP-WSQV04_004/service-leadership-sf-operations-manager-synchronous-e-learning,(organic),1,0,1,1,1,2,0.5,3.999143,0,1,1,0,1,1,1,2,0.5,3.999143,0,1,
/adult-learner/course-detail/NYsnbP-HSAF31/advanced-diploma-in-nursing-nephro-urology,(direct),1,0,0,0,1,1,1,0,1,1,1,0,0,0,1,1,1,0,1,1,
/adult-learner/course-detail/nyp-cl1082/overview-of-sustainable-and-renewable-energy-technologies-for-a-smart-city,(direct),1,1,1,0,2,1,2,84.856518,0,1,1,1,1,0,2,1,2,84.856518,0,1,
/adult-learner/course-detail/nyp-cx241003/storytelling-using-generative-artificial-intelligence,cet-q1-2025,1,0,1,0,2,1,2,325.65226,0,1,1,0,1,0,2,1,2,325.65226,0,1,
/adult-learner/course-detail/nyp-hsdp01/diploma-in-health-sciences-paramedicine,(organic),1,0,1,0,1,1,1,41.787532,0,1,1,0,1,0,1,1,1,41.787532,0,1,
/adult-learner/course-detail/nyp-itsp12/specialist-diploma0in-applied-artificial-intelligence,(direct),1,1,1,0,1,1,1,15.215606,0,1,1,1,1,0,1,1,1,15.215606,0,1,
/adult-learner/course-type-quiz,1.20217E+17,1,0,1,0,1,1,1,14.811054,0,1,1,0,1,0,1,1,1,14.811054,0,1,
/adult-learner/course-type-quiz,1.20218E+17,1,0,1,0,1,1,1,16.417975,0,0,1,0,1,0,1,1,1,16.417975,0,0,
/adult-learner/course-type-quiz,1.20218E+17,1,0,1,0,1,1,1,10.276359,0,0,1,0,1,0,1,1,1,10.276359,0,0,
/adult-learner/course-type-quiz,cet-q1-2025#sustainability,1,0,1,0,2,1,2,196.532869,0,0,1,0,1,0,2,1,2,196.532869,0,0,
/adult-learner/course-types/brown-bag-learning,(not set),1,0,1,1,2,2,1,155.494601,0.5,1,1,0,1,1,2,2,1,155.494601,0.5,1,
/adult-learner/course-types/career-transition-conversion-programmes,1.20218E+17,1,0,1,0,1,1,1,31.548336,0,0,1,0,1,0,1,1,1,31.548336,0,0,
/adult-learner/course-types/career-transition-conversion-programmes,1.20218E+17,1,0,1,0,1,1,1,13.918123,0,1,1,0,1,0,1,1,1,13.918123,0,1,
/adult-learner/course-types/career-transition-conversion-programmes,cet-q1-2025#cybersecurity,1,0,1,0,1,1,1,19.335926,0,1,1,0,1,0,1,1,1,19.335926,0,1,
/adult-learner/course-types/career-transition-conversion-programmes,cet-q1-2025#digital-marketing,1,0,1,1,2,2,1,32.6987895,0,0,1,0,1,1,2,2,1,32.6987895,0,0,
/adult-learner/course-types/part-time-diplomas-certificates,1.20218E+17,1,0,1,0,1,1,1,8.37632,0,0,1,0,1,0,1,1,1,8.37632,0,0,
/adult-learner/course-types/part-time-diplomas-certificates,1.20218E+17,1,0,1,0,1,1,1,9.380549,0,0,1,0,1,0,1,1,1,9.380549,0,0,
/adult-learner/course-types/part-time-diplomas-certificates,"2024S2-sbm-acet""",1,0,0,0,1,1,1,0,1,1,1,0,0,0,1,1,1,0,1,1,
/adult-learner/course-types/part-time-diplomas-certificates,cil3-roadshow,1,0,1,1,1,1,1,216.256392,0,0,1,0,1,1,1,1,1,216.256392,0,0,
/adult-learner/course-types/post-diploma-programmes,2024s2-sbm-shortcourses,1,0,1,1,1,1,1,1.366453,0,0,1,0,1,1,1,1,1,1.366453,0,0,
/adult-learner/course-types/post-diploma-programmes,cet-q1-2025#digital-marketing,1,0,1,1,1,1,1,10.904116,0,0,1,0,1,1,1,1,1,10.904116,0,0,
/adult-learner/course-types/post-diploma-programmes,cet-q1-2025#sustainability,1,0,1,0,2,1,2,22.485204,0,0,1,0,1,0,2,1,2,22.485204,0,0,
/adult-learner/course-types/post-diploma-programmes/applied-science,1.20218E+17,1,0,1,0,1,1,1,68.267112,0,0,1,0,1,0,1,1,1,68.267112,0,0,
/adult-learner/course-types/post-diploma-programmes/applied-science,1.20218E+17,1,0,1,0,2,1,2,42.942626,1,0,1,0,1,0,2,1,2,42.942626,1,0,
/adult-learner/course-types/post-diploma-programmes/applied-science,1.20218E+17,1,0,1,0,1,1,1,11.708084,0,0,1,0,1,0,1,1,1,11.708084,0,0,
/adult-learner/course-types/post-diploma-programmes/applied-science,1.20218E+17,1,0,1,0,1,1,1,11.417393,0,0,1,0,1,0,1,1,1,11.417393,0,0,
/adult-learner/course-types/post-diploma-programmes/applied-science,1.20218E+17,1,0,1,0,1,1,1,8.350833,0,0,1,0,1,0,1,1,1,8.350833,0,0,
/adult-learner/course-types/post-diploma-programmes/applied-science,cet-q1-2025#personal-development,1,0,1,1,1,1,1,15.051589,0,0,1,0,1,1,1,1,1,15.051589,0,0,
/adult-learner/course-types/post-diploma-programmes/applied-science,cet-q1-2025#sustainability,1,0,1,0,1,1,1,11.457742,0,0,1,0,1,0,1,1,1,11.457742,0,0,
/adult-learner/course-types/post-diploma-programmes/business-management,1.20215E+17,1,0,1,1,2,2,1,13.58282,0.5,2,1,0,1,1,2,2,1,13.58282,0.5,2,
/adult-learner/course-types/post-diploma-programmes/business-management,1.20218E+17,1,0,1,0,1,1,1,20.739754,0,0,1,0,1,0,1,1,1,20.739754,0,0,
/adult-learner/course-types/post-diploma-programmes/business-management,1.20218E+17,1,0,1,0,2,1,2,20.105358,0,0,1,0,1,0,2,1,2,20.105358,0,0,
/adult-learner/course-types/post-diploma-programmes/business-management,1.20218E+17,1,0,1,0,1,1,1,14.111051,0,0,1,0,1,0,1,1,1,14.111051,0,0,
/adult-learner/course-types/post-diploma-programmes/business-management,1.20218E+17,1,0,1,0,2,1,2,37.627326,0,0,1,0,1,0,2,1,2,37.627326,0,0,
/adult-learner/course-types/post-diploma-programmes/business-management,cet-q1-2025#digital-marketing,1,0,1,1,3,1,3,175.947002,0,0,1,0,1,1,3,1,3,175.947002,0,0,
/adult-learner/course-types/post-diploma-programmes/business-management,cet-q1-2025#sustainability,1,0,1,0,1,1,1,27.016922,0,0,1,0,1,0,1,1,1,27.016922,0,0,
/adult-learner/course-types/post-diploma-programmes/business-management,n-levels-mer-pfp2024,1,0,1,1,1,1,1,16.500743,0,0,1,0,1,1,1,1,1,16.500743,0,0,
/adult-learner/course-types/post-diploma-programmes/design-media,1.20218E+17,1,0,1,0,1,1,1,20.973817,0,0,1,0,1,0,1,1,1,20.973817,0,0,
/adult-learner/course-types/post-diploma-programmes/design-media,cet-q1-2025#personal-development,1,0,1,1,3,2,1.5,23.5887845,0,0,1,0,1,1,3,2,1.5,23.5887845,0,0,
/adult-learner/course-types/post-diploma-programmes/design-media,cet-q1-2025#sustainability,1,0,1,0,1,1,1,28.250477,0,0,1,0,1,0,1,1,1,28.250477,0,0,
/adult-learner/course-types/post-diploma-programmes/engineering,1.20218E+17,1,0,1,0,1,1,1,107.941984,0,0,1,0,1,0,1,1,1,107.941984,0,0,
/adult-learner/course-types/post-diploma-programmes/engineering,cet-q1-2025#personal-development,1,0,1,1,1,1,1,21.644806,0,0,1,0,1,1,1,1,1,21.644806,0,0,
/adult-learner/course-types/post-diploma-programmes/health-social-sciences,1.20218E+17,1,0,1,0,1,1,1,13.786523,0,0,1,0,1,0,1,1,1,13.786523,0,0,
/adult-learner/course-types/post-diploma-programmes/health-social-sciences,1.20218E+17,1,0,1,0,1,1,1,5.427601,0,0,1,0,1,0,1,1,1,5.427601,0,0,
/adult-learner/course-types/post-diploma-programmes/health-social-sciences,cet-q1-2025#personal-development,1,0,1,1,1,1,1,14.792016,0,1,1,0,1,1,1,1,1,14.792016,0,1,
/adult-learner/course-types/post-diploma-programmes/health-social-sciences,cet-q1-2025#sustainability,1,0,1,0,1,1,1,7.89248,0,0,1,0,1,0,1,1,1,7.89248,0,0,
/adult-learner/course-types/post-diploma-programmes/information-technology,1.20218E+17,1,0,1,0,1,1,1,73.552963,0,1,1,0,1,0,1,1,1,73.552963,0,1,
/adult-learner/course-types/post-diploma-programmes/information-technology,2024S2-sbm-acet,1,0,1,0,1,1,1,7.030507,0,0,1,0,1,0,1,1,1,7.030507,0,0,
/adult-learner/course-types/post-diploma-programmes/information-technology,2024s2-sbm-shortcourses,1,0,1,1,1,1,1,164.976299,0,1,1,0,1,1,1,1,1,164.976299,0,1,
/adult-learner/course-types/post-diploma-programmes/information-technology,cet-q1-2025#sustainability,1,0,1,0,1,1,1,24.145235,0,1,1,0,1,0,1,1,1,24.145235,0,1,
/adult-learner/course-types/recommended/Marketing,(not set),1,1,1,0,1,1,1,111.09138,0,1,1,1,1,0,1,1,1,111.09138,0,1,
/adult-learner/course-types/recommended/Marketing,(referral),1,1,1,1,3,2,1.5,788.622364,0,2,1,1,1,1,3,2,1.5,788.622364,0,2,
/adult-learner/course-types/recommended/Marketing,2024S2-sbm-acet,1,0,0,0,2,2,1,0,1,2,1,0,0,0,2,2,1,0,1,2,
/adult-learner/course-types/recommended/applied-science,(not set),1,0,1,1,2,2,1,352.2397395,0,0,1,0,1,1,2,2,1,352.2397395,0,0,
/adult-learner/course-types/recommended/applied-science,2024s2-sbm-shortcourses,1,0,1,1,4,4,1,50.19654275,0.5,2,1,0,1,1,4,4,1,50.19654275,0.5,2,
/adult-learner/course-types/recommended/applied-science,2025S1-sbm-acet,1,0,0,0,1,1,1,0,1,1,1,0,0,0,1,1,1,0,1,1,
/adult-learner/course-types/recommended/artificial-intelligence,2024S2-sbm-acet,1,0,1,1,1,1,1,174.277227,0,0,1,0,1,1,1,1,1,174.277227,0,0,
/adult-learner/course-types/recommended/business,1.2021E+17,1,0,1,1,1,1,1,10.925889,0,1,1,0,1,1,1,1,1,10.925889,0,1,
/adult-learner/course-types/recommended/business,1.20215E+17,1,0,1,0,1,1,1,1812.992767,0,1,1,0,1,0,1,1,1,1812.992767,0,1,
/adult-learner/course-types/recommended/care-economy,cet-q1-2025,1,0,1,1,1,1,1,3.992084,1,1,1,0,1,1,1,1,1,3.992084,1,1,
/adult-learner/course-types/recommended/design-media,2024s2-sbm-shortcourses,1,0,1,1,15,12,1.25,261.956932,0.333333333,6,1,0,1,1,15,12,1.25,261.956932,0.333333333,6,
/adult-learner/course-types/recommended/design-media,oh2025,1,0,1,1,1,1,1,1040.865216,0,1,1,0,1,1,1,1,1,1040.865216,0,1,
/adult-learner/course-types/recommended/digital-economy,2025S1-sbm-acet,1,0,1,0,1,1,1,2.074233,0,1,1,0,1,0,1,1,1,2.074233,0,1,
/adult-learner/course-types/recommended/digital-economy,OH25,1,0,1,0,1,1,1,8.938607,0,0,1,0,1,0,1,1,1,8.938607,0,0,
/adult-learner/course-types/recommended/green-economy,1.20218E+17,1,0,1,0,1,1,1,36.216544,0,0,1,0,1,0,1,1,1,36.216544,0,0,
/adult-learner/course-types/short-courses,1.20218E+17,1,0,1,0,1,1,1,5.266683,0,1,1,0,1,0,1,1,1,5.266683,0,1,
/adult-learner/course-types/short-courses,1.20218E+17,1,0,1,0,1,1,1,92.402621,0,0,1,0,1,0,1,1,1,92.402621,0,0,
/adult-learner/course-types/short-courses,1.20218E+17,1,0,1,0,1,1,1,53.178349,0,1,1,0,1,0,1,1,1,53.178349,0,1,
/adult-learner/course-types/short-courses,cet-q1-2025#cybersecurity,1,0,1,0,1,1,1,35.442754,0,0,1,0,1,0,1,1,1,35.442754,0,0,
/adult-learner/course-types/short-courses,cil3-roadshow,1,0,1,1,2,1,2,615.649408,0,0,1,0,1,1,2,1,2,615.649408,0,0,
/adult-learner/course-types/short-courses/culinary,oh2025,1,0,1,0,1,1,1,150.179396,0,1,1,0,1,0,1,1,1,150.179396,0,1,
/adult-learner/course-types/short-courses/retail,(referral),1,1,1,0,1,1,1,11.733491,0,1,1,1,1,0,1,1,1,11.733491,0,1,
/adult-learner/course-types/short-courses/retail,oh2025,1,0,1,1,1,1,1,381.765337,0,1,1,0,1,1,1,1,1,381.765337,0,1,
/adult-learner/course-types/short-courses/singapore-customs-courses-businesses,2024S2-sbm-acet,1,0,1,1,1,1,1,22.84827,0,0,1,0,1,1,1,1,1,22.84827,0,0,
/adult-learner/course-types/short-courses/singapore-customs-courses-businesses,cet-q1-2025,1,0,1,1,1,1,1,33.85643,0,0,1,0,1,1,1,1,1,33.85643,0,0,
/adult-learner/course-types/work-study-certificates,1.20218E+17,1,0,1,0,1,1,1,45.764253,0,0,1,0,1,0,1,1,1,45.764253,0,0,
/adult-learner/course-types/work-study-certificates,1.20218E+17,1,0,1,0,1,1,1,23.015721,0,0,1,0,1,0,1,1,1,23.015721,0,0,
/adult-learner/course-types/work-study-certificates,cet-q1-2025#engineering,1,0,1,0,1,1,1,5.839094,0,1,1,0,1,0,1,1,1,5.839094,0,1,
/adult-learner/course-types/work-study-certificates,cet-wsp-events,1,1,1,0,2,1,2,40.891041,0,1,1,1,1,0,2,1,2,40.891041,0,1,
/adult-learner/course-types/work-study-post-diplomas,1.20218E+17,1,0,1,0,1,1,1,49.390408,0,1,1,0,1,0,1,1,1,49.390408,0,1,
/adult-learner/course-types/work-study-post-diplomas,1.20218E+17,1,0,1,0,1,1,1,8.111496,0,0,1,0,1,0,1,1,1,8.111496,0,0,
/adult-learner/course-types/work-study-post-diplomas,1.20218E+17,1,0,1,1,1,1,1,131.392725,0,0,1,0,1,1,1,1,1,131.392725,0,0,
/adult-learner/course-types/work-study-post-diplomas,cet-q1-2025#personal-development,1,0,1,0,1,1,1,19.055403,0,0,1,0,1,0,1,1,1,19.055403,0,0,
/adult-learner/find-a-course,(cross-network),1,1,1,0,1,1,1,0,1,1,1,1,1,0,1,1,1,0,1,1,
/adult-learner/find-a-course,1.20215E+17,1,0,1,1,1,1,1,89.453507,0,1,1,0,1,1,1,1,1,89.453507,0,1,
/adult-learner/find-a-course,1.20215E+17,1,0,1,1,1,1,1,2.019285,0,0,1,0,1,1,1,1,1,2.019285,0,0,
/adult-learner/find-a-course,1.20215E+17,1,0,1,1,1,1,1,15.997646,0,0,1,0,1,1,1,1,1,15.997646,0,0,
/adult-learner/find-a-course,1.20215E+17,1,0,1,1,1,2,0.5,83.2657285,0,1,1,0,1,1,1,2,0.5,83.2657285,0,1,
/adult-learner/find-a-course,1.20215E+17,1,0,1,1,1,1,1,317.71714,0,0,1,0,1,1,1,1,1,317.71714,0,0,
/adult-learner/find-a-course,customised-ai-solutions,1,0,1,0,1,1,1,8.929458,0,0,1,0,1,0,1,1,1,8.929458,0,0,
/adult-learner/find-a-course,eae-fest-2024,1,0,1,1,7,1,7,74.446096,0,1,1,0,1,1,7,1,7,74.446096,0,1,
/adult-learner/find-a-course,n-levels-mer-pfp2024,1,0,1,1,1,1,1,34.220439,0,1,1,0,1,1,1,1,1,34.220439,0,1,
/adult-learner/find-a-course,skillsfuturefestival2024,1,0,0,0,1,1,1,0,1,1,1,0,0,0,1,1,1,0,1,1,
/adult-learner/find-a-course,strap-2024,1,0,1,0,3,1,3,456.292895,0,1,1,0,1,0,3,1,3,456.292895,0,1,
/adult-learner/funding/financial-matters-assistance,2024S2-sbm-acet,1,0,1,0,1,1,1,18.065041,0,0,1,0,1,0,1,1,1,18.065041,0,0,
/adult-learner/funding/financial-matters-assistance,2024s2-sbm-shortcourses,1,0,1,1,1,1,1,27.184142,0,0,1,0,1,1,1,1,1,27.184142,0,0,
/adult-learner/funding/financial-matters-assistance,OH25,1,0,1,1,2,2,1,31.690016,0,1,1,0,1,1,2,2,1,31.690016,0,1,
/adult-learner/funding/incentives,1.20218E+17,1,0,1,0,1,1,1,416.766167,0,0,1,0,1,0,1,1,1,416.766167,0,0,
/adult-learner/funding/incentives,1.20218E+17,1,0,1,1,1,1,1,56.326411,0,1,1,0,1,1,1,1,1,56.326411,0,1,
/adult-learner/funding/incentives,1.20218E+17,1,0,1,0,1,1,1,20.861344,0,1,1,0,1,0,1,1,1,20.861344,0,1,
/adult-learner/funding/incentives,1.20218E+17,1,0,1,0,1,1,1,35.819163,0,1,1,0,1,0,1,1,1,35.819163,0,1,
/adult-learner/funding/incentives,OH25,1,0,1,1,2,2,1,11.7332135,0,0,1,0,1,1,2,2,1,11.7332135,0,0,
/adult-learner/funding/incentives,cet-q1-2025#digital-marketing,1,0,1,0,1,1,1,129.820454,0,0,1,0,1,0,1,1,1,129.820454,0,0,
/adult-learner/skillsfuture-credit,1.20215E+17,1,0,1,1,1,1,1,66.476655,0,0,1,0,1,1,1,1,1,66.476655,0,0,
/adult-learner/skillsfuture-credit,1.20215E+17,1,0,1,1,5,1,5,530.903404,0,1,1,0,1,1,5,1,5,530.903404,0,1,
/adult-learner/skillsfuture-credit,1.20215E+17,1,0,1,1,1,1,1,18.042261,0,0,1,0,1,1,1,1,1,18.042261,0,0,
/adult-learner/skillsfuture-credit,1.20215E+17,1,0,1,1,4,3,1.333333333,26.134601,0.333333333,3,1,0,1,1,4,3,1.333333333,26.134601,0.333333333,3,
/adult-learner/skillsfuture-credit,1.20217E+17,1,0,1,1,1,1,1,55.62147,0,1,1,0,1,1,1,1,1,55.62147,0,1,
/adult-learner/skillsfuture-credit,1.20217E+17,1,0,0,0,1,1,1,0,1,1,1,0,0,0,1,1,1,0,1,1,
/adult-learner/skillsfuture-credit,"2024S2-sbm-acet""",1,0,0,0,1,1,1,0,1,1,1,0,0,0,1,1,1,0,1,1,
/adult-learner/skillsfuture-credit,customised-ai-solutions,1,0,1,0,1,1,1,35.582302,0,0,1,0,1,0,1,1,1,35.582302,0,0,
/adult-learner/skillsfuture-credit,sustainability-masterplan,1,0,0,0,1,1,1,0,1,1,1,0,0,0,1,1,1,0,1,1,
/adult-learner/skillsfuture-credit|https://www.nyp.edu.sg/adult-learner/skillsfuture-credit,cet-q1-2025,1,1,1,0,1,1,1,31.458552,0,1,1,1,1,0,1,1,1,31.458552,0,1,
/adult-learner/skillsfuture-credit|https://www.nyp.edu.sg/adult-learner/skillsfuture-credit|https://www.nyp.edu.sg/adult-learner/skillsfuture-credit|https://www.nyp.edu.sg/adult-learner/skillsfuture-credit,cet-q,1,1,1,0,1,1,1,29.200628,0,1,1,1,1,0,1,1,1,29.200628,0,1,
/adult-learner/skillsfuture-credit|https:/www.nyp.edu.sg/adult-learner/skillsfuture-credit|https:/www.nyp.edu.sg/adult-learner/skillsfuture-credit|https:/www.nyp.edu.sg/adult-learner/skillsfuture-credit|https:/www.nyp.edu.sg/|https:/www.nyp.edu.sg/|https:/www.nyp.edu.sg,(referral),1,1,1,0,1,1,1,30.758832,0,1,1,1,1,0,1,1,1,30.758832,0,1,
/adult-learner/skillsfuture-credit|https:/www.nyp.edu.sg/adult-learner/skillsfuture-credit|https:/www.nyp.edu.sg/adult-learner/skillsfuture-credit|https:/www.nyp.edu.sg/|https:/www.nyp.edu.sg/|https:/www.nyp.edu.sg/|https:/www.nyp.edu.sg,(referral),1,1,1,0,1,1,1,26.945465,0,1,1,1,1,0,1,1,1,26.945465,0,1,
/adult-learner/skillsfuture-credit|https:/www.nyp.edu.sg/adult-learner/skillsfuture-credit|https:/www.nyp.edu.sg/|https:/www.nyp.edu.sg/|https:/www.nyp.edu.sg/|https:/www.nyp.edu.sg/|https:/www.nyp.edu.sg,(referral),1,1,1,0,1,1,1,30.887727,0,1,1,1,1,0,1,1,1,30.887727,0,1,
/adult-learner/skillsfuture-credit|https:/www.nyp.edu.sg/|https:/www.nyp.edu.sg/|https:/www.nyp.edu.sg/|https:/www.nyp.edu.sg/|https:/www.nyp.edu.sg/|https:/www.nyp.edu.sg,(referral),1,1,1,0,1,1,1,36.282271,0,1,1,1,1,0,1,1,1,36.282271,0,1,
/adult-learner/skillsfuture-level-up,(cross-network),1,1,1,0,1,1,1,0,1,1,1,1,1,0,1,1,1,0,1,1,
/adult-learner/skillsfuture-level-up,1.20217E+17,1,0,0,0,1,1,1,47.615087,0,1,1,0,0,0,1,1,1,47.615087,0,1,
/adult-learner/skillsfuture-level-up,1.20218E+17,1,0,1,0,1,1,1,32.95636,0,0,1,0,1,0,1,1,1,32.95636,0,0,
/adult-learner/skillsfuture-level-up,cil3-roadshow,1,0,1,1,4,3,1.333333333,43.52083,0,1,1,0,1,1,4,3,1.333333333,43.52083,0,1,
/content/dam/nypcorp/sg/en/adult-learner/funding-matters/financial-matters/Update_RefundPolicy_17Jul2023.pdf,(referral),1,1,1,0,0,1,0,10.171748,0,0,1,1,1,0,0,1,0,10.171748,0,0,
